secuencia_rival_id,tipologia,cluster_trayectoria,period,match_time,point_order,ball_x_m,ball_y_m,tipo_finalizacion_tiro
1,T3,3.0,0,47530,0,7.7214,48.9536,0
1,T3,3.0,0,48010,1,7.7316,47.4688,0
1,T3,3.0,0,48530,2,7.7418,45.856,0
1,T3,3.0,0,48770,3,7.752,45.1136,0
1,T3,3.0,0,49250,4,7.752,43.6224,0
1,T3,3.0,0,49770,5,7.7724,42.016,0
1,T3,3.0,0,50250,6,7.7724,40.5248,0
1,T3,3.0,0,50530,7,7.505831036709326,40.282848407871526,0
1,T3,3.0,0,51010,8,7.754381274832234,38.504471695536246,0
1,T3,3.0,0,51530,9,7.814377080000001,36.748499200000005,0
1,T3,3.0,0,52010,10,8.253065004000002,33.21125696000001,0
1,T3,3.0,0,52530,11,8.49446412,29.872108800000003,0
1,T3,3.0,0,52770,12,9.853200000000001,27.1104,0
1,T3,3.0,0,53250,13,10.597800000000001,23.5776,0
1,T3,3.0,0,53770,14,11.403599999999999,19.7568,0
1,T3,3.0,0,54250,15,12.1482,16.2304,0
1,T3,3.0,0,54770,16,12.954,12.4096,0
1,T3,3.0,0,55010,17,13.3212,10.6496,0
1,T3,3.0,0,55530,18,14.127,6.8224,0
1,T3,3.0,0,56010,19,20.8692,8.1216,0
1,T3,3.0,0,56530,20,31.416,12.1344,0
1,T3,3.0,0,56770,21,36.281400000000005,13.984,0
1,T3,3.0,0,57250,22,46.0224,17.6896,0
1,T3,3.0,0,57770,23,51.387600000000006,22.1376,0
2,T3,3.0,0,125250,0,1.9659010799999999,27.828693759999997,0
2,T3,3.0,0,125770,1,7.4052,35.3024,0
2,T3,3.0,0,126010,2,9.455400000000001,38.1184,0
2,T3,3.0,0,126530,3,14.327265202994617,46.67426977527526,0
2,T3,3.0,0,126770,4,16.362602668094908,48.748405476470225,0
2,T3,3.0,0,127250,5,20.3368416,53.082444800000005,0
2,T3,3.0,0,127770,6,23.07026208,53.74573824000001,0
2,T3,3.0,0,128010,7,24.332679360000004,54.075182080000005,0
2,T3,3.0,0,128530,8,27.8154,54.2976,0
2,T3,3.0,0,128770,9,29.2638,54.5216,0
2,T3,3.0,0,129250,10,32.1402,54.9696,0
2,T3,3.0,0,129770,11,35.2614,55.4624,0
2,T3,3.0,0,130010,12,36.7098,55.6864,0
2,T3,3.0,0,130530,13,39.831,56.1728,0
2,T3,3.0,0,131010,14,42.7176,56.6272,0
2,T3,3.0,0,131250,15,44.1558,56.8512,0
2,T3,3.0,0,131770,16,48.7866,58.6048,0
2,T3,3.0,0,132010,17,50.979600000000005,59.4624,0
2,T3,3.0,0,132530,18,54.2946,60.8,0
2,T3,3.0,0,133010,19,56.7426,59.7952,0
2,T3,3.0,0,133250,20,58.0788,59.2448,0
2,T3,3.0,0,133770,21,60.955200000000005,58.048,0
2,T3,3.0,0,134010,22,62.2914,57.4912,0
2,T3,3.0,0,134530,23,65.178,56.2944,0
3,T3,3.0,0,275250,0,25.878986903639504,58.827028885596015,0
3,T3,3.0,0,275530,1,23.471701445375405,57.83547020381903,0
3,T3,3.0,0,275770,2,21.55177314326734,57.95913877415863,0
3,T3,3.0,0,276010,3,21.27005012513507,58.48455894665244,0
3,T3,3.0,0,276250,4,21.385530528,58.11189650560001,0
3,T3,3.0,0,276530,5,21.582999263999998,58.0067403328,0
3,T3,3.0,0,276770,6,22.821399216000007,57.62252409920001,0
3,T3,3.0,0,277010,7,24.732773136000006,56.783691875200006,0
3,T3,3.0,0,277250,8,27.719570592,55.5355745344,0
3,T3,3.0,0,277530,9,30.220013280000003,55.01729609600001,0
3,T3,3.0,0,277770,10,34.1904,54.8992,0
3,T3,3.0,0,278010,11,36.7914,54.2656,0
3,T3,3.0,0,278250,12,39.4026,53.6256,0
3,T3,3.0,0,278530,13,42.4422,52.8832,0
3,T3,3.0,0,278770,14,45.0432,52.2496,0
3,T3,3.0,0,279010,15,47.6544,51.6096,0
3,T3,3.0,0,279250,16,50.2554,50.976,0
3,T3,3.0,0,279530,17,49.4904,51.1552,0
3,T3,3.0,0,279770,18,47.532000000000004,51.6288,0
4,T3,3.0,0,299010,0,4.889524835647975,37.45776275213224,0
4,T3,3.0,0,299530,1,6.55380498,42.4320448,0
4,T3,3.0,0,299770,2,6.619084979999999,42.699564800000005,0
4,T3,3.0,0,300250,3,7.298894273999999,43.146170240000004,0
4,T3,3.0,0,300770,4,7.97110722,43.6897472,0
4,T3,3.0,0,301010,5,9.0168,44.1792,0
4,T3,3.0,0,301530,6,10.047,44.8064,0
4,T3,3.0,0,302010,7,10.995600000000001,45.3824,0
4,T3,3.0,0,302250,8,11.475,45.6704,0
4,T3,3.0,0,302770,9,12.5154,46.2976,0
4,T3,3.0,0,303250,10,12.830483850376169,46.92602433719445,0
4,T3,3.0,0,303530,11,13.684230283964684,47.26028117078764,0
4,T3,3.0,0,304010,12,14.9751606,47.7868992,0
4,T3,3.0,0,304250,13,16.043399460000003,44.35742272,0
4,T3,3.0,0,304770,14,18.322502760000003,36.79880832,0
4,T3,3.0,0,305250,15,21.0834,25.5232,0
4,T3,3.0,0,305530,16,22.4604,20.4992,0
4,T3,3.0,0,306010,17,24.826800000000002,11.8784,0
4,T3,3.0,0,306530,18,27.1116,3.3728,0
4,T3,3.0,0,306770,19,26.601599999999998,4.0192,0
4,T3,3.0,0,307250,20,25.591800000000003,5.3184,0
4,T3,3.0,0,307770,21,24.5004,6.7264,0
4,T3,3.0,0,308010,22,23.990399999999998,7.3728,0
4,T3,3.0,0,308530,23,24.0516,7.744,0
5,T1,1.0,0,446530,0,61.86581779692185,60.0110178320657,0
5,T1,1.0,0,447250,1,62.790010356670614,57.28109670653279,0
5,T1,1.0,0,447770,2,61.43237568600001,57.378494912,0
5,T1,1.0,0,448530,3,60.727859697000014,56.561008544,0
5,T1,1.0,0,449250,4,56.650800000000004,56.832,0
5,T1,1.0,0,449770,5,54.6006,56.7616,0
5,T1,1.0,0,450530,6,51.5916,56.6656,0
5,T1,1.0,0,451250,7,48.092999999999996,55.2704,0
5,T1,1.0,0,451770,8,43.8906,50.9696,0
5,T1,1.0,0,452530,9,37.7604,44.6784,0
5,T1,1.0,0,453250,10,31.946399999999997,38.72,0
5,T1,1.0,0,453770,11,25.458899318233748,32.799724807359866,0
5,T1,1.0,0,454530,12,21.3194892,27.833900799999995,0
5,T1,1.0,0,455010,13,20.74139196,27.50803904,0
5,T1,1.0,0,455770,14,19.208612606186673,27.410206845281675,0
5,T1,1.0,0,456530,15,19.3487268,27.025145599999995,0
5,T1,1.0,0,457010,16,23.623805880000003,24.49983296,0
5,T1,1.0,0,457770,17,32.7494052,19.3998784,0
5,T1,1.0,0,458530,18,47.991,12.0192,0
5,T1,1.0,0,459010,19,54.253800000000005,7.072,0
5,T1,1.0,0,459770,20,66.06540000000001,1.3888,0
5,T1,1.0,0,477250,21,69.79860000000001,0.0,0
5,T1,1.0,0,477770,22,69.79860000000001,0.0,0
5,T1,1.0,0,478530,23,69.79860000000001,0.0,0
6,T2,2.0,0,497250,0,39.1374,23.7824,0
6,T2,2.0,0,497530,1,39.2598,25.6448,0
6,T2,2.0,0,497770,2,39.3618,27.2384,0
6,T2,2.0,0,498250,3,39.29140296266182,30.146490921441128,0
6,T2,2.0,0,498530,4,38.87990592979039,29.642046875976725,0
6,T2,2.0,0,498770,5,38.1242952,28.205862399999997,0
6,T2,2.0,0,499010,6,38.0916552,28.0151424,0
6,T2,2.0,0,499250,7,39.04235232,29.69293184,0
6,T2,2.0,0,499530,8,40.38780576,32.08618112,0
6,T2,2.0,0,500010,9,42.726412800000006,36.4868736,0
6,T2,2.0,0,500250,10,44.9412,40.8576,0
6,T2,2.0,0,500530,11,46.5426,43.8592,0
6,T2,2.0,0,500770,12,47.9094,46.432,0
6,T2,2.0,0,501010,13,49.2864,49.0048,0
6,T2,2.0,0,501250,14,50.6532,51.5776,0
6,T2,2.0,0,501770,15,52.7544,52.8576,0
6,T2,2.0,0,502010,16,53.6418,53.088,0
6,T2,2.0,0,502250,17,54.53939999999999,53.3184,0
6,T2,2.0,0,502530,18,55.579800000000006,53.5872,0
6,T2,2.0,0,502770,19,56.477399999999996,53.8176,0
6,T2,2.0,0,503010,20,57.700431629321514,54.38083284646802,0
6,T2,2.0,0,503530,21,59.42291338023102,54.823436488136025,0
6,T2,2.0,0,503770,22,60.2015934,55.2915072,0
6,T2,2.0,0,504010,23,61.08899340000001,55.0092672,0
7,T3,3.0,0,658770,0,24.74779896,20.47887104,0
7,T3,3.0,0,659250,1,25.836600000000004,26.2848,0
7,T3,3.0,0,659530,2,26.54160390851811,33.424979342877954,0
7,T3,3.0,0,660010,3,27.840621177698814,37.68728822463918,0
7,T3,3.0,0,660250,4,28.77870982219409,42.43070829433673,0
7,T3,3.0,0,660770,5,28.311879255974294,43.5799534172738,0
7,T3,3.0,0,661010,6,27.433194576,44.66400614399999,0
7,T3,3.0,0,661530,7,26.617023216000003,42.563233344000004,0
7,T3,3.0,0,662010,8,26.073701856000003,36.168088704,0
7,T3,3.0,0,662250,9,26.02810704,33.05446336,0
7,T3,3.0,0,662770,10,26.142599999999998,22.5088,0
7,T3,3.0,0,663010,11,26.4282,19.9808,0
7,T3,3.0,0,663530,12,29.212006882028753,19.897272165429197,0
7,T3,3.0,0,663770,13,30.215382490047162,19.91102217776436,0
7,T3,3.0,0,664250,14,32.3460768,19.8857856,0
7,T3,3.0,0,664530,15,34.76205288,20.71124096,0
7,T3,3.0,0,665010,16,40.29516528,22.67986176,0
7,T3,3.0,0,665530,17,49.388400000000004,26.3424,0
7,T3,3.0,0,665770,18,52.795199999999994,27.6288,0
7,T3,3.0,0,666250,19,59.598600000000005,30.2144,0
7,T3,3.0,0,666530,20,63.566399999999994,31.7184,0
7,T3,3.0,0,667010,21,70.3698,34.304,0
7,T3,3.0,0,667250,22,73.76639999999999,35.5904,0
7,T3,3.0,0,667770,23,80.835,35.9552,0
8,T3,3.0,0,691010,0,47.8992,62.272,0
8,T3,3.0,0,691530,1,45.787800000000004,60.6528,0
8,T3,3.0,0,692010,2,43.839600000000004,59.1552,0
8,T3,3.0,0,692530,3,41.7282,57.5296,0
8,T3,3.0,0,693010,4,39.78,56.032,0
8,T3,3.0,0,693530,5,36.776650120653635,54.11487814177593,0
8,T3,3.0,0,694010,6,35.639616,53.0800448,0
8,T3,3.0,0,694530,7,36.20591357329894,52.130479109157406,0
8,T3,3.0,0,695010,8,37.37229816000001,51.503568768,0
8,T3,3.0,0,695530,9,34.61313492000001,48.679574720000005,0
8,T3,3.0,0,696010,10,29.337413161567277,42.67333754869358,0
8,T3,3.0,0,696530,11,25.766301600000002,36.845817600000004,0
8,T3,3.0,0,696770,12,25.4898816,35.953017599999995,0
8,T3,3.0,0,697250,13,26.296899740445326,35.148315149216785,0
8,T3,3.0,0,697770,14,27.041058547423642,34.06499676739416,0
8,T3,3.0,0,698250,15,27.896755199999994,33.0519168,0
8,T3,3.0,0,698770,16,28.81192776,26.050563840000002,0
8,T3,3.0,0,699250,17,30.43673338526453,13.851309512469104,0
8,T3,3.0,0,699770,18,31.988893199999996,4.643455999999993,0
8,T3,3.0,0,700250,19,33.95838298610219,3.635346101370205,0
8,T3,3.0,0,700770,20,37.134788711999995,2.9482329599999932,0
8,T3,3.0,0,701250,21,42.13985874,2.9505465599999994,0
8,T3,3.0,0,701770,22,48.66646644000001,4.2740953600000005,0
8,T3,3.0,0,702250,23,58.343999999999994,6.8224,0
9,T2,2.0,0,800770,0,29.3334048,42.6540352,0
9,T2,2.0,0,801250,1,29.49606624,44.13210176,0
9,T2,2.0,0,801770,2,29.431813799240324,45.52371211019175,0
9,T2,2.0,0,802530,3,31.178809199999996,48.0003072,0
9,T2,2.0,0,803010,4,33.233625720000006,48.941483520000006,0
9,T2,2.0,0,803530,5,36.339046319999994,48.99021312000001,0
9,T2,2.0,0,804010,6,41.5446,48.4352,0
9,T2,2.0,0,804530,7,44.8596,48.5248,0
9,T2,2.0,0,805010,8,43.9926,49.9776,0
9,T2,2.0,0,805770,9,43.4112,52.0128,0
9,T2,2.0,0,806250,10,47.276741405824545,51.941556779525406,0
9,T2,2.0,0,806770,11,51.511510512945215,51.65330452634323,0
9,T2,2.0,0,807250,12,55.2864786,51.5463488,0
9,T2,2.0,0,807770,13,58.270953698739405,57.006102154476466,0
9,T2,2.0,0,808250,14,59.8196147991622,58.41007981126657,0
9,T2,2.0,0,809010,15,63.998923860000005,60.66985657600001,0
9,T2,2.0,0,809530,16,67.78160916,59.837949056,0
9,T2,2.0,0,810010,17,70.7676,58.7328,0
9,T2,2.0,0,810530,18,75.36885441486865,58.325762256636835,0
9,T2,2.0,0,811010,19,77.81039657031508,57.257975840193,0
9,T2,2.0,0,811530,20,80.98367580532197,53.55164976402947,0
9,T2,2.0,0,812250,21,83.45832535199999,46.687236991999995,0
9,T2,2.0,0,812770,22,86.21671176,45.68516288,0
9,T2,2.0,0,813250,23,89.15608656,45.39334528,0
10,T0,0.0,0,866530,0,62.91318327276336,5.5590604364009515,0
10,T0,0.0,0,866770,1,63.7090104191336,6.604674856658351,0
10,T0,0.0,0,867010,2,65.94056220000002,9.1648512,0
10,T0,0.0,0,867250,3,62.83702668374268,6.153280079694447,0
10,T0,0.0,0,867530,4,61.33395442195549,5.116447391937157,0
10,T0,0.0,0,867770,5,59.83205672232143,4.054479248509323,0
10,T0,0.0,0,868010,6,56.992683950795154,1.850925926096562,0
10,T0,0.0,0,868250,7,56.43921018,1.6716684800000001,0
10,T0,0.0,0,868530,8,58.247427246857704,3.379667854791676,0
10,T0,0.0,0,868770,9,59.678596617030486,4.726265618062506,0
10,T0,0.0,0,869010,10,61.08232316999907,6.087746314642173,0
10,T0,0.0,0,869250,11,62.39251037899926,7.461000789761314,0
10,T0,0.0,0,869530,12,66.90180000000001,10.9568,0
10,T0,0.0,0,869770,13,68.8296,12.6592,0
10,T0,0.0,0,870010,14,70.74719999999999,14.3616,0
10,T0,0.0,0,870250,15,68.2584,15.52,0
10,T0,0.0,0,870530,16,64.31099999999999,16.7424,0
11,T0,0.0,0,987250,0,62.83893702,55.0246368,0
11,T0,0.0,0,988010,1,62.7991458,53.445792000000004,0
11,T0,0.0,0,988530,2,62.85008032394247,52.4159505092956,0
11,T0,0.0,0,989250,3,61.533897,49.9427072,0
11,T0,0.0,0,990010,4,61.4833101,43.74305536,0
11,T0,0.0,0,990770,5,63.0054,32.3008,0
11,T0,0.0,0,991250,6,63.81120000000001,25.6704,0
11,T0,0.0,0,992010,7,65.0964,15.168,0
11,T0,0.0,0,992770,8,66.1368,12.9344,0
11,T0,0.0,0,993530,9,66.71953342299862,12.430208503927044,0
11,T0,0.0,0,994010,10,67.31783253895122,12.816486362655455,0
11,T0,0.0,0,994770,11,74.2747817826298,8.864667339395119,0
11,T0,0.0,0,995530,12,81.340165193691,5.008652232717628,0
11,T0,0.0,0,996250,13,81.14731665599999,6.309402111999994,0
11,T0,0.0,0,996770,14,79.8413056813837,10.632463808871378,0
11,T0,0.0,0,997530,15,77.50329443999999,17.964943360000003,0
11,T0,0.0,0,998250,16,79.89733032000001,15.144535040000001,0
11,T0,0.0,0,999010,17,80.9064,15.392,0
11,T0,0.0,0,999530,18,81.2838,16.0192,0
11,T0,0.0,0,1000250,19,81.3700071301661,17.286973190251175,0
11,T0,0.0,0,1001010,20,83.84857980000001,19.679423999999997,0
11,T0,0.0,0,1001770,21,83.877762,21.88992,0
11,T0,0.0,0,1002250,22,80.84519999999999,23.648,0
11,T0,0.0,0,1003010,23,77.214,23.4688,0
12,T2,2.0,0,1133770,0,29.1249984,43.73007103999999,0
12,T2,2.0,0,1134010,1,31.5078,45.5232,0
12,T2,2.0,0,1134530,2,39.53798442576844,51.34243150047674,0
12,T2,2.0,0,1134770,3,41.2003844320649,52.616719455788335,0
12,T2,2.0,0,1135010,4,42.84282572805749,53.91036447640865,0
12,T2,2.0,0,1135530,5,45.817553399999994,56.3089344,0
12,T2,2.0,0,1135770,6,45.76346994,56.78007104,0
12,T2,2.0,0,1136010,7,45.73059942,57.155726720000004,0
12,T2,2.0,0,1136530,8,45.6767526,57.96684160000001,0
12,T2,2.0,0,1136770,9,45.4206,58.5024,0
12,T2,2.0,0,1137010,10,47.8074,57.6128,0
12,T2,2.0,0,1137530,11,54.029399999999995,55.1296,0
12,T2,2.0,0,1137770,12,56.895599999999995,53.9776,0
12,T2,2.0,0,1138250,13,64.09680496420854,48.77994200534189,0
12,T2,2.0,0,1138530,14,66.89549977315495,48.15233839480038,0
12,T2,2.0,0,1138770,15,69.35399131436488,47.681985032484015,0
12,T2,2.0,0,1139250,16,74.1450444,47.08931200000001,0
12,T2,2.0,0,1139530,17,76.24857204,47.0409312,0
12,T2,2.0,0,1139770,18,77.89146972000002,46.9942816,0
12,T2,2.0,0,1140250,19,81.2272716,46.847008,0
12,T2,2.0,0,1140530,20,82.6608,45.5488,0
12,T2,2.0,0,1140770,21,84.2112,45.2672,0
12,T2,2.0,0,1141250,22,87.312,44.7104,0
12,T2,2.0,0,1141530,23,89.1276,44.3776,0
13,T1,1.0,0,1229770,0,38.73076272000001,16.969769600000003,0
13,T1,1.0,0,1230010,1,38.18497296,17.3532128,0
13,T1,1.0,0,1230250,2,37.59088089719693,17.810198017043984,0
13,T1,1.0,0,1230530,3,36.868877137652724,18.400591251121817,0
13,T1,1.0,0,1230770,4,36.02630579814737,19.064226352311103,0
13,T1,1.0,0,1231010,5,35.109481200000005,19.8722432,0
13,T1,1.0,0,1231250,6,34.5515412,20.453363200000002,0
13,T1,1.0,0,1231530,7,33.19727292,20.999589120000003,0
13,T1,1.0,0,1231770,8,31.323871560000008,21.66802816,0
13,T1,1.0,0,1232010,9,29.497049519999997,22.270046720000003,0
13,T1,1.0,0,1232250,10,27.706606800000003,22.806924800000004,0
13,T1,1.0,0,1232530,11,23.511000000000003,24.1664,0
13,T1,1.0,0,1232770,12,21.226200000000002,24.928,0
13,T1,1.0,0,1233010,13,18.9516,25.696,0
13,T1,1.0,0,1233250,14,16.677,26.4576,0
13,T1,1.0,0,1233530,15,14.0148,27.3472,0
13,T1,1.0,0,1233770,16,11.7402,28.1088,0
14,T3,3.0,0,1290250,0,40.6635852,40.6343232,0
14,T3,3.0,0,1290530,1,42.915343320000005,38.68184512,0
14,T3,3.0,0,1290770,2,46.04293633098092,35.45897529898329,0
14,T3,3.0,0,1291010,3,47.6772177550294,34.24214525439802,0
14,T3,3.0,0,1291250,4,49.37400784951166,33.07347843186368,0
14,T3,3.0,0,1291530,5,53.112287400000014,29.91344639999999,0
14,T3,3.0,0,1291770,6,54.4719474,29.482726399999994,0
14,T3,3.0,0,1292010,7,56.118275340000004,31.129994240000002,0
14,T3,3.0,0,1292250,8,57.72387162000001,32.80722432,0
14,T3,3.0,0,1292530,9,58.559426040000005,33.818429439999996,0
14,T3,3.0,0,1292770,10,58.0782186,33.6298496,0
15,T2,2.0,0,1296530,0,34.217532,33.4388352,0
15,T2,2.0,0,1297010,1,34.3675536,33.31784576,0
15,T2,2.0,0,1297250,2,34.4786112,33.31342592,0
15,T2,2.0,0,1297770,3,36.975,33.5168,0
15,T2,2.0,0,1298250,4,47.884173555864514,34.762578849045475,0
15,T2,2.0,0,1298530,5,51.500017368129505,35.28156788692674,0
15,T2,2.0,0,1299010,6,52.88084109132759,36.421622362144525,0
15,T2,2.0,0,1299530,7,48.825788706,38.612907328000006,0
15,T2,2.0,0,1300010,8,49.95255102488327,45.41097113204794,0
15,T2,2.0,0,1300250,9,49.670716546856795,47.04257712778005,0
15,T2,2.0,0,1300770,10,49.9941474,51.8202752,0
15,T2,2.0,0,1301250,11,49.14188334,53.129368320000005,0
15,T2,2.0,0,1301530,12,48.82661562,53.142933760000005,0
15,T2,2.0,0,1302010,13,48.099208793453535,52.90124267910762,0
15,T2,2.0,0,1302530,14,47.66332499999999,52.3464256,0
15,T2,2.0,0,1302770,15,47.790825,52.3528256,0
15,T2,2.0,0,1303250,16,51.6739905,54.00926528,0
15,T2,2.0,0,1303770,17,55.659105000000004,55.7669184,0
15,T2,2.0,0,1304250,18,62.82441522728854,58.94112260928114,0
15,T2,2.0,0,1304530,19,64.89628976867562,59.70673870173855,0
15,T2,2.0,0,1305010,20,67.9803684,61.23874496,0
15,T2,2.0,0,1305530,21,73.87688844,60.152975936000004,0
15,T2,2.0,0,1305770,22,76.38315492000001,59.460090048000005,0
15,T2,2.0,0,1306250,23,81.56978760000001,57.99114944,0
16,T3,3.0,0,1377770,0,44.8392,58.8032,0
16,T3,3.0,0,1378010,1,43.5336,59.3216,0
16,T3,3.0,0,1378250,2,42.2382,59.84,0
16,T3,3.0,0,1378530,3,40.7184,60.4416,0
16,T3,3.0,0,1378770,4,39.423,60.96,0
16,T3,3.0,0,1379010,5,37.525800000000004,60.256,0
16,T3,3.0,0,1379250,6,35.5062,59.3024,0
16,T3,3.0,0,1379530,7,33.1602,58.1952,0
16,T3,3.0,0,1379770,8,31.140600000000003,57.248,0
16,T3,3.0,0,1380010,9,29.121,56.2944,0
16,T3,3.0,0,1380250,10,27.1116,55.3472,0
16,T3,3.0,0,1380530,11,24.7554,54.24,0
16,T3,3.0,0,1381010,12,20.726399999999998,52.3392,0
16,T3,3.0,0,1381250,13,18.7068,51.3856,0
16,T3,3.0,0,1381530,14,13.311712190536317,49.1512623970903,0
16,T3,3.0,0,1381770,15,12.186269829771012,48.557980650677095,0
16,T3,3.0,0,1382010,16,11.030245098710564,47.922572547114044,0
16,T3,3.0,0,1382250,17,9.11285136,46.9124032,0
16,T3,3.0,0,1382530,18,8.985351360000001,46.7940032,0
16,T3,3.0,0,1382770,19,9.76414018006523,46.532187831419066,0
16,T3,3.0,0,1383010,20,10.103967872862205,46.380900738726325,0
16,T3,3.0,0,1383250,21,10.36209060894125,46.26329243870701,0
16,T3,3.0,0,1383530,22,11.694635783999999,45.64159488,0
16,T3,3.0,0,1383770,23,10.796608199999998,46.40260479999999,0
17,T1,1.0,0,1528530,0,46.65262215576848,3.760674375762752,0
17,T1,1.0,0,1528770,1,47.37518656030978,4.868678037805898,0
17,T1,1.0,0,1529010,2,48.10199903666488,5.921556155973629,0
17,T1,1.0,0,1529250,3,49.9909038,8.198252799999999,0
17,T1,1.0,0,1529530,4,49.436023799999994,7.6753728,0
17,T1,1.0,0,1529770,5,47.84848458,6.31373248,0
17,T1,1.0,0,1530010,6,46.623380940000004,5.22848064,0
17,T1,1.0,0,1530250,7,45.40792548,4.12028288,0
17,T1,1.0,0,1530530,8,44.0042382,2.8342592,0
17,T1,1.0,0,1530770,9,42.01895455735695,1.4006794619016998,0
17,T1,1.0,0,1531010,10,42.0779441421057,1.827505687413597,0
17,T1,1.0,0,1531250,11,42.1747415307491,2.227065487787354,0
17,T1,1.0,0,1531530,12,42.3462486,2.8891072,0
17,T1,1.0,0,1531770,13,42.5563686,2.9543872,0
17,T1,1.0,0,1532010,14,44.576206260000006,2.46898752,0
17,T1,1.0,0,1532250,15,47.57831718,1.7148793599999999,0
17,T1,1.0,0,1532530,16,50.02006356,1.04195712,0
17,T1,1.0,0,1532770,17,49.89204540000001,0.8879808000000001,0
18,T1,1.0,0,1535250,0,41.9526,8.2048,0
18,T1,1.0,0,1535530,1,41.973,8.192,0
18,T1,1.0,0,1536010,2,41.9934,8.1664,0
18,T1,1.0,0,1536250,3,42.103051951973356,7.2311171756776105,0
18,T1,1.0,0,1536530,4,42.12756637829991,7.432756464063562,0
18,T1,1.0,0,1537010,5,42.29106660000001,7.674451199999999,0
18,T1,1.0,0,1537250,6,38.29869446715554,9.782468576448913,0
18,T1,1.0,0,1537530,7,36.00439204364436,11.829062598699132,0
18,T1,1.0,0,1538010,8,31.112898636000004,15.907265151999995,0
18,T1,1.0,0,1538250,9,30.352432740000005,16.463902079999993,0
18,T1,1.0,0,1538530,10,29.130873599999997,16.67097024,0
18,T1,1.0,0,1539010,11,27.556401600000004,16.68316544,0
18,T1,1.0,0,1539250,12,26.717064000000004,16.6066496,0
18,T1,1.0,0,1539770,13,25.591800000000003,16.416,0
18,T1,1.0,0,1540010,14,24.9084,16.384,0
18,T1,1.0,0,1540250,15,23.571165613940142,15.910055009945197,0
18,T1,1.0,0,1540770,16,22.61355401876964,16.00960114845691,0
18,T1,1.0,0,1541010,17,22.0996056,16.123807999999997,0
18,T1,1.0,0,1541250,18,21.3886656,16.224287999999998,0
18,T1,1.0,0,1541770,19,17.580887280000002,19.304310400000002,0
18,T1,1.0,0,1542010,20,11.356578875027376,23.030624603711473,0
18,T1,1.0,0,1542250,21,10.56661481741592,24.064614218593043,0
18,T1,1.0,0,1542770,22,6.102393779999999,29.6404224,0
18,T1,1.0,0,1543010,23,5.91267378,30.3809024,0
19,T3,3.0,0,1610250,0,26.6934,52.6144,0
19,T3,3.0,0,1610530,1,28.0704,53.0944,0
19,T3,3.0,0,1610770,2,29.2536,53.5168,0
19,T3,3.0,0,1611010,3,30.436799999999998,53.9328,0
19,T3,3.0,0,1611250,4,31.767730074594645,54.520719887637235,0
19,T3,3.0,0,1611530,5,32.69344459827796,54.65362194952894,0
19,T3,3.0,0,1611770,6,34.92162621150606,52.61120097774495,0
19,T3,3.0,0,1612010,7,35.73964189979737,52.69015833406431,0
19,T3,3.0,0,1612250,8,36.41391765843711,52.69608292298755,0
19,T3,3.0,0,1612530,9,38.965575084,49.01927321600001,0
19,T3,3.0,0,1612770,10,39.45225421200001,48.804953088000005,0
19,T3,3.0,0,1613010,11,39.38775451200001,49.663123968,0
19,T3,3.0,0,1613250,12,39.627363120000005,49.60324352000001,0
19,T3,3.0,0,1613530,13,40.47737808,48.5896448,0
19,T3,3.0,0,1613770,14,40.6677672,48.563072000000005,0
19,T3,3.0,0,1614010,15,41.004000000000005,48.3968,0
19,T3,3.0,0,1614250,16,38.7804,47.008,0
20,T2,2.0,0,1649010,0,38.4948,45.0176,1
20,T2,2.0,0,1649530,1,40.902,42.2592,1
20,T2,2.0,0,1650010,2,43.1256,39.7184,1
20,T2,2.0,0,1650770,3,40.36601013870699,44.01934115636996,1
20,T2,2.0,0,1651250,4,38.94392640000001,46.624313599999994,1
20,T2,2.0,0,1651770,5,39.94276524780167,49.36853660542839,1
20,T2,2.0,0,1652250,6,41.57934936,52.69509504,1
20,T2,2.0,0,1653010,7,44.17521876000001,55.258408960000004,1
20,T2,2.0,0,1653530,8,47.878942800000004,55.9039488,1
20,T2,2.0,0,1654010,9,54.774,57.0112,1
20,T2,2.0,0,1654530,10,59.7414,57.888,1
20,T2,2.0,0,1655010,11,64.3212,58.6944,1
20,T2,2.0,0,1655770,12,71.5836,59.9808,1
20,T2,2.0,0,1656250,13,77.25954167108921,61.68099328546733,1
20,T2,2.0,0,1656770,14,81.00238200000001,62.236474879999996,1
20,T2,2.0,0,1657250,15,84.5715762,61.143383808,1
20,T2,2.0,0,1657770,16,87.98607720000001,59.802459648,1
20,T2,2.0,0,1658530,17,89.76,50.7904,1
20,T2,2.0,0,1659010,18,89.7192,41.4464,1
20,T2,2.0,0,1659530,19,89.0358,35.5648,1
20,T2,2.0,0,1660010,20,87.4548,36.3776,1
20,T2,2.0,0,1660770,21,85.388001837706,39.07257251534479,1
20,T2,2.0,0,1661250,22,83.25444363997288,39.303358234134166,1
20,T2,2.0,0,1661770,23,81.65191800000001,39.376895999999995,1
21,T2,2.0,0,1717010,0,82.3446,62.6432,0
21,T2,2.0,0,1717250,1,82.5792,60.6016,0
21,T2,2.0,0,1717530,2,82.8648,58.2208,0
21,T2,2.0,0,1717770,3,85.63857539469174,54.83315623847595,0
21,T2,2.0,0,1718010,4,85.05025615380322,53.065091731907,0
21,T2,2.0,0,1718250,5,84.57381502949336,51.31213488786831,0
21,T2,2.0,0,1718530,6,84.6585516,48.5714496,0
21,T2,2.0,0,1718770,7,84.09551160000001,47.687609599999995,0
21,T2,2.0,0,1719010,8,84.45985356,47.693823359999996,0
21,T2,2.0,0,1719250,9,84.91383108000001,47.76445248,0
21,T2,2.0,0,1719530,10,85.53767736,47.93183616,0
21,T2,2.0,0,1719770,11,86.2028724,48.169094400000006,0
21,T2,2.0,0,1720010,12,86.74080000000001,48.3648,0
21,T2,2.0,0,1720250,13,87.2508,48.4928,0
21,T2,2.0,0,1720530,14,87.8526,48.6464,0
21,T2,2.0,0,1720770,15,88.3626,48.7808,0
21,T2,2.0,0,1721010,16,88.87259999999999,48.9088,0
21,T2,2.0,0,1721250,17,89.3826,49.0432,0
22,T0,0.0,0,1903530,0,54.96140970000001,29.68445184,0
22,T0,0.0,0,1903770,1,56.2678971,28.984901120000004,0
22,T0,0.0,0,1904010,2,57.509548200000005,28.282455040000002,0
22,T0,0.0,0,1904250,3,58.72512300000001,27.577113600000004,0
22,T0,0.0,0,1904530,4,61.761,26.4384,0
22,T0,0.0,0,1904770,5,63.291000000000004,27.6544,0
22,T0,0.0,0,1905010,6,62.475,28.032,0
22,T0,0.0,0,1905250,7,61.659000000000006,28.4096,0
22,T0,0.0,0,1905530,8,60.71039999999999,28.8512,0
22,T0,0.0,0,1905770,9,59.894400000000005,29.2224,0
22,T0,0.0,0,1906010,10,59.7618,29.8496,0
22,T0,0.0,0,1906250,11,59.7618,30.5216,0
22,T0,0.0,0,1906530,12,59.7618,31.3088,0
22,T0,0.0,0,1906770,13,59.7618,31.9872,0
22,T0,0.0,0,1907010,14,59.772,32.6592,0
22,T0,0.0,0,1907250,15,59.772,33.3376,0
22,T0,0.0,0,1907530,16,58.4052,34.528,0
23,T1,1.0,0,1954250,0,42.27906018000001,61.874993536000005,0
23,T1,1.0,0,1954770,1,38.945899080000004,59.60742681600001,0
23,T1,1.0,0,1955530,2,34.2006,54.7136,0
23,T1,1.0,0,1956010,3,31.140600000000003,52.1088,0
23,T1,1.0,0,1956530,4,27.825599999999998,49.28,0
23,T1,1.0,0,1957250,5,23.2356,45.376,0
23,T1,1.0,0,1957770,6,17.413660986767674,41.778600406288945,0
23,T1,1.0,0,1958250,7,14.751495000000002,38.8610816,0
23,T1,1.0,0,1959010,8,16.5238215,33.38359808,0
23,T1,1.0,0,1959530,9,18.927375,27.3933824,0
23,T1,1.0,0,1960010,10,23.817,18.8544,0
23,T1,1.0,0,1960770,11,28.8456,8.4672,0
23,T1,1.0,0,1961250,12,31.262999999999998,6.8928,0
23,T1,1.0,0,1962010,13,34.690200000000004,7.04,0
23,T1,1.0,0,1962530,14,37.0362,7.1424,0
23,T1,1.0,0,1963010,15,39.1986,7.232,0
23,T1,1.0,0,1963770,16,42.6258,7.3792,0
23,T1,1.0,0,1964250,17,44.7984,7.4752,0
23,T1,1.0,0,1964770,18,47.1444,7.5712,0
23,T1,1.0,0,1965530,19,49.42760233539798,6.73467065930394,0
23,T1,1.0,0,1966010,20,52.27649434963404,7.412515325495048,0
23,T1,1.0,0,1966530,21,55.082845800000015,7.912992,0
23,T1,1.0,0,1967250,22,64.47994668000001,8.9252032,0
23,T1,1.0,0,1967770,23,67.1466,9.6448,0
24,T0,0.0,0,1974010,0,69.9108,42.9056,1
24,T0,0.0,0,1974250,1,70.227,43.2896,1
24,T0,0.0,0,1974530,2,71.57339999999999,42.8224,1
24,T0,0.0,0,1974770,3,72.7362,42.4192,1
24,T0,0.0,0,1975010,4,73.8888,42.0224,1
24,T0,0.0,0,1975250,5,75.0414,41.6192,1
24,T0,0.0,0,1975530,6,75.80886279318409,34.479497203034335,1
24,T0,0.0,0,1975770,7,76.69407429846969,33.17385782718222,1
24,T0,0.0,0,1976010,8,77.61647795732404,31.838248414910886,1
24,T0,0.0,0,1976250,9,78.3798192,28.330201600000002,1
24,T0,0.0,0,1976530,10,79.89349920000001,28.2770816,1
24,T0,0.0,0,1976770,11,80.88522072,27.739554560000002,1
24,T0,0.0,0,1977010,12,82.21806696,27.007054080000003,1
24,T0,0.0,0,1977250,13,83.56147632,26.225743360000003,1
24,T0,0.0,0,1977530,14,86.31374642475159,26.10579090714121,1
24,T0,0.0,0,1977770,15,89.19253365023157,25.902208599568958,1
24,T0,0.0,0,1978010,16,90.58877733192338,26.769767289573988,1
24,T0,0.0,0,1978250,17,92.1755742,28.314188800000004,1
24,T0,0.0,0,1978530,18,93.9238542,28.853068800000003,1
25,T2,2.0,0,1988770,0,62.7198,0.8896,0
25,T2,2.0,0,1989250,1,60.61860000000001,1.8944,0
25,T2,2.0,0,1990010,2,56.33959872850786,3.6672309000756034,0
25,T2,2.0,0,1990530,3,54.711280200000004,4.730662399999995,0
25,T2,2.0,0,1991010,4,54.806473746103244,6.578708266476008,0
25,T2,2.0,0,1991770,5,54.59518380000001,10.3449024,0
25,T2,2.0,0,1992250,6,53.93492658,13.35825984,0
25,T2,2.0,0,1992770,7,51.801897479999994,19.19730304,0
25,T2,2.0,0,1993250,8,49.062,26.8416,0
25,T2,2.0,0,1994010,9,46.2978,35.5392,0
25,T2,2.0,0,1994530,10,47.501400000000004,36.4864,0
25,T2,2.0,0,1995010,11,48.6132,37.3632,0
25,T2,2.0,0,1995770,12,50.3676,38.752,0
25,T2,2.0,0,1996250,13,51.479400000000005,39.6288,0
25,T2,2.0,0,1996770,14,53.407199999999996,43.7824,0
25,T2,2.0,0,1997530,15,57.1302,53.8496,0
25,T2,2.0,0,1998010,16,59.4864,60.2112,0
25,T2,2.0,0,1998530,17,59.49154842257447,62.43217422100256,0
25,T2,2.0,0,1999010,18,58.219590600000004,62.21663488,0
25,T2,2.0,0,1999770,19,64.65298427151095,61.7504991804896,0
25,T2,2.0,0,2000250,20,67.62992394,61.484024832,0
25,T2,2.0,0,2000770,21,66.76909188,58.6208864,0
25,T2,2.0,0,2001530,22,64.53540000000001,59.328,0
25,T2,2.0,0,2002010,23,61.0674,61.1904,0
26,T3,3.0,0,2064530,0,54.4270674,48.878297599999996,0
26,T3,3.0,0,2065010,1,51.59948562,53.908058880000006,0
26,T3,3.0,0,2065250,2,50.53345404,52.49546496000001,0
26,T3,3.0,0,2065770,3,47.837999999999994,49.376,0
26,T3,3.0,0,2066250,4,43.770225247633306,54.471593249647306,0
26,T3,3.0,0,2066530,5,41.677995688845606,56.69303792885039,0
26,T3,3.0,0,2067010,6,40.25931550157814,58.5194157035766,0
26,T3,3.0,0,2067530,7,40.18898022,57.4000560448,0
26,T3,3.0,0,2068010,8,38.38094301000001,53.26633821120001,0
26,T3,3.0,0,2068250,9,36.152110132327294,45.202744633039295,0
26,T3,3.0,0,2068770,10,34.78423865688423,40.31823925552857,0
26,T3,3.0,0,2069250,11,33.5180772,35.864608000000004,0
26,T3,3.0,0,2069530,12,33.955724520000004,34.86662080000001,0
26,T3,3.0,0,2070010,13,34.94331912,32.931884800000006,0
26,T3,3.0,0,2070530,14,36.108,30.7584,0
26,T3,3.0,0,2070770,15,36.6078,29.7792,0
26,T3,3.0,0,2071250,16,37.6176,27.8208,0
26,T3,3.0,0,2071770,17,41.57040581577011,29.176545282125744,0
26,T3,3.0,0,2072250,18,45.0504114,32.068217600000004,0
26,T3,3.0,0,2072530,19,45.3105114,32.2531776,0
26,T3,3.0,0,2073010,20,45.82308282,32.31677888,0
26,T3,3.0,0,2073530,21,46.444914600000004,32.4220864,0
26,T3,3.0,0,2073770,22,46.7262,32.3776,0
26,T3,3.0,0,2074250,23,47.277,32.4288,0
27,T2,2.0,0,2108250,0,60.56638026507942,45.67949887348371,0
27,T2,2.0,0,2108530,1,63.532748261999984,48.06111008,0
27,T2,2.0,0,2108770,2,63.144956604,47.43273536,0
27,T2,2.0,0,2109010,3,61.2471801,45.9888672,0
27,T2,2.0,0,2109250,4,60.71302446,45.705584,0
27,T2,2.0,0,2109530,5,58.886401320000004,44.432928,0
27,T2,2.0,0,2109770,6,58.72414380000001,44.29168,0
27,T2,2.0,0,2110010,7,57.9972,44.9344,0
27,T2,2.0,0,2110250,8,55.7532,44.6784,0
27,T2,2.0,0,2110530,9,53.131800000000005,44.3776,0
27,T2,2.0,0,2110770,10,50.8878,44.128,0
27,T2,2.0,0,2111010,11,48.6336,43.872,0
28,T2,2.0,0,2172010,0,59.394523500000005,57.624870464000004,1
28,T2,2.0,0,2172250,1,61.2048705,55.738025152,1
28,T2,2.0,0,2172530,2,63.33593100000001,53.608557184000006,1
28,T2,2.0,0,2172770,3,65.196105,51.81630656,1
28,T2,2.0,0,2173010,4,69.2886,48.1536,1
28,T2,2.0,0,2173250,5,71.5632,45.9328,1
28,T2,2.0,0,2173530,6,74.5008,44.9344,1
28,T2,2.0,0,2173770,7,75.582,45.3632,1
28,T2,2.0,0,2174010,8,76.6632,45.792,1
28,T2,2.0,0,2174250,9,77.7444,46.2144,1
28,T2,2.0,0,2174530,10,78.8810320127282,48.09910239043127,1
28,T2,2.0,0,2174770,11,79.88641268384352,48.013327683411354,1
28,T2,2.0,0,2175010,12,80.92766079285244,48.02898463679036,1
28,T2,2.0,0,2175250,13,81.57201119999999,48.36200960000001,1
29,T1,1.0,0,2214250,0,50.1126,1.12,0
29,T1,1.0,0,2214770,1,45.787800000000004,2.9888,0
29,T1,1.0,0,2215010,2,43.7988,3.8464,0
29,T1,1.0,0,2215530,3,39.474000000000004,5.7088,0
29,T1,1.0,0,2215770,4,37.4748,6.5728,0
29,T1,1.0,0,2216250,5,33.486599999999996,8.2944,0
29,T1,1.0,0,2216530,6,31.160999999999998,9.2992,0
29,T1,1.0,0,2217010,7,31.140600000000003,11.6288,0
29,T1,1.0,0,2217250,8,31.1304,12.7936,0
29,T1,1.0,0,2217770,9,30.958305703775203,15.072197683885346,0
29,T1,1.0,0,2218010,10,30.957874300699498,16.492895547121872,0
29,T1,1.0,0,2218530,11,31.422476733714756,21.296410309074133,0
29,T1,1.0,0,2218770,12,31.290903444758868,22.501752416615673,0
29,T1,1.0,0,2219250,13,31.021895255999993,27.531286528,0
29,T1,1.0,0,2219530,14,30.99602724,28.33659392,0
29,T1,1.0,0,2220010,15,32.44310736,29.72855552,0
29,T1,1.0,0,2220250,16,33.24777312,30.352419840000003,0
29,T1,1.0,0,2220770,17,35.4756,31.8656,0
29,T1,1.0,0,2221010,18,36.3528,32.5184,0
29,T1,1.0,0,2221530,19,38.25,33.9328,0
29,T1,1.0,0,2221770,20,39.1272,34.5856,0
29,T1,1.0,0,2222250,21,40.8816,35.8912,0
29,T1,1.0,0,2222530,22,41.9016,36.6528,0
29,T1,1.0,0,2223010,23,43.656,37.9648,0
30,T0,0.0,0,2259010,0,36.199799999999996,20.7936,0
30,T0,0.0,0,2260010,1,35.547,23.52,0
30,T0,0.0,0,2260770,2,35.0574,25.5936,0
30,T0,0.0,0,2261770,3,41.565,27.3408,0
30,T0,0.0,0,2262530,4,49.4394,26.6368,0
30,T0,0.0,0,2263530,5,51.397800000000004,22.208,0
30,T0,0.0,0,2264530,6,57.742200000000004,16.4544,0
30,T0,0.0,0,2265250,7,65.73475470823495,10.554772468754596,0
30,T0,0.0,0,2266250,8,72.37155612000001,7.20898368,0
30,T0,0.0,0,2267010,9,73.76639999999999,7.6992,0
30,T0,0.0,0,2268010,10,76.0104,7.8464,0
30,T0,0.0,0,2269010,11,78.2544,8.0,0
30,T0,0.0,0,2269770,12,79.968,8.1152,0
30,T0,0.0,0,2270770,13,82.212,8.2624,0
30,T0,0.0,0,2271770,14,84.4662,8.416,0
30,T0,0.0,0,2272530,15,86.1696,8.5312,0
30,T0,0.0,0,2273530,16,88.034466,8.7366912,0
30,T0,0.0,0,2274250,17,91.045577019408,5.008390270752059,0
30,T0,0.0,0,2275250,18,92.00112462,4.031753599999998,0
30,T0,0.0,0,2276250,19,90.08816835276643,6.54199827893192,0
30,T0,0.0,0,2277010,20,89.5496052910688,11.260816136237676,0
30,T0,0.0,0,2278010,21,90.50850659999999,16.41505856,0
30,T0,0.0,0,2278770,22,92.4358476,19.5175616,0
30,T0,0.0,0,2279770,23,94.17660000000001,28.7296,0
31,T3,3.0,0,2348010,0,4.012352844761348,39.50450302924075,0
31,T3,3.0,0,2348770,1,5.60296098,40.7521728,0
31,T3,3.0,0,2349530,2,6.8188245255276065,39.13011285305551,0
31,T3,3.0,0,2350250,3,8.426504478,35.44065664,0
31,T3,3.0,0,2351010,4,14.22072033730304,25.69643975239816,0
31,T3,3.0,0,2351770,5,18.8076576,19.513779199999995,0
31,T3,3.0,0,2352530,6,21.61853688,18.33565696,0
31,T3,3.0,0,2353250,7,24.5718,18.0224,0
31,T3,3.0,0,2354010,8,27.670312343274027,16.979978828801855,0
31,T3,3.0,0,2354770,9,30.01967712,18.20107968,0
31,T3,3.0,0,2355530,10,30.0555648,25.308627200000004,0
31,T3,3.0,0,2356250,11,30.1308,32.864,0
31,T3,3.0,0,2357250,12,32.03970259797454,32.62747676198357,0
31,T3,3.0,0,2358010,13,39.890275420219204,37.91545038641294,0
31,T3,3.0,0,2358770,14,47.653814520000005,40.32460352,0
31,T3,3.0,0,2359530,15,48.019428420000004,37.283626240000004,0
31,T3,3.0,0,2360250,16,47.38591390523733,34.37577628355452,0
31,T3,3.0,0,2361010,17,45.597417,30.152358399999994,0
31,T3,3.0,0,2361770,18,55.59028824644546,19.743249154368467,0
31,T3,3.0,0,2362530,19,66.2825784,13.829964799999999,0
31,T3,3.0,0,2363250,20,68.27535551455554,16.063971262715313,0
31,T3,3.0,0,2364010,21,68.940168,18.799999999999994,0
31,T3,3.0,0,2364770,22,71.20175280000001,19.747328,0
31,T3,3.0,0,2365530,23,70.1964,19.5072,0
32,T1,1.0,0,2412010,0,36.9546,28.7168,0
32,T1,1.0,0,2413530,1,45.4497822,32.398636800000006,0
32,T1,1.0,0,2415250,2,34.3944,28.7232,0
32,T1,1.0,0,2416770,3,35.751,32.3008,0
32,T1,1.0,0,2418530,4,41.6772,31.7056,0
32,T1,1.0,0,2420010,5,48.63418242,26.50813696,0
32,T1,1.0,0,2421770,6,56.07959999999999,19.7056,0
32,T1,1.0,0,2423250,7,58.497,12.8192,0
32,T1,1.0,0,2424770,8,61.74059999999999,4.8192,0
32,T1,1.0,0,2426530,9,61.29197646,12.502983680000002,0
32,T1,1.0,0,2428010,10,46.7466,27.8656,0
32,T1,1.0,0,2429770,11,49.9188,28.8192,0
32,T1,1.0,0,2431250,12,52.59119999999999,29.6192,0
32,T1,1.0,0,2433010,13,48.1919706,41.386399999999995,0
32,T1,1.0,0,2434530,14,54.0657018,40.5638336,0
32,T1,1.0,0,2436250,15,72.44840957561202,13.075722453965643,0
32,T1,1.0,0,2437770,16,78.46028904,4.9599616,0
32,T1,1.0,0,2439250,17,76.1721924,6.223788799999994,0
32,T1,1.0,0,2441010,18,70.6044,11.1488,0
32,T1,1.0,0,2442530,19,70.59986280849387,8.97943809445013,0
32,T1,1.0,0,2444250,20,61.99341760800001,14.027837695999999,0
32,T1,1.0,0,2445770,21,63.328954200000005,17.114694399999994,0
32,T1,1.0,0,2447530,22,53.0706,35.6288,0
32,T1,1.0,0,2449010,23,54.57,39.4752,0
33,T2,2.0,0,2454770,0,53.4582,63.552,0
33,T2,2.0,0,2455770,1,49.6944,60.2752,0
33,T2,2.0,0,2456770,2,46.6956,57.728,0
33,T2,2.0,0,2457530,3,46.2468,57.5744,0
33,T2,2.0,0,2458530,4,45.6552,57.3632,0
33,T2,2.0,0,2459530,5,44.82690217461113,57.01431249134281,0
33,T2,2.0,0,2460530,6,46.876959060000004,57.83121856,0
33,T2,2.0,0,2461530,7,58.751999999999995,62.5728,0
33,T2,2.0,0,2462530,8,53.702999999999996,61.2992,0
33,T2,2.0,0,2463250,9,50.467021448239954,60.578313073332716,0
33,T2,2.0,0,2464250,10,45.186254999999996,59.14218944,0
33,T2,2.0,0,2465250,11,39.25750775852871,53.190058634246306,0
33,T2,2.0,0,2466250,12,37.35763056,48.97461056,0
33,T2,2.0,0,2467250,13,38.1888,45.824,0
33,T2,2.0,0,2468250,14,38.8824,42.6112,0
33,T2,2.0,0,2469010,15,39.412800000000004,40.1728,0
33,T2,2.0,0,2470010,16,40.1166,36.9664,0
33,T2,2.0,0,2471010,17,40.8102,33.76,0
33,T2,2.0,0,2472010,18,41.513999999999996,30.5536,0
33,T2,2.0,0,2473010,19,42.7482,26.4832,0
33,T2,2.0,0,2474010,20,51.140527011654946,9.954163490676304,0
33,T2,2.0,0,2474770,21,53.72431678640909,5.679143131573499,0
33,T2,2.0,0,2475770,22,61.012760274068015,8.577725194199122,0
33,T2,2.0,0,2476770,23,62.11371906,12.71117888,0
34,T3,3.0,0,2524530,0,27.6717024,24.727180799999992,0
34,T3,3.0,0,2525010,1,24.178545120000003,24.10341504,0
34,T3,3.0,0,2525530,2,20.6097936,23.177331199999998,0
34,T3,3.0,0,2526250,3,15.208200000000001,22.0672,0
34,T3,3.0,0,2526770,4,11.526,21.28,0
34,T3,3.0,0,2527250,5,7.048622340917205,20.001259027243,0
34,T3,3.0,0,2527770,6,4.320403799999999,19.8541568,0
34,T3,3.0,0,2528530,7,3.27409494,19.380067840000002,0
34,T3,3.0,0,2529010,8,3.0175782,19.039155200000003,0
34,T3,3.0,0,2529530,9,2.4420262270466297,18.258420232078517,0
34,T3,3.0,0,2530010,10,2.90379922580967,19.080664709112387,0
34,T3,3.0,0,2530530,11,3.2703546,19.785216,0
34,T3,3.0,0,2531250,12,6.730631160000001,22.0034816,0
34,T3,3.0,0,2531770,13,10.893600000000001,24.5056,0
34,T3,3.0,0,2532250,14,13.806268017711997,26.63414997854833,0
34,T3,3.0,0,2532770,15,15.668956991483489,27.80587869954165,0
34,T3,3.0,0,2533250,16,17.404566,28.780019199999995,0
34,T3,3.0,0,2534010,17,22.675191599999998,30.947320320000003,0
34,T3,3.0,0,2534530,18,26.717285683999243,32.20954985735132,0
34,T3,3.0,0,2535010,19,29.35837547941268,32.62113183001284,0
34,T3,3.0,0,2535530,20,31.8737148,33.242176,0
34,T3,3.0,0,2536250,21,40.82304701351628,40.18952870809475,0
34,T3,3.0,0,2536770,22,44.2257976401398,41.25919494039848,0
34,T3,3.0,0,2537250,23,46.607057166000004,39.427228991999996,0
35,T2,2.0,0,2540530,0,52.49693583912234,54.62414106371916,0
35,T2,2.0,0,2541010,1,54.44567483468845,57.31744736158459,0
35,T2,2.0,0,2541530,2,55.02612105,59.075770464,0
35,T2,2.0,0,2542010,3,53.766217305000005,59.580183075200004,0
35,T2,2.0,0,2542530,4,49.762274506187794,59.18408812376174,0
35,T2,2.0,0,2543010,5,48.57215336360374,60.00313928855475,0
35,T2,2.0,0,2543530,6,47.057710199999995,60.94216192,0
35,T2,2.0,0,2544010,7,46.884823260000005,61.377373696,0
35,T2,2.0,0,2544530,8,46.91732485641115,61.90815377753695,0
35,T2,2.0,0,2545010,9,46.81244100000001,61.948391040000004,0
35,T2,2.0,0,2545530,10,44.47843110000001,60.90954566400001,0
35,T2,2.0,0,2546010,11,38.73842292602217,58.13684782956465,0
35,T2,2.0,0,2546530,12,34.88225703384044,57.41083988986554,0
35,T2,2.0,0,2547010,13,34.4164578695742,57.10939033350549,0
35,T2,2.0,0,2547530,14,33.703867752,56.163841919999996,0
35,T2,2.0,0,2548010,15,33.111582108,50.73603872000001,0
35,T2,2.0,0,2548530,16,32.901687675800986,40.036124653985084,0
35,T2,2.0,0,2549010,17,33.2741136,33.3525056,0
35,T2,2.0,0,2549530,18,35.07044376,32.110232960000005,0
35,T2,2.0,0,2550010,19,36.99491856,31.227733760000003,0
35,T2,2.0,0,2550530,20,39.4434,30.5344,0
35,T2,2.0,0,2551010,21,41.452799999999996,29.7728,0
35,T2,2.0,0,2551530,22,43.6254,28.9472,0
35,T2,2.0,0,2552010,23,45.6246,28.1856,0
36,T3,3.0,0,2635530,0,24.000600000000002,1.2352,0
36,T3,3.0,0,2636250,1,21.3384,4.4992,0
36,T3,3.0,0,2637010,2,18.5334,7.9488,0
36,T3,3.0,0,2637770,3,20.789980079273676,21.023811412508174,0
36,T3,3.0,0,2638530,4,24.2324868,29.5013632,0
36,T3,3.0,0,2639250,5,26.49043676604443,31.25427412669485,0
36,T3,3.0,0,2640250,6,28.763306400000005,33.147916800000004,0
36,T3,3.0,0,2641010,7,32.86161744,42.412193280000004,0
36,T3,3.0,0,2641770,8,38.39717227821329,55.58352541123888,0
36,T3,3.0,0,2642530,9,40.730809320000006,59.391918336,0
36,T3,3.0,0,2643250,10,43.37564280000001,59.42476544,0
36,T3,3.0,0,2644010,11,49.53755275064314,61.26216879023991,0
36,T3,3.0,0,2644770,12,49.719032999999996,60.737098880000005,0
36,T3,3.0,0,2645530,13,49.2277449,56.603457344000006,0
36,T3,3.0,0,2646250,14,47.2974,54.176,0
36,T3,3.0,0,2647010,15,45.0942,55.6352,0
36,T3,3.0,0,2647770,16,37.58622633580265,52.376523176258374,0
36,T3,3.0,0,2648530,17,34.12326513251865,49.878343715500876,0
36,T3,3.0,0,2649530,18,33.857774736,45.79939315200001,0
36,T3,3.0,0,2650250,19,35.409087840000005,38.60073088,0
36,T3,3.0,0,2651010,20,38.3112,32.1216,0
36,T3,3.0,0,2651770,21,35.812200000000004,32.2688,0
36,T3,3.0,0,2652530,22,32.476800000000004,32.9536,0
36,T3,3.0,0,2653250,23,17.9418,32.8192,0
37,T3,3.0,0,2654530,0,4.2330000000000005,31.2576,0
37,T3,3.0,0,2655770,1,5.165212730234542,31.59202406441598,0
37,T3,3.0,0,2657010,2,10.178660274,33.1738784,0
37,T3,3.0,0,2658010,3,19.126734000000003,35.602668800000004,0
37,T3,3.0,0,2659250,4,27.862728,33.79567232,0
37,T3,3.0,0,2660530,5,26.4667356,27.6610944,0
37,T3,3.0,0,2661770,6,28.325400000000002,24.1088,0
37,T3,3.0,0,2663010,7,30.8448,25.3504,0
37,T3,3.0,0,2664250,8,33.3642,26.5856,0
37,T3,3.0,0,2665250,9,35.9754,29.536,0
37,T3,3.0,0,2666530,10,41.2182,39.7312,0
37,T3,3.0,0,2667770,11,44.297249482713795,42.24095590954128,0
37,T3,3.0,0,2669010,12,48.126165300000004,44.53987968,0
37,T3,3.0,0,2670250,13,55.2126,55.5584,0
37,T3,3.0,0,2671530,14,58.59078433729443,56.4139110177368,0
37,T3,3.0,0,2672530,15,56.322899580000005,53.5139616,0
37,T3,3.0,0,2673770,16,52.4382,59.4048,0
37,T3,3.0,0,2675010,17,39.820800000000006,59.68,0
37,T3,3.0,0,2676250,18,32.6094,60.2304,0
37,T3,3.0,0,2677530,19,20.196,52.7104,0
37,T3,3.0,0,2678770,20,5.1174230120990325,40.886606224430615,0
37,T3,3.0,0,2679770,21,6.730090560000001,36.111276800000006,0
37,T3,3.0,0,2681010,22,24.5514,45.9968,0
37,T3,3.0,0,2682250,23,32.6094,49.9136,0
38,T3,3.0,0,2689530,0,3.332920380000001,46.19516224,0
38,T3,3.0,0,2690010,1,4.05584028,46.47279744,0
38,T3,3.0,0,2690770,2,5.7017999999999995,45.504,0
38,T3,3.0,0,2691250,3,6.6095999999999995,45.3312,0
38,T3,3.0,0,2691770,4,7.588799999999999,45.1456,0
38,T3,3.0,0,2692530,5,9.0168,44.8704,0
38,T3,3.0,0,2693010,6,9.9246,44.6976,0
38,T3,3.0,0,2693530,7,10.9038,44.512,0
38,T3,3.0,0,2694010,8,11.8014,44.3392,0
38,T3,3.0,0,2694770,9,14.280000000000001,38.368,0
38,T3,3.0,0,2695250,10,15.871199999999998,34.4,0
38,T3,3.0,0,2695770,11,17.6052,30.0992,0
38,T3,3.0,0,2696530,12,18.9924,29.5232,0
38,T3,3.0,0,2697010,13,20.858999999999998,29.8176,0
38,T3,3.0,0,2697530,14,25.1226,31.136,0
38,T3,3.0,0,2698250,15,29.6106,32.512,0
38,T3,3.0,0,2698770,16,30.2328,32.672,0
38,T3,3.0,0,2699250,17,30.8142,32.8192,0
38,T3,3.0,0,2699770,18,31.426199999999998,32.9792,0
38,T3,3.0,0,2700530,19,32.34962793943218,33.790262415665495,0
38,T3,3.0,0,2701010,20,32.342568,34.1754752,0
38,T3,3.0,0,2701530,21,36.745234800000006,28.645720320000002,0
38,T3,3.0,0,2702250,22,46.198452,16.343692800000003,0
38,T3,3.0,0,2702770,23,46.0938,12.2304,0
39,T3,3.0,0,2726250,0,2.5602,32.0192,0
39,T3,3.0,0,2726770,1,4.1208,31.5136,0
39,T3,3.0,0,2727250,2,5.559,31.0528,0
39,T3,3.0,0,2727530,3,6.3954,30.7776,0
39,T3,3.0,0,2728010,4,7.8336,30.3104,0
39,T3,3.0,0,2728530,5,9.384,29.8112,0
39,T3,3.0,0,2729010,6,9.95717519562944,29.50176510607406,0
39,T3,3.0,0,2729250,7,11.124680670241847,29.174102571815723,0
39,T3,3.0,0,2729770,8,13.430493000000002,28.568371199999994,0
39,T3,3.0,0,2730250,9,14.745186300000002,27.68232192,0
39,T3,3.0,0,2730770,10,16.518787800000002,25.91780352,0
39,T3,3.0,0,2731250,11,19.9614,23.072,0
39,T3,3.0,0,2731530,12,21.3894,21.8112,0
39,T3,3.0,0,2732010,13,23.8272,19.6544,0
39,T3,3.0,0,2732530,14,26.4792,17.312,0
39,T3,3.0,0,2733010,15,29.0598,16.448,0
39,T3,3.0,0,2733530,16,31.8546,15.5136,0
39,T3,3.0,0,2733770,17,33.15,15.0848,0
39,T3,3.0,0,2734250,18,35.7306,14.2208,0
39,T3,3.0,0,2734770,19,38.5254,13.2864,0
39,T3,3.0,0,2735250,20,41.106,12.4224,0
39,T3,3.0,0,2735530,21,42.6156,11.9232,0
39,T3,3.0,0,2736010,22,45.1962,11.0592,0
39,T3,3.0,0,2736530,23,47.991,10.1248,0
40,T3,3.0,1,2813007,0,98.15347534082314,33.14935905161141,0
40,T3,3.0,1,2814527,1,95.45095454400001,30.896020480000004,0
40,T3,3.0,1,2816007,2,92.3304,17.2736,0
40,T3,3.0,1,2817767,3,85.04574360000001,19.1852352,0
40,T3,3.0,1,2819287,4,80.74931886210229,35.19787462330027,0
40,T3,3.0,1,2820767,5,75.18635832000001,42.77298048,0
40,T3,3.0,1,2822287,6,68.98346201940517,45.24065261910271,0
40,T3,3.0,1,2824007,7,57.10628916000001,60.96441599999999,0
40,T3,3.0,1,2825527,8,66.6671082,53.5481472,0
40,T3,3.0,1,2827007,9,66.3612,55.3728,0
40,T3,3.0,1,2828527,10,66.0144,57.3184,0
40,T3,3.0,1,2830007,11,70.98489852262841,39.335879192095646,0
40,T3,3.0,1,2831767,12,72.00393179999999,29.78416512,0
40,T3,3.0,1,2833287,13,71.4470526,25.9421184,0
40,T3,3.0,1,2834767,14,60.21350573062197,4.361250804623034,0
40,T3,3.0,1,2836287,15,61.479326183999994,8.2722372544,0
40,T3,3.0,1,2837767,16,68.849882661823,18.08464012880025,0
40,T3,3.0,1,2839527,17,66.07508490000001,27.923964800000004,0
40,T3,3.0,1,2841007,18,61.6386,38.5216,0
40,T3,3.0,1,2842527,19,48.83467029347214,40.675237833741036,0
40,T3,3.0,1,2844007,20,36.92672952,44.86629824,0
40,T3,3.0,1,2845767,21,35.50317366,50.37756736000001,0
40,T3,3.0,1,2847287,22,27.132,50.2208,0
40,T3,3.0,1,2848767,23,19.104599999999998,50.0864,0
41,T2,2.0,1,2935287,0,48.4602,26.2848,0
41,T2,2.0,1,2935527,1,47.93499561085665,24.626170422821634,0
41,T2,2.0,1,2935767,2,47.49276813651462,23.45336216054296,0
41,T2,2.0,1,2936007,3,47.00829176930724,22.335559777318554,0
41,T2,2.0,1,2936287,4,46.396678800000004,20.423724800000002,0
41,T2,2.0,1,2936527,5,45.6765588,19.8605248,0
41,T2,2.0,1,2936767,6,44.72940108,19.171543680000003,0
41,T2,2.0,1,2937007,7,43.044430440000006,17.99276224,0
41,T2,2.0,1,2937287,8,41.08919448,16.61627008,0
41,T2,2.0,1,2937527,9,39.4144932,15.4670272,0
41,T2,2.0,1,2937767,10,36.7506,13.4336,0
41,T2,2.0,1,2938007,11,34.64809221204161,11.423059942337352,0
41,T2,2.0,1,2938287,12,32.49463222923269,10.068501020322813,0
41,T2,2.0,1,2938527,13,30.66798644524713,8.893793791278334,0
41,T2,2.0,1,2938767,14,28.9536894,7.6980992,0
41,T2,2.0,1,2939007,15,27.4787694,6.8264192,0
41,T2,2.0,1,2939287,16,25.572039540000002,6.153054720000001,0
41,T2,2.0,1,2939527,17,24.20925222,5.68112896,0
41,T2,2.0,1,2939767,18,22.82807124,5.24396032,0
41,T2,2.0,1,2940007,19,21.4407366,4.837708800000001,0
42,T2,2.0,1,2948767,0,23.46,1.6768,0
42,T2,2.0,1,2949287,1,27.364407623638673,6.642223040854292,0
42,T2,2.0,1,2950007,2,30.1707942,10.744473600000001,0
42,T2,2.0,1,2950527,3,29.861021220000005,10.05336576,0
42,T2,2.0,1,2951287,4,28.553099865641414,7.308980968192349,0
42,T2,2.0,1,2951767,5,27.085877545755505,5.753240956236988,0
42,T2,2.0,1,2952287,6,26.2882968,4.233424,0
42,T2,2.0,1,2953007,7,32.811629280000005,6.329558400000001,0
42,T2,2.0,1,2953527,8,43.267289660953125,11.10210065469901,0
42,T2,2.0,1,2954287,9,50.554821000000004,13.2859008,0
42,T2,2.0,1,2954767,10,51.83770948424264,13.186276130657395,0
42,T2,2.0,1,2955287,11,53.09167896692676,13.014898846598694,0
42,T2,2.0,1,2956007,12,51.52705728302064,21.03851449149562,0
42,T2,2.0,1,2956527,13,50.06324769278042,24.36576442295793,0
42,T2,2.0,1,2957007,14,47.5836936,30.2865088,0
42,T2,2.0,1,2957767,15,47.66677056,30.90219648,0
42,T2,2.0,1,2958287,16,47.9298,31.2832,0
42,T2,2.0,1,2959007,17,46.869,31.552,0
42,T2,2.0,1,2959527,18,38.4948,30.2336,0
42,T2,2.0,1,2960007,19,32.3646,32.3072,0
42,T2,2.0,1,2960767,20,26.193599999999996,42.8928,0
42,T2,2.0,1,2961287,21,23.398799999999998,43.1488,0
42,T2,2.0,1,2962007,22,19.89,41.7536,0
42,T2,2.0,1,2962527,23,17.3604,40.7424,0
43,T1,1.0,1,3029767,0,89.03046136012763,38.27736620935613,0
43,T1,1.0,1,3030287,1,89.44072767844634,38.82838003972246,0
43,T1,1.0,1,3031007,2,89.97313206000001,37.834125760000006,0
43,T1,1.0,1,3031527,3,89.30097936539747,32.960508244446075,0
43,T1,1.0,1,3032287,4,87.25020839999999,27.527584,0
43,T1,1.0,1,3032767,5,85.51927044,26.322902400000004,0
43,T1,1.0,1,3033287,6,83.58158664000001,25.2689344,0
43,T1,1.0,1,3034007,7,80.96935113180889,23.687545928017087,0
43,T1,1.0,1,3034527,8,78.18670481160989,22.507164476086594,0
43,T1,1.0,1,3035287,9,73.86739836,23.59930752,0
43,T1,1.0,1,3035767,10,65.27839850191596,35.379669178914895,0
43,T1,1.0,1,3036287,11,60.441873699497286,42.60841001787526,0
43,T1,1.0,1,3037007,12,56.475197820000005,47.94582976,0
43,T1,1.0,1,3037527,13,55.970608920000004,47.35747456000001,0
43,T1,1.0,1,3038007,14,55.447199999999995,46.2336,0
43,T1,1.0,1,3038767,15,52.346399999999996,51.9232,0
43,T1,1.0,1,3039287,16,50.17442336371375,56.864441066605636,0
43,T1,1.0,1,3040007,17,47.35957919999999,58.809504,0
43,T1,1.0,1,3040527,18,47.246538720000004,57.4626784,0
43,T1,1.0,1,3041007,19,47.75682432000001,54.4128704,0
43,T1,1.0,1,3041767,20,47.7564,50.5536,0
43,T1,1.0,1,3042287,21,47.1546,50.208,0
43,T1,1.0,1,3043007,22,34.8024,47.4752,0
43,T1,1.0,1,3043527,23,36.1488,46.8608,0
44,T1,1.0,1,3081527,0,96.0126,37.12,0
44,T1,1.0,1,3082287,1,93.63600000000001,31.3472,0
44,T1,1.0,1,3082767,2,92.1264,27.6992,0
44,T1,1.0,1,3083527,3,89.5458,23.392,0
44,T1,1.0,1,3084007,4,87.19862446396893,24.205773692944035,0
44,T1,1.0,1,3084767,5,84.2939832,25.313881600000002,0
44,T1,1.0,1,3085287,6,82.99649016000001,30.20775808,0
44,T1,1.0,1,3086007,7,80.7534,38.8672,0
44,T1,1.0,1,3086767,8,78.5196,44.8768,0
44,T1,1.0,1,3087287,9,76.7448,45.024,0
44,T1,1.0,1,3088007,10,74.28659999999999,45.2352,0
44,T1,1.0,1,3088527,11,72.5118,45.3888,0
44,T1,1.0,1,3089287,12,70.09641535596613,45.38279692483292,0
44,T1,1.0,1,3089767,13,68.07013859999999,45.4516544,0
44,T1,1.0,1,3090527,14,63.50821818000001,48.318446720000004,0
44,T1,1.0,1,3091007,15,59.828375400000006,50.633401600000006,0
44,T1,1.0,1,3091767,16,50.61112506127515,57.710804190518004,0
44,T1,1.0,1,3092527,17,45.70855008,59.72391744,0
44,T1,1.0,1,3093007,18,44.392668480000005,60.01396864,0
44,T1,1.0,1,3093767,19,39.300599999999996,58.1312,0
44,T1,1.0,1,3094287,20,31.864800000000002,54.2592,0
44,T1,1.0,1,3095007,21,21.5628,48.9024,0
44,T1,1.0,1,3095527,22,14.1168,45.0304,0
44,T1,1.0,1,3096287,23,7.639799999999999,41.2096,0
45,T2,2.0,1,3112287,0,42.53713854,14.625256960000002,0
45,T2,2.0,1,3112527,1,42.825629219999996,15.562017280000003,0
45,T2,2.0,1,3112767,2,43.10740524,16.449397760000004,0
45,T2,2.0,1,3113007,3,43.3681866,17.288678400000002,0
45,T2,2.0,1,3113527,4,43.9416,19.2384,0
45,T2,2.0,1,3113767,5,42.4014,22.1952,0
45,T2,2.0,1,3114007,6,40.5042,25.5552,0
45,T2,2.0,1,3114287,7,38.290800000000004,29.4848,0
45,T2,2.0,1,3114527,8,36.3834,32.8448,0
45,T2,2.0,1,3114767,9,35.4858,34.3168,0
45,T2,2.0,1,3115007,10,35.5878,33.888,0
45,T2,2.0,1,3115287,11,35.7102,33.3824,0
45,T2,2.0,1,3115767,12,31.946399999999997,31.9552,0
45,T2,2.0,1,3116007,13,29.6616,31.1808,0
45,T2,2.0,1,3116287,14,26.999399999999998,30.2784,0
45,T2,2.0,1,3116527,15,24.724800000000002,29.504,0
45,T2,2.0,1,3116767,16,22.44,28.7296,0
45,T2,2.0,1,3117007,17,20.165399999999998,27.9552,0
45,T2,2.0,1,3117287,18,17.5032,27.0528,0
45,T2,2.0,1,3117527,19,15.228599999999998,26.2784,0
45,T2,2.0,1,3118007,20,10.6692,24.7296,0
45,T2,2.0,1,3118287,21,8.007,23.8272,0
45,T2,2.0,1,3118527,22,5.7324,23.0528,0
45,T2,2.0,1,3118767,23,4.6512,22.8032,0
46,T0,0.0,1,3130287,0,22.98438216,49.26326784,1
46,T0,0.0,1,3130527,1,21.66872088,48.621189120000004,1
46,T0,0.0,1,3130767,2,19.58932501088995,46.293088817739566,1
46,T0,0.0,1,3131007,3,18.394502494030565,45.91534087164269,1
46,T0,0.0,1,3131287,4,16.238102041667698,44.73016335743122,1
46,T0,0.0,1,3131527,5,15.334429748311997,43.75499610356699,1
46,T0,0.0,1,3131767,6,13.921034013404416,44.129986525285155,1
46,T0,0.0,1,3132007,7,12.399886306224259,44.642794322219544,1
46,T0,0.0,1,3132287,8,11.257213271999989,45.20068736,1
47,T0,0.0,1,3159287,0,39.277183935040696,31.969180149304794,0
47,T0,0.0,1,3159767,1,35.13712319999999,32.0539584,0
47,T0,0.0,1,3160287,2,35.77232616,33.813761920000005,0
47,T0,0.0,1,3160527,3,36.06448272,33.34580864,0
47,T0,0.0,1,3161007,4,35.903999999999996,34.4576,0
47,T0,0.0,1,3161527,5,35.7306,35.8336,0
47,T0,0.0,1,3162007,6,35.5776,37.1008,0
47,T0,0.0,1,3162527,7,35.4042,38.4832,0
47,T0,0.0,1,3163007,8,35.251200000000004,39.7504,0
47,T0,0.0,1,3163287,9,35.1594,40.4928,0
47,T0,0.0,1,3163767,10,34.82106240841501,44.01487916328432,0
47,T0,0.0,1,3164287,11,34.829471561011445,46.60623333987803,0
47,T0,0.0,1,3164767,12,34.214471999999994,49.2710656,0
47,T0,0.0,1,3165287,13,31.3315236,49.277601280000006,0
47,T0,0.0,1,3165767,14,28.451268000000002,49.2643584,0
47,T0,0.0,1,3166007,15,27.121800000000004,48.6976,0
47,T0,0.0,1,3166527,16,24.1434,48.4544,0
47,T0,0.0,1,3167007,17,21.3894,48.2368,0
47,T0,0.0,1,3167527,18,18.421200000000002,47.9936,0
47,T0,0.0,1,3168007,19,17.3502,46.7648,0
47,T0,0.0,1,3168527,20,16.360799999999998,45.3376,0
47,T0,0.0,1,3168767,21,15.901800000000001,44.6784,0
47,T0,0.0,1,3169287,22,14.9022,43.2512,0
47,T0,0.0,1,3169767,23,13.994399999999999,41.9328,0
48,T0,0.0,1,3171767,0,29.898403199999997,36.1419072,0
48,T0,0.0,1,3172007,1,24.848206660887335,44.89044578432838,0
48,T0,0.0,1,3172287,2,24.721558227040518,47.46512326402068,0
48,T0,0.0,1,3172527,3,24.55603514521275,49.69615039315335,0
48,T0,0.0,1,3172767,4,23.43293328,54.29071807999999,0
48,T0,0.0,1,3173007,5,23.7090228,55.407647999999995,0
48,T0,0.0,1,3173287,6,23.190489480000004,55.6531808,0
48,T0,0.0,1,3173527,7,22.76995164,55.8835744,0
48,T0,0.0,1,3173767,8,22.25644488,56.1254848,0
48,T0,0.0,1,3174007,9,21.6499692,56.344352,0
48,T0,0.0,1,3174287,10,21.2772,55.6672,0
48,T0,0.0,1,3174527,11,20.858999999999998,55.712,0
48,T0,0.0,1,3174767,12,20.4408,55.7568,0
48,T0,0.0,1,3175007,13,19.59853071667135,56.92448464115639,0
48,T0,0.0,1,3175287,14,19.370265874364133,56.642019608676435,0
48,T0,0.0,1,3175527,15,19.112611487377386,56.391542286102236,0
48,T0,0.0,1,3175767,16,18.939400799999998,56.46546560000001,0
48,T0,0.0,1,3176007,17,18.6449210097771,53.8309562945365,0
48,T0,0.0,1,3176287,18,18.186869301091622,52.86240677503092,0
48,T0,0.0,1,3176527,19,17.692743928630435,51.78596179340858,0
48,T0,0.0,1,3176767,20,17.823233568,49.54645977599999,0
48,T0,0.0,1,3177007,21,17.06233152,49.52590784,0
48,T0,0.0,1,3177287,22,14.786901239999999,49.54031680000001,0
49,T1,1.0,1,3202007,0,56.20861164,61.72736384,0
49,T1,1.0,1,3202527,1,60.1902,54.7072,0
49,T1,1.0,1,3203007,2,63.6174,48.6848,0
49,T1,1.0,1,3203287,3,65.6064,45.1648,0
49,T1,1.0,1,3203767,4,67.32000000000001,41.9776,0
49,T1,1.0,1,3204287,5,66.57539999999999,42.8224,0
49,T1,1.0,1,3204767,6,65.8818,43.6032,0
49,T1,1.0,1,3205007,7,64.9842,44.7616,0
49,T1,1.0,1,3205527,8,61.59661557873525,49.934191891883984,0
49,T1,1.0,1,3206007,9,59.1513198,53.14315520000001,0
49,T1,1.0,1,3206527,10,57.97471818,52.78671232,0
49,T1,1.0,1,3207007,11,56.67288708,52.227345920000005,0
49,T1,1.0,1,3207287,12,55.908862199999994,51.8656128,0
49,T1,1.0,1,3207767,13,53.917199999999994,51.648,0
49,T1,1.0,1,3208287,14,52.254599999999996,51.1616,0
49,T1,1.0,1,3208767,15,51.14268654950962,49.744495737046954,0
49,T1,1.0,1,3209287,16,49.030410599999996,49.0566528,0
49,T1,1.0,1,3209527,17,44.51777776787171,49.249463901799615,0
49,T1,1.0,1,3210007,18,41.71798341698817,48.507650177586655,0
49,T1,1.0,1,3210527,19,37.37274594,47.34643712,0
49,T1,1.0,1,3211007,20,35.226407880000004,46.46139456,0
49,T1,1.0,1,3211287,21,34.06366296,46.30983551999999,0
49,T1,1.0,1,3211767,22,31.5282,45.9584,0
49,T1,1.0,1,3212287,23,30.5388,46.8736,0
50,T3,3.0,1,3217287,0,64.20045602171278,29.64940344656258,0
50,T3,3.0,1,3217527,1,62.54734337979287,30.28923739699239,0
50,T3,3.0,1,3217767,2,60.779981145877855,30.987053891281228,0
50,T3,3.0,1,3218007,3,56.49811824,34.03431296,0
50,T3,3.0,1,3218287,4,56.00818980000001,33.720704000000005,0
50,T3,3.0,1,3218527,5,53.86029318,33.2831744,0
50,T3,3.0,1,3218767,6,52.35475074,32.9915392,0
50,T3,3.0,1,3219007,7,50.836957080000005,32.7217664,0
50,T3,3.0,1,3219287,8,49.053952200000005,32.413696,0
50,T3,3.0,1,3219527,9,45.5328,31.8848,0
50,T3,3.0,1,3219767,10,45.471599999999995,32.0768,0
50,T3,3.0,1,3220007,11,47.2056,32.7872,0
51,T3,3.0,1,3224767,0,80.3556,46.0928,0
51,T3,3.0,1,3225287,1,79.76400000000001,45.0816,0
51,T3,3.0,1,3225767,2,79.2234,44.1536,0
51,T3,3.0,1,3226287,3,78.642,43.1488,0
51,T3,3.0,1,3226767,4,78.1014,42.2208,0
51,T3,3.0,1,3227287,5,77.52,41.2096,0
51,T3,3.0,1,3228007,6,76.704,39.8144,0
51,T3,3.0,1,3228527,7,76.12259999999999,38.8096,0
51,T3,3.0,1,3229007,8,76.39517123492352,38.391722695351596,0
51,T3,3.0,1,3229527,9,75.0966228,37.22642559999999,0
51,T3,3.0,1,3230007,10,74.19069348000001,34.573592960000006,0
51,T3,3.0,1,3230527,11,73.20462888,30.665813760000002,0
51,T3,3.0,1,3231007,12,71.27759999999999,25.4528,0
51,T3,3.0,1,3231527,13,69.9822,21.5424,0
51,T3,3.0,1,3232007,14,69.5844,21.408,0
51,T3,3.0,1,3232527,15,69.48102035524711,21.33408407687901,0
51,T3,3.0,1,3233007,16,69.4068588,21.7626432,0
51,T3,3.0,1,3233527,17,61.558538445372825,12.378912610662994,0
51,T3,3.0,1,3234287,18,54.80054677603066,5.377368255598922,0
51,T3,3.0,1,3234767,19,49.94068637066357,3.3359572947575242,0
51,T3,3.0,1,3235287,20,46.80602473212249,3.166440510727756,0
51,T3,3.0,1,3235767,21,41.493957051,3.0790447334400004,0
51,T3,3.0,1,3236287,22,42.90082668,1.9803228800000001,0
51,T3,3.0,1,3236767,23,44.41694040000001,0.9704864000000001,0
52,T1,1.0,1,3273527,0,55.85726043050113,62.616586627989136,0
52,T1,1.0,1,3274527,1,57.81862860000001,61.7422272,0
52,T1,1.0,1,3275287,2,57.51298356,61.228453120000005,0
52,T1,1.0,1,3276287,3,60.7308,53.6448,0
52,T1,1.0,1,3277007,4,65.07600000000001,44.8896,0
52,T1,1.0,1,3278007,5,68.20739999999999,36.448,0
52,T1,1.0,1,3279007,6,66.18780000000001,34.6368,0
52,T1,1.0,1,3279767,7,64.65780000000001,33.2544,0
52,T1,1.0,1,3280767,8,62.648399999999995,31.4432,0
52,T1,1.0,1,3281527,9,61.118399999999994,30.0608,0
52,T1,1.0,1,3282527,10,58.96619999999999,36.6848,0
52,T1,1.0,1,3283527,11,62.832,41.0432,0
52,T1,1.0,1,3284287,12,77.77036341385579,35.68711931481393,0
52,T1,1.0,1,3285287,13,85.27080341198231,32.061380497907464,0
52,T1,1.0,1,3286287,14,84.60474354000002,31.203503808,0
52,T1,1.0,1,3287007,15,80.8122846,28.70546752,0
52,T1,1.0,1,3288007,16,75.0618,26.5984,0
52,T1,1.0,1,3288767,17,73.83897136916357,27.38193456277604,0
52,T1,1.0,1,3289767,18,71.88672360000001,28.785139200000003,0
52,T1,1.0,1,3290767,19,71.26560684,39.11521408,0
52,T1,1.0,1,3291527,20,70.47503544,40.41125376,0
52,T1,1.0,1,3292527,21,68.7582,42.2976,0
52,T1,1.0,1,3293287,22,63.81120000000001,46.8224,0
52,T1,1.0,1,3294287,23,59.0784,53.6704,0
53,T3,3.0,1,3307767,0,83.45793600005048,20.44768279779361,0
53,T3,3.0,1,3308007,1,83.22105598407741,20.102562187330754,0
53,T3,3.0,1,3308287,2,82.44829483199999,20.502963968,0
53,T3,3.0,1,3308527,3,82.49874648000001,19.19718272,0
53,T3,3.0,1,3308767,4,79.64441947048739,14.486871605219019,0
53,T3,3.0,1,3309007,5,79.00248193110252,13.479357569776344,0
53,T3,3.0,1,3309287,6,78.17511874518591,12.281520133430165,0
53,T3,3.0,1,3309527,7,76.18604604,9.938035840000001,0
53,T3,3.0,1,3309767,8,75.30072480000001,9.580288000000001,0
53,T3,3.0,1,3310007,9,74.70162168000002,9.437708800000001,0
53,T3,3.0,1,3310287,10,73.63503624,9.3542784,0
53,T3,3.0,1,3310527,11,72.67877808,9.2649728,0
54,T3,3.0,1,3326527,0,69.34173792,13.46263296,0
54,T3,3.0,1,3328007,1,74.56048590161231,20.625745526090487,0
54,T3,3.0,1,3329527,2,71.16984108000001,27.37058176,0
54,T3,3.0,1,3331007,3,65.8716,37.376,0
54,T3,3.0,1,3332287,4,59.38934699999999,38.62983680000001,0
54,T3,3.0,1,3333767,5,57.823545,57.728448,0
54,T3,3.0,1,3335287,6,56.2224,60.224,0
54,T3,3.0,1,3336767,7,68.9928,53.9584,0
54,T3,3.0,1,3338287,8,83.95620000000001,46.4832,0
54,T3,3.0,1,3339767,9,86.93459999999999,44.288,0
54,T3,3.0,1,3341287,10,84.3875070010468,44.86082040457288,0
54,T3,3.0,1,3342767,11,82.06536155230647,33.988866026721404,0
54,T3,3.0,1,3344007,12,80.84860272,28.76356608,0
54,T3,3.0,1,3345527,13,77.78519999999999,22.8224,0
54,T3,3.0,1,3347007,14,64.80013062292872,4.604915128489996,0
54,T3,3.0,1,3348527,15,63.24235844400001,8.070533504,0
54,T3,3.0,1,3350007,16,65.4942,14.9824,0
54,T3,3.0,1,3351527,17,67.2384,13.6768,0
54,T3,3.0,1,3353007,18,68.9653008,11.738899199999999,0
54,T3,3.0,1,3354527,19,67.9524,29.0176,0
54,T3,3.0,1,3355767,20,65.178,38.4896,0
54,T3,3.0,1,3357287,21,59.54299980000001,42.329945599999995,0
54,T3,3.0,1,3358767,22,40.035000000000004,35.7248,0
54,T3,3.0,1,3360287,23,22.8786,29.1072,0
55,T1,1.0,1,3400007,0,55.0086,63.0464,0
55,T1,1.0,1,3400767,1,57.4974,59.7056,0
55,T1,1.0,1,3401767,2,60.8458662,54.614668800000004,0
55,T1,1.0,1,3402527,3,61.60036638679168,54.857430594384724,0
55,T1,1.0,1,3403527,4,63.666997499999994,52.271596800000005,0
55,T1,1.0,1,3404287,5,66.24437572903935,42.29293949090873,0
55,T1,1.0,1,3405007,6,67.55453268,36.63776576,0
55,T1,1.0,1,3406007,7,67.27510126117079,34.622092858304796,0
55,T1,1.0,1,3406767,8,66.297297,33.5586048,0
55,T1,1.0,1,3407767,9,61.200341144376644,44.002896281184746,0
55,T1,1.0,1,3408527,10,58.141094460000005,49.10772224000001,0
55,T1,1.0,1,3409287,11,57.649043400000004,49.10888960000001,0
55,T1,1.0,1,3410287,12,56.2326,49.7024,0
55,T1,1.0,1,3411007,13,55.4676,49.9328,0
55,T1,1.0,1,3411767,14,54.66180000000001,50.1696,0
55,T1,1.0,1,3412767,15,43.961999999999996,49.12,0
55,T1,1.0,1,3413527,16,40.851099854373494,47.30693738521891,0
55,T1,1.0,1,3414527,17,44.033362260000004,43.3189888,0
55,T1,1.0,1,3415287,18,48.496685400000004,38.086912,0
55,T1,1.0,1,3416007,19,53.794799999999995,31.3088,0
55,T1,1.0,1,3417007,20,55.2636,29.7472,0
55,T1,1.0,1,3417767,21,53.9682,23.5776,0
55,T1,1.0,1,3418767,22,48.73188131604616,6.4268739641606345,0
55,T1,1.0,1,3419527,23,48.464107722,5.5968266112,0
56,T1,1.0,1,3487007,0,76.092,16.1792,0
56,T1,1.0,1,3487286,1,75.64320000000001,19.5584,0
56,T1,1.0,1,3487766,2,75.34850291089548,27.80320799992193,0
56,T1,1.0,1,3488008,3,74.72473894688022,29.934887719641473,0
56,T1,1.0,1,3488287,4,74.10822239999999,33.668300800000004,0
56,T1,1.0,1,3488527,5,73.61046239999999,34.5284608,0
56,T1,1.0,1,3489007,6,72.99120534052098,34.73320722731403,0
56,T1,1.0,1,3489288,7,72.72050609533255,34.90678609217939,0
56,T1,1.0,1,3489526,8,72.62722866561856,35.08958160797921,0
56,T1,1.0,1,3489768,9,73.03497839999999,34.358937600000004,0
56,T1,1.0,1,3490287,10,71.32836744000001,37.810972160000006,0
56,T1,1.0,1,3490527,11,69.86367192,40.73209088,0
56,T1,1.0,1,3490767,12,66.89522179769997,48.73716175435645,0
56,T1,1.0,1,3491007,13,65.46079836685472,50.97489130142185,0
56,T1,1.0,1,3491528,14,60.028438200000004,59.7641024,0
56,T1,1.0,1,3491766,15,59.21214102318142,60.34337505237927,0
56,T1,1.0,1,3492008,16,58.8943696119103,60.571652768058776,0
56,T1,1.0,1,3492287,17,58.63200677785483,60.767460392453344,0
56,T1,1.0,1,3492767,18,52.25570079664543,55.94437096787001,0
56,T1,1.0,1,3493007,19,51.8596299781513,55.49592632433788,0
56,T1,1.0,1,3493288,20,50.001154944069626,54.334353938417536,0
56,T1,1.0,1,3493526,21,44.49139989,50.170020032,0
56,T1,1.0,1,3494006,22,43.13061534,51.522931840000005,0
56,T1,1.0,1,3494287,23,43.74069162,51.14098112,0
57,T1,1.0,1,3718767,0,50.7348,31.7184,0
57,T1,1.0,1,3720008,1,60.72396377537498,33.54725718456982,0
57,T1,1.0,1,3721288,2,63.506425224000004,34.390557183999995,0
57,T1,1.0,1,3722527,3,59.86996891382212,19.52397727710469,0
57,T1,1.0,1,3724008,4,58.718006868,9.298277503999998,0
57,T1,1.0,1,3725288,5,66.75671394899956,17.559770711885385,0
57,T1,1.0,1,3726527,6,69.9510084,21.68683648,0
57,T1,1.0,1,3727766,7,65.28,29.5232,0
57,T1,1.0,1,3729007,8,59.0784,42.0032,0
57,T1,1.0,1,3730287,9,57.0486,43.8848,0
57,T1,1.0,1,3731528,10,55.08284579999999,45.7088576,0
57,T1,1.0,1,3732767,11,46.00596779999999,60.6137408,0
57,T1,1.0,1,3734287,12,45.971399999999996,59.5776,0
57,T1,1.0,1,3735528,13,58.53661182275765,50.07035369451633,0
57,T1,1.0,1,3736767,14,61.772308370786064,46.95767784589067,0
57,T1,1.0,1,3738006,15,63.976984679999994,39.19814528,0
57,T1,1.0,1,3739286,16,64.1478,30.2784,0
57,T1,1.0,1,3740527,17,59.374199999999995,32.1216,0
57,T1,1.0,1,3741768,18,44.5944,46.4512,0
57,T1,1.0,1,3743007,19,29.3762448,61.196499200000005,0
57,T1,1.0,1,3744527,20,18.237599999999997,63.5072,0
57,T1,1.0,1,3745768,21,12.2604,64.0,0
57,T1,1.0,1,3747007,22,7.446,64.0,0
57,T1,1.0,1,3748287,23,10.556999999999999,54.9888,0
58,T1,1.0,1,3819007,0,97.89470642271559,18.663087976031598,0
58,T1,1.0,1,3820008,1,98.62881023999999,17.0352448,0
58,T1,1.0,1,3820767,2,93.70163947401423,21.71925888061616,0
58,T1,1.0,1,3821768,3,90.23333486390337,24.842446098090313,0
58,T1,1.0,1,3822527,4,89.758275588,27.914597504000007,0
58,T1,1.0,1,3823528,5,86.80832698607958,40.6198707768578,0
58,T1,1.0,1,3824287,6,83.92394759999999,45.1214976,0
58,T1,1.0,1,3825288,7,80.32555896000001,46.077928959999994,0
58,T1,1.0,1,3826006,8,77.65259999999999,46.8736,0
58,T1,1.0,1,3827007,9,74.256,47.9744,0
58,T1,1.0,1,3827766,10,71.6754,48.8064,0
58,T1,1.0,1,3828767,11,68.2788,49.9072,0
58,T1,1.0,1,3829526,12,65.7084,50.7456,0
58,T1,1.0,1,3830527,13,62.193653399999995,51.808096000000006,0
58,T1,1.0,1,3831286,14,57.56871942,54.3569248,0
58,T1,1.0,1,3832287,15,47.1954,60.7232,0
58,T1,1.0,1,3833007,16,42.7278,61.9008,0
58,T1,1.0,1,3834006,17,37.9644,61.8368,0
58,T1,1.0,1,3834767,18,34.3332,61.7856,0
58,T1,1.0,1,3835766,19,29.5698,61.7216,0
58,T1,1.0,1,3836527,20,25.948800000000002,61.6704,0
58,T1,1.0,1,3837526,21,21.9402,61.1776,0
58,T1,1.0,1,3838287,22,18.992795346179744,60.828578015751646,0
58,T1,1.0,1,3839286,23,14.171126220000001,57.29100992,0
59,T0,0.0,1,3882527,0,52.59119999999999,36.3072,0
59,T0,0.0,1,3883007,1,50.602199999999996,36.3072,0
59,T0,0.0,1,3883286,2,49.449600000000004,36.3072,0
59,T0,0.0,1,3883766,3,47.9094,37.376,0
59,T0,0.0,1,3884287,4,47.7258,42.016,0
59,T0,0.0,1,3884527,5,47.634,44.1536,0
59,T0,0.0,1,3885007,6,47.4606,48.4288,0
59,T0,0.0,1,3885526,7,47.277,53.0624,0
59,T0,0.0,1,3885768,8,47.1852,55.2064,0
59,T0,0.0,1,3886287,9,46.5732,58.8736,0
59,T0,0.0,1,3886767,10,44.6964,59.2768,0
59,T0,0.0,1,3887007,11,43.758,59.4816,0
59,T0,0.0,1,3887528,12,41.717999999999996,59.9232,0
59,T0,0.0,1,3887766,13,40.7796,60.128,0
59,T0,0.0,1,3888287,14,38.7498,60.5696,0
59,T0,0.0,1,3888767,15,36.873,60.9792,0
59,T0,0.0,1,3889007,16,34.5678,59.1872,0
59,T0,0.0,1,3889526,17,28.101000000000003,53.1456,0
59,T0,0.0,1,3890006,18,22.134,47.5712,0
59,T0,0.0,1,3890287,19,18.6558,44.3136,0
59,T0,0.0,1,3890767,20,12.6888,38.7392,0
59,T0,0.0,1,3891286,21,6.2322,32.6976,0
59,T0,0.0,1,3891528,22,3.2436000000000003,29.9136,0
59,T0,0.0,1,3892008,23,3.7128,30.016,0
60,T3,3.0,1,4011766,0,79.7213232,10.780422399999999,0
60,T3,3.0,1,4012008,1,85.03355303565392,13.680291442810383,0
60,T3,3.0,1,4012527,2,87.38940137093495,15.733278562996617,0
60,T3,3.0,1,4012767,3,88.0607478905016,16.86338022939004,0
60,T3,3.0,1,4013288,4,87.759995832,17.961771136,0
60,T3,3.0,1,4013526,5,87.66779864400002,19.225326912,0
60,T3,3.0,1,4014006,6,87.75785709600001,22.510407808000004,0
60,T3,3.0,1,4014287,7,87.09923004000001,25.70764992,0
60,T3,3.0,1,4014767,8,85.28997973826445,34.490252396323,0
60,T3,3.0,1,4015007,9,84.63884946559826,36.39089836256939,0
60,T3,3.0,1,4015528,10,83.28830400000001,41.556000000000004,0
60,T3,3.0,1,4015766,11,82.49372400000001,42.36240000000001,0
60,T3,3.0,1,4016287,12,79.31362920000001,42.92782400000001,0
60,T3,3.0,1,4016527,13,77.7457464,43.13532800000001,0
60,T3,3.0,1,4017007,14,73.7868,43.456,0
60,T3,3.0,1,4017288,15,71.74680000000001,43.6992,0
60,T3,3.0,1,4017768,16,68.2686,44.1216,0
60,T3,3.0,1,4018006,17,67.38005927721551,44.397027568179986,0
60,T3,3.0,1,4018527,18,62.76183965600982,44.84609407057589,0
60,T3,3.0,1,4018767,19,60.2279298,45.1561664,0
60,T3,3.0,1,4019286,20,55.83307518000001,44.04149824,0
60,T3,3.0,1,4019528,21,52.28569674,42.11133632,0
60,T3,3.0,1,4020008,22,47.9309322,38.9372096,0
60,T3,3.0,1,4020287,23,47.9706,36.4992,0
61,T1,1.0,1,4031766,0,40.25249670172013,62.16053872865925,0
61,T1,1.0,1,4032527,1,43.041439799999985,59.8058112,0
61,T1,1.0,1,4033288,2,42.582181739999996,58.602978560000004,0
61,T1,1.0,1,4033768,3,41.904262200000005,57.8288768,0
61,T1,1.0,1,4034527,4,41.3814,57.024,0
61,T1,1.0,1,4035286,5,40.6368,56.0064,0
61,T1,1.0,1,4036008,6,39.698766218808615,54.69181975018192,0
61,T1,1.0,1,4036527,7,39.50154,54.499398400000004,0
61,T1,1.0,1,4037288,8,39.387040304488345,59.16902625101765,0
61,T1,1.0,1,4038006,9,40.82526668946535,61.602033564230794,0
61,T1,1.0,1,4038767,10,40.486123968,60.58654764800001,0
61,T1,1.0,1,4039528,11,44.02323609186882,54.13691682274904,0
61,T1,1.0,1,4040008,12,46.277693818294246,50.3490574469763,0
61,T1,1.0,1,4040767,13,48.265896528,47.25792,0
61,T1,1.0,1,4041526,14,51.1136994,42.162439680000006,0
61,T1,1.0,1,4042287,15,53.39253134483653,33.17392141326214,0
61,T1,1.0,1,4043007,16,52.0141758,32.1718272,0
61,T1,1.0,1,4043528,17,52.221285779999995,35.16349952,0
61,T1,1.0,1,4044287,18,53.148946200000005,42.4823808,0
61,T1,1.0,1,4045007,19,51.4896,47.5072,0
61,T1,1.0,1,4045768,20,48.6438,47.1872,0
61,T1,1.0,1,4046287,21,46.6956,46.9696,0
61,T1,1.0,1,4047007,22,43.76567432424939,47.46013978189711,0
61,T1,1.0,1,4047766,23,40.867717799999994,46.3225984,0
62,T0,0.0,1,4087007,0,69.96312922224804,16.617557881485524,0
62,T0,0.0,1,4087528,1,73.36411214004565,17.124583292428238,0
62,T0,0.0,1,4088008,2,73.83384691915087,18.640503045165964,0
62,T0,0.0,1,4088767,3,76.990416612,19.325949184000002,0
62,T0,0.0,1,4089288,4,73.15826385934726,16.812855061416716,0
62,T0,0.0,1,4089768,5,71.66351396170192,17.53923107914458,0
62,T0,0.0,1,4090287,6,68.757085956,16.250010432,0
62,T0,0.0,1,4091007,7,66.14649612,18.12889728,0
62,T0,0.0,1,4091528,8,62.974799999999995,21.824,0
62,T0,0.0,1,4092008,9,60.41835039591333,23.574429704679353,0
62,T0,0.0,1,4092527,10,57.42419459999999,26.922547199999997,0
62,T0,0.0,1,4093007,11,55.57418286,29.68209152,0
62,T0,0.0,1,4093768,12,51.37379940000001,36.3505408,0
62,T0,0.0,1,4094287,13,47.9502,43.0848,0
62,T0,0.0,1,4094767,14,43.25267362559279,50.498213723097834,0
62,T0,0.0,1,4095286,15,41.33926779595235,54.738846871404434,0
62,T0,0.0,1,4095766,16,39.0806064,58.5731456,0
62,T0,0.0,1,4096527,17,34.501777440000005,58.64299776000001,0
62,T0,0.0,1,4097007,18,31.987199999999998,58.3296,0
62,T0,0.0,1,4097526,19,29.008799999999997,58.2272,0
62,T0,0.0,1,4098006,20,25.6224,54.2656,0
62,T0,0.0,1,4098767,21,18.8496,39.424,0
62,T0,0.0,1,4099286,22,14.2086,29.2736,0
62,T0,0.0,1,4099766,23,19.206599999999998,31.5456,0
63,T0,0.0,1,4103286,0,55.406002199999996,48.025766399999995,0
63,T0,0.0,1,4103766,1,55.01389686,48.12348032,0
63,T0,0.0,1,4104287,2,54.54837185214597,48.42689293638737,0
63,T0,0.0,1,4104527,3,54.47880037665093,48.32573360508948,0
63,T0,0.0,1,4105007,4,54.0619992,48.0054656,0
63,T0,0.0,1,4105526,5,54.63125828829973,40.6338990324747,0
63,T0,0.0,1,4106006,6,54.6443865552592,37.24203278026305,0
63,T0,0.0,1,4106527,7,54.78471,30.850054399999998,0
63,T0,0.0,1,4107007,8,53.095233,30.850414720000003,0
63,T0,0.0,1,4107286,9,51.892806000000014,30.95946624,0
63,T0,0.0,1,4107766,10,48.949799999999996,31.296,0
63,T0,0.0,1,4108287,11,46.3386,31.5392,0
63,T0,0.0,1,4108767,12,43.9212,31.7696,0
63,T0,0.0,1,4109288,13,41.2998,32.0128,0
63,T0,0.0,1,4109768,14,38.8824,32.2368,0
63,T0,0.0,1,4110006,15,37.6788,32.352,0
63,T0,0.0,1,4110527,16,34.7616,32.8704,0
63,T0,0.0,1,4111007,17,29.3658,35.6736,0
63,T0,0.0,1,4111528,18,29.427,37.2544,0
63,T0,0.0,1,4112008,19,32.1708,37.9136,0
63,T0,0.0,1,4112527,20,35.1492,38.6304,0
63,T0,0.0,1,4112767,21,36.526199999999996,38.9568,0
63,T0,0.0,1,4113288,22,39.504599999999996,39.6736,0
63,T0,0.0,1,4113768,23,41.5956,41.632,0
64,T1,1.0,1,4119766,0,74.99721071618137,46.20803768661597,0
64,T1,1.0,1,4120527,1,73.34690766,47.66297344,0
64,T1,1.0,1,4121288,2,73.5257514,45.8962176,0
64,T1,1.0,1,4121768,3,72.879,44.192,0
64,T1,1.0,1,4122527,4,72.6648,42.112,0
64,T1,1.0,1,4123286,5,72.44040000000001,40.0384,0
64,T1,1.0,1,4124008,6,72.2364,38.0736,0
64,T1,1.0,1,4124767,7,71.46838716106592,35.98146628356119,0
64,T1,1.0,1,4125526,8,70.973538,33.177248000000006,0
64,T1,1.0,1,4126006,9,73.35916234048072,36.24083800885549,0
64,T1,1.0,1,4126767,10,74.18293511286035,37.82857287560454,0
64,T1,1.0,1,4127528,11,75.58139198251823,38.76520285060706,0
64,T1,1.0,1,4128287,12,73.7823690996,39.7268045824,0
64,T1,1.0,1,4129007,13,71.20154880000001,40.463808,0
64,T1,1.0,1,4129768,14,68.0748,40.9408,0
64,T1,1.0,1,4130287,15,66.2082,41.3568,0
64,T1,1.0,1,4131007,16,63.607200000000006,41.9392,0
64,T1,1.0,1,4131766,17,59.823,41.8048,0
64,T1,1.0,1,4132527,18,53.0604,43.7376,0
64,T1,1.0,1,4133288,19,45.410399999999996,48.3456,0
64,T1,1.0,1,4134006,20,45.07626899773546,46.6571243153284,0
64,T1,1.0,1,4134527,21,41.058116277314774,42.766759652577626,0
64,T1,1.0,1,4135286,22,30.100305977999994,40.024356096,0
64,T1,1.0,1,4136008,23,27.641608974800878,40.101169971258145,0
65,T0,0.0,1,4179528,0,81.4167264,18.809248,1
65,T0,0.0,1,4180008,1,78.02552832,19.8817184,1
65,T0,0.0,1,4180527,2,74.59716960000002,20.896672000000002,1
65,T0,0.0,1,4180767,3,70.1454,22.6176,1
65,T0,0.0,1,4181288,4,65.5554,24.1728,1
65,T0,0.0,1,4181768,5,61.3122,25.6064,1
65,T0,0.0,1,4182287,6,56.69985528219929,24.59840148346887,1
65,T0,0.0,1,4182527,7,55.518090686349055,24.718322290596134,1
65,T0,0.0,1,4183007,8,54.899184599999984,21.4940224,1
65,T0,0.0,1,4183528,9,53.44365786000001,22.524499840000004,1
65,T0,0.0,1,4184008,10,50.725373160000004,25.10226304,1
65,T0,0.0,1,4184527,11,46.654799999999994,29.568,1
65,T0,0.0,1,4184767,12,45.053399999999996,31.2128,1
65,T0,0.0,1,4185288,13,41.5956,34.784,1
65,T0,0.0,1,4185768,14,38.3928,38.0736,1
65,T0,0.0,1,4186287,15,34.33434930941268,43.952260411712146,1
65,T0,0.0,1,4186767,16,31.66445113432499,45.981123332669185,1
65,T0,0.0,1,4187007,17,30.490207200000008,47.87825279999999,1
65,T0,0.0,1,4187528,18,26.42531952,48.08774848000001,1
65,T0,0.0,1,4188008,19,22.60794912,47.78453888,1
65,T0,0.0,1,4188527,20,18.615,47.4048,1
65,T0,0.0,1,4188767,21,16.7586,47.2512,1
65,T0,0.0,1,4189288,22,16.728,42.8032,1
65,T0,0.0,1,4189768,23,17.0034,38.3808,1
66,T2,2.0,1,4225288,0,68.8343838,20.7207424,0
66,T2,2.0,1,4225768,1,67.89140094,22.411717120000002,0
66,T2,2.0,1,4226527,2,65.6778,25.5616,0
66,T2,2.0,1,4227007,3,64.49459999999999,27.3792,0
66,T2,2.0,1,4227766,4,63.270599999999995,27.7952,0
66,T2,2.0,1,4228287,5,62.5158,27.7632,0
66,T2,2.0,1,4228767,6,58.13903448750374,26.105182827711964,0
66,T2,2.0,1,4229526,7,54.99579041299581,19.33499967391748,0
66,T2,2.0,1,4230006,8,55.23903428444593,17.639073188539363,0
66,T2,2.0,1,4230767,9,55.973123411308904,13.763038116130906,0
66,T2,2.0,1,4231286,10,55.388023067999995,11.320972672000002,0
66,T2,2.0,1,4231766,11,51.435151482,11.882370368,0
66,T2,2.0,1,4232527,12,44.45503812082126,15.104804386488915,0
66,T2,2.0,1,4233007,13,44.10267839999999,15.7204416,0
66,T2,2.0,1,4233526,14,41.16400944,15.687506560000001,0
66,T2,2.0,1,4234287,15,34.3748976,15.0444224,0
66,T2,2.0,1,4234767,16,27.9174,14.1248,0
66,T2,2.0,1,4235528,17,20.012400000000003,13.2224,0
66,T2,2.0,1,4236008,18,15.0144,12.6528,0
66,T2,2.0,1,4236527,19,11.2506,12.9088,0
66,T2,2.0,1,4237288,20,7.803,14.368,0
66,T2,2.0,1,4237768,21,5.6202000000000005,15.2896,0
66,T2,2.0,1,4238527,22,3.7842000000000002,17.2864,0
66,T2,2.0,1,4239007,23,4.6206,15.8464,0
67,T2,2.0,1,4326767,0,68.93159999999999,28.8832,1
67,T2,2.0,1,4327007,1,67.3506,28.8768,1
67,T2,2.0,1,4327528,2,63.9234,28.8576,1
67,T2,2.0,1,4327766,3,62.352599999999995,28.8448,1
67,T2,2.0,1,4328287,4,58.925399999999996,28.832,1
67,T2,2.0,1,4328527,5,57.3444,28.8192,1
67,T2,2.0,1,4329007,6,54.1824,28.8064,1
67,T2,2.0,1,4329288,7,52.346399999999996,28.7936,1
67,T2,2.0,1,4329526,8,50.7654,28.7872,1
67,T2,2.0,1,4330006,9,47.6034,28.768,1
67,T2,2.0,1,4330287,10,45.7572,28.7616,1
67,T2,2.0,1,4330767,11,42.6054,28.7424,1
67,T2,2.0,1,4331007,12,41.548205181735845,27.681834773436222,1
67,T2,2.0,1,4331528,13,37.56774703786992,28.29986977441665,1
67,T2,2.0,1,4331766,14,35.409861,28.2841024,1
67,T2,2.0,1,4332287,15,32.4064251,28.255219840000002,1
67,T2,2.0,1,4332527,16,30.80931930000001,27.510005120000002,1
67,T2,2.0,1,4332767,17,29.241900599999997,26.72818304,1
67,T2,2.0,1,4333288,18,25.690845011482338,21.8699209121135,1
67,T2,2.0,1,4333526,19,24.118383588575373,21.256781094752426,1
67,T2,2.0,1,4334006,20,21.2837892,19.245452800000002,1
67,T2,2.0,1,4334287,21,18.915349199999998,19.6940928,1
67,T2,2.0,1,4334767,22,14.343951960000002,20.884560640000004,1
67,T2,2.0,1,4335007,23,12.147706320000001,21.436602880000002,1
68,T2,2.0,1,4394767,0,55.27464864,39.1806848,0
68,T2,2.0,1,4395528,1,54.583545599999994,36.808832,0
68,T2,2.0,1,4396008,2,54.620999999999995,35.3152,0
68,T2,2.0,1,4396767,3,53.74395618197938,32.98970690797596,0
68,T2,2.0,1,4397288,4,53.8721772,31.2859648,0
68,T2,2.0,1,4398006,5,50.76290712,25.59863808,0
68,T2,2.0,1,4398527,6,46.5528,20.32,0
68,T2,2.0,1,4399286,7,42.23881069096857,12.518893402998776,0
68,T2,2.0,1,4400008,8,38.9684319,9.90242816,0
68,T2,2.0,1,4400527,9,38.1302214,10.28842496,0
68,T2,2.0,1,4401288,10,37.3728,11.4432,0
68,T2,2.0,1,4401768,11,36.730199999999996,11.9744,0
68,T2,2.0,1,4402527,12,35.699999999999996,12.8128,0
68,T2,2.0,1,4403007,13,35.0574,13.344,0
68,T2,2.0,1,4403766,14,34.0374,14.1888,0
68,T2,2.0,1,4404287,15,32.64656126793433,13.878259336086169,0
68,T2,2.0,1,4405007,16,32.3666196,15.562496,0
68,T2,2.0,1,4405768,17,31.120691065203033,27.318711756665593,0
68,T2,2.0,1,4406287,18,31.213560599999997,33.8555392,0
68,T2,2.0,1,4407007,19,29.95045278,34.78071296,0
68,T2,2.0,1,4407528,20,28.832402728397458,35.75266838795358,0
68,T2,2.0,1,4408287,21,25.955328,37.0387008,0
68,T2,2.0,1,4408767,22,19.2052944,42.00663104,0
68,T2,2.0,1,4409526,23,17.2074,45.6384,0
70,T0,0.0,1,4421526,0,75.2658,1.3312,1
70,T0,0.0,1,4422767,1,79.23917672904099,13.517756668603905,1
70,T0,0.0,1,4423766,2,80.59516740000001,20.610118399999998,1
70,T0,0.0,1,4425007,3,77.8464,24.192,1
70,T0,0.0,1,4426006,4,75.5412,27.1488,1
70,T0,0.0,1,4427286,5,72.34599899999999,31.2507648,1
70,T0,0.0,1,4428287,6,67.1132051616423,42.424284149821084,1
70,T0,0.0,1,4429526,7,61.891537259142744,51.18096610644977,1
70,T0,0.0,1,4430767,8,60.37655604,56.88174464,1
70,T0,0.0,1,4431766,9,50.5512,60.608,1
70,T0,0.0,1,4433007,10,45.594,61.9392,1
70,T0,0.0,1,4434006,11,45.25749776719826,61.70683459088109,1
70,T0,0.0,1,4435286,12,36.36794842799999,55.076274176,1
70,T0,0.0,1,4436287,13,36.295552564731025,55.45966864482867,1
70,T0,0.0,1,4437526,14,35.5893383166539,59.91354609176746,1
70,T0,0.0,1,4438527,15,29.176445160000004,61.620554240000004,1
70,T0,0.0,1,4439766,16,17.9826,62.2976,1
70,T0,0.0,1,4441007,17,13.923000000000002,62.5728,1
70,T0,0.0,1,4442006,18,12.1992,62.7072,1
70,T0,0.0,1,4443286,19,5.1714,46.2336,1
70,T0,0.0,1,4444287,20,7.81257863728476,45.5277746589816,1
70,T0,0.0,1,4445526,21,9.018868559999998,48.70475136,1
70,T0,0.0,1,4446527,22,5.202,50.7008,1
70,T0,0.0,1,4447766,23,3.1721489999999997,43.5389056,1
71,T1,1.0,1,4498006,0,70.51017036,47.2345472,0
71,T1,1.0,1,4498527,1,75.09189816000001,45.8725632,0
71,T1,1.0,1,4498767,2,77.1979044,45.345408,0
71,T1,1.0,1,4499286,3,86.32503327542281,40.943043757146924,0
71,T1,1.0,1,4499528,4,87.34204513115905,40.350836681985214,0
71,T1,1.0,1,4500008,5,90.9462702,38.5050176,0
71,T1,1.0,1,4500527,6,91.17350682,39.98087616,0
71,T1,1.0,1,4500767,7,91.63048926,41.14324288,0
71,T1,1.0,1,4501288,8,89.9924478,43.6678464,0
71,T1,1.0,1,4501526,9,86.39399999999999,45.536,0
71,T1,1.0,1,4502006,10,79.3968,47.8848,0
71,T1,1.0,1,4502527,11,71.80799999999999,50.432,0
71,T1,1.0,1,4502767,12,68.3094,51.6032,0
71,T1,1.0,1,4503286,13,66.3408,51.7184,0
71,T1,1.0,1,4503766,14,64.94340000000001,51.6416,0
71,T1,1.0,1,4504008,15,64.24980000000001,51.6032,0
71,T1,1.0,1,4504527,16,58.3032,55.4624,0
71,T1,1.0,1,4504767,17,55.386,57.3888,0
71,T1,1.0,1,4505288,18,49.062,61.5744,0
71,T1,1.0,1,4505768,19,49.5516,61.7152,0
71,T1,1.0,1,4506006,20,50.0922,61.6192,0
71,T1,1.0,1,4506527,21,51.2448,61.4016,0
71,T1,1.0,1,4506767,22,51.775200000000005,61.3056,0
71,T1,1.0,1,4507286,23,52.938,61.088,0
72,T2,2.0,1,4536527,0,72.3486,34.2656,0
72,T2,2.0,1,4537007,1,71.4816,28.576,0
72,T2,2.0,1,4537526,2,70.5432,22.4064,0
72,T2,2.0,1,4538006,3,69.4722,17.1456,0
72,T2,2.0,1,4538767,4,64.0968,16.2112,0
72,T2,2.0,1,4539286,5,60.424800000000005,15.5712,0
72,T2,2.0,1,4539766,6,57.028200000000005,14.9824,0
72,T2,2.0,1,4540287,7,53.65022244631282,13.602380419078466,0
72,T2,2.0,1,4540767,8,50.02020197154733,13.50435722363979,0
72,T2,2.0,1,4541288,9,46.53630659999999,13.1389632,0
72,T2,2.0,1,4541768,10,40.68675801515546,8.024998246568753,0
72,T2,2.0,1,4542287,11,35.347454340000006,4.63236736,0
72,T2,2.0,1,4543007,12,34.617518880000006,3.7085229440000003,0
72,T2,2.0,1,4543528,13,34.353926400000006,3.45463232,0
72,T2,2.0,1,4544008,14,29.853246176850778,6.926348894220862,0
72,T2,2.0,1,4544527,15,25.9674602456322,7.858058177195996,0
72,T2,2.0,1,4545007,16,22.1072556,8.8507968,0
72,T2,2.0,1,4545526,17,17.769638280000002,8.97483584,0
72,T2,2.0,1,4546006,18,13.655168399999999,9.1308352,0
72,T2,2.0,1,4546527,19,9.3024,9.4784,0
72,T2,2.0,1,4547286,20,7.4154,9.76,0
72,T2,2.0,1,4547766,21,7.5276000000000005,9.9264,0
72,T2,2.0,1,4548287,22,7.6602,10.1056,0
72,T2,2.0,1,4548767,23,13.34961573553954,9.747835296763837,0
73,T2,2.0,1,4556008,0,50.914127220000005,13.240718720000002,1
73,T2,2.0,1,4556527,1,55.16997659127562,16.018637421367504,1
73,T2,2.0,1,4557288,2,58.4161038,19.3968384,1
73,T2,2.0,1,4557768,3,58.875212940000004,19.33192192,1
73,T2,2.0,1,4558527,4,59.506800000000005,19.3536,1
73,T2,2.0,1,4559007,5,59.9046,19.3408,1
73,T2,2.0,1,4559766,6,60.547200000000004,19.3152,1
73,T2,2.0,1,4560287,7,60.3942,18.1312,1
73,T2,2.0,1,4560767,8,58.4868,13.44,1
73,T2,2.0,1,4561526,9,56.049,9.2672,1
73,T2,2.0,1,4562006,10,55.0188,9.4592,1
73,T2,2.0,1,4562767,11,53.397,9.7664,1
73,T2,2.0,1,4563286,12,52.285199999999996,9.9776,1
73,T2,2.0,1,4564008,13,50.745,10.272,1
73,T2,2.0,1,4564527,14,49.633199999999995,10.4832,1
73,T2,2.0,1,4565288,15,52.6524,20.448,1
73,T2,2.0,1,4565768,16,54.5598,26.7456,1
73,T2,2.0,1,4566287,17,55.243199999999995,29.7024,1
73,T2,2.0,1,4567007,18,55.0086,30.4448,1
73,T2,2.0,1,4567528,19,53.6418,31.488,1
73,T2,2.0,1,4568287,20,42.034200000000006,37.0176,1
73,T2,2.0,1,4568767,21,32.101732718281944,43.46615430218925,1
73,T2,2.0,1,4569526,22,22.165718177520848,46.211837069544806,1
73,T2,2.0,1,4570006,23,16.591760639999993,45.912918272000006,1
74,T1,1.0,1,4620287,0,63.23133,37.42177728,0
74,T1,1.0,1,4620527,1,62.12463000000001,38.03600704,0
74,T1,1.0,1,4620767,2,60.98478,38.71479168,0
74,T1,1.0,1,4621007,3,59.77914000000001,39.4120512,0
74,T1,1.0,1,4621288,4,54.29290042447766,40.467986934010874,0
74,T1,1.0,1,4621526,5,53.45664338160307,40.640621475146446,0
74,T1,1.0,1,4621768,6,52.65542614313971,40.927396991024494,0
74,T1,1.0,1,4622006,7,50.844766199999995,41.700230399999995,0
74,T1,1.0,1,4622287,8,51.2629662,42.243590399999995,0
74,T1,1.0,1,4622527,9,51.23977242000001,42.06947264,0
74,T1,1.0,1,4622767,10,50.96007006,41.48703552,0
74,T1,1.0,1,4623007,11,50.65883652,40.916739840000005,0
74,T1,1.0,1,4623286,12,50.2687518,40.2561856,0
74,T1,1.0,1,4623528,13,49.164,38.6816,0
74,T1,1.0,1,4623766,14,48.705,37.9072,0
75,T3,3.0,1,4631528,0,49.388400000000004,1.7472,0
75,T3,3.0,1,4632287,1,51.979200000000006,7.6352,0
75,T3,3.0,1,4633288,2,53.5806,1.1776,0
75,T3,3.0,1,4634006,3,54.33539999999999,1.4272,0
75,T3,3.0,1,4635007,4,55.406400000000005,2.144,0
75,T3,3.0,1,4635766,5,56.3856,9.5104,0
75,T3,3.0,1,4636767,6,70.2012246,12.2357376,0
75,T3,3.0,1,4637526,7,70.70500445382658,12.926491974530638,0
75,T3,3.0,1,4638287,8,69.36835380000001,13.326367999999999,0
75,T3,3.0,1,4639286,9,69.8678682,20.315552,0
75,T3,3.0,1,4640008,10,71.4204,27.904,0
75,T3,3.0,1,4641007,11,72.57300000000001,36.0448,0
75,T3,3.0,1,4641768,12,70.023,38.272,0
75,T3,3.0,1,4642767,13,65.127,42.2592,0
75,T3,3.0,1,4643528,14,56.28359999999999,50.656,0
75,T3,3.0,1,4644527,15,45.666978695578834,61.04840328464065,0
75,T3,3.0,1,4645288,16,41.892176034643214,61.395105798477395,0
75,T3,3.0,1,4646006,17,37.722941928,62.84072128,0
75,T3,3.0,1,4647007,18,37.1716458,60.8737216,0
75,T3,3.0,1,4647766,19,40.851,61.6768,0
75,T3,3.0,1,4648767,20,44.3088,58.1568,0
75,T3,3.0,1,4649526,21,44.3394,54.6176,0
75,T3,3.0,1,4650527,22,44.37,49.9584,0
75,T3,3.0,1,4651286,23,44.400600000000004,46.4128,0
76,T0,0.0,1,4666006,0,41.60533747329695,50.24116830300758,0
76,T0,0.0,1,4666287,1,39.79121410854819,50.67703605220804,0
76,T0,0.0,1,4666527,2,36.39402839999999,51.220569600000005,0
76,T0,0.0,1,4666767,3,36.34624752788812,51.49580918859991,0
76,T0,0.0,1,4667007,4,36.279890476570586,51.80982651430461,0
76,T0,0.0,1,4667286,5,36.07098058991081,52.32586959895693,0
76,T0,0.0,1,4667528,6,36.42793034399999,52.781089535999996,0
76,T0,0.0,1,4667766,7,35.47502675999999,53.24385664,0
76,T0,0.0,1,4668008,8,33.33576138,53.50463424,0
76,T0,0.0,1,4668287,9,31.142963339999998,53.905544320000004,0
76,T0,0.0,1,4668527,10,29.23790628,54.22658944,0
76,T0,0.0,1,4668767,11,27.3064302,54.5215296,0
76,T0,0.0,1,4669007,12,24.0414,54.88,0
76,T0,0.0,1,4669288,13,21.450599999999998,55.2512,0
76,T0,0.0,1,4669526,14,19.237199999999998,55.5648,0
76,T0,0.0,1,4669768,15,17.0136,55.8848,0
76,T0,0.0,1,4670006,16,14.79,56.1984,0
76,T0,0.0,1,4670287,17,12.7806,54.7392,0
76,T0,0.0,1,4670527,18,11.2608,52.864,0
77,T1,1.0,1,4678527,0,66.8202,49.6896,0
77,T1,1.0,1,4679286,1,73.9806,46.944,0
77,T1,1.0,1,4680287,2,85.40093249154431,42.48804642668567,0
77,T1,1.0,1,4681007,3,87.29402018161184,41.563509572676026,0
77,T1,1.0,1,4682006,4,85.218807,42.516115199999994,0
77,T1,1.0,1,4682767,5,75.83920530702733,51.52192109441403,0
77,T1,1.0,1,4683766,6,68.53245666000001,56.387954560000004,0
77,T1,1.0,1,4684527,7,66.69730194636058,55.14701098918577,0
77,T1,1.0,1,4685288,8,60.96208962660087,51.47737586978984,0
77,T1,1.0,1,4686287,9,56.93476494000001,48.15946112,0
77,T1,1.0,1,4687007,10,56.400485880000005,49.45664,0
77,T1,1.0,1,4688008,11,55.98312232411084,51.32392297624371,0
77,T1,1.0,1,4688767,12,53.859213,53.4785664,0
77,T1,1.0,1,4689768,13,45.729441552256176,60.62452814360218,0
77,T1,1.0,1,4690527,14,45.068087999999996,60.2025152,0
77,T1,1.0,1,4691528,15,36.931752,58.9627328,0
77,T1,1.0,1,4692287,16,27.821147416165605,57.42406818921073,0
77,T1,1.0,1,4693007,17,22.20432492,57.12515968,0
77,T1,1.0,1,4694006,18,16.4118,55.6992,0
77,T1,1.0,1,4694767,19,11.9748,54.7136,0
77,T1,1.0,1,4695766,20,9.261600000000001,53.8048,0
77,T1,1.0,1,4696527,21,10.761,53.568,0
77,T1,1.0,1,4697526,22,12.49703801281537,53.23037166042985,0
77,T1,1.0,1,4698287,23,15.925870980000001,51.57221824,0
78,T1,1.0,1,4714006,0,57.3648,44.6144,0
78,T1,1.0,1,4714527,1,57.9564,45.344,0
78,T1,1.0,1,4714767,2,58.23179999999999,45.6768,0
78,T1,1.0,1,4715286,3,58.8336,46.4064,0
78,T1,1.0,1,4715528,4,59.109,46.7392,0
78,T1,1.0,1,4716008,5,59.6598,47.4112,0
78,T1,1.0,1,4716527,6,60.251400000000004,48.1408,0
78,T1,1.0,1,4716767,7,60.5268,48.4736,0
78,T1,1.0,1,4717288,8,61.128600000000006,49.2032,0
78,T1,1.0,1,4717526,9,61.403999999999996,49.536,0
78,T1,1.0,1,4718006,10,61.944599999999994,50.208,0
78,T1,1.0,1,4718527,11,62.5464,50.9376,0
78,T1,1.0,1,4718767,12,62.8218,51.2704,0
78,T1,1.0,1,4719286,13,63.4134,52.0,0
78,T1,1.0,1,4719766,14,63.9642,52.672,0
78,T1,1.0,1,4720008,15,64.2396,53.0048,0
78,T1,1.0,1,4720527,16,68.35782451228448,53.19488054697451,0
78,T1,1.0,1,4720767,17,67.72865857778044,53.72454339705182,0
78,T1,1.0,1,4721288,18,67.5587208,54.766617600000004,0
78,T1,1.0,1,4721768,19,64.32646728,55.498396160000006,0
78,T1,1.0,1,4722006,20,61.07275704,55.80396288,0
78,T1,1.0,1,4722527,21,54.190111200000004,56.55472640000001,0
78,T1,1.0,1,4722767,22,48.5316,56.4288,0
78,T1,1.0,1,4723286,23,47.001599999999996,56.96,0
79,T2,2.0,1,4766527,0,60.30796818,57.244488960000005,1
79,T2,2.0,1,4767007,1,59.60538708,54.419509760000004,1
79,T2,2.0,1,4767766,2,58.5276,49.1136,1
79,T2,2.0,1,4768287,3,57.721799999999995,45.7408,1
79,T2,2.0,1,4768767,4,56.977199999999996,42.6304,1
79,T2,2.0,1,4769526,5,55.62423302482488,38.38242050680865,1
79,T2,2.0,1,4770006,6,54.778059600000006,35.0446272,1
79,T2,2.0,1,4770527,7,53.57857836000001,30.75781952,1
79,T2,2.0,1,4771007,8,52.04959907723432,25.07304081347682,1
79,T2,2.0,1,4771766,9,46.9856778,18.676134400000002,1
79,T2,2.0,1,4772287,10,45.50057514,17.18399872,1
79,T2,2.0,1,4772767,11,44.1606042,15.646041600000002,1
79,T2,2.0,1,4773526,12,41.6772,14.464,1
79,T2,2.0,1,4774006,13,40.51658765248333,12.095266208870665,1
79,T2,2.0,1,4774527,14,38.701019221764405,11.45624623820115,1
79,T2,2.0,1,4775286,15,34.69986858,13.90333824,1
79,T2,2.0,1,4775766,16,27.095848220038995,23.856648877475674,1
79,T2,2.0,1,4776287,17,23.182132980792186,28.80591207086325,1
79,T2,2.0,1,4776767,18,20.240887284130572,29.320424898145994,1
79,T2,2.0,1,4777526,19,16.636873608,22.729617536,1
79,T2,2.0,1,4778006,20,13.851341940000001,22.207548799999998,1
79,T2,2.0,1,4778527,21,10.8455682,21.708384,1
79,T2,2.0,1,4779286,22,7.730334830523073,26.455721928429632,1
79,T2,2.0,1,4779766,23,7.484994599999991,33.3816768,1
80,T2,2.0,1,4841007,0,91.3206,2.144,0
80,T2,2.0,1,4841288,1,89.0256,2.5984,0
80,T2,2.0,1,4841768,2,85.08840000000001,3.3856,0
80,T2,2.0,1,4842006,3,83.1198,3.776,0
80,T2,2.0,1,4842527,4,78.8562,4.6208,0
80,T2,2.0,1,4842767,5,76.8876,5.0112,0
80,T2,2.0,1,4843286,6,72.63419999999999,5.8624,0
80,T2,2.0,1,4843528,7,70.6656,6.2528,0
80,T2,2.0,1,4843766,8,68.697,6.6432,0
80,T2,2.0,1,4844287,9,64.4334,7.4944,0
80,T2,2.0,1,4844527,10,62.464800000000004,7.8848,0
80,T2,2.0,1,4845007,11,58.5276,8.6656,0
80,T2,2.0,1,4845288,12,56.2326,9.1264,0
80,T2,2.0,1,4845768,13,52.305600000000005,9.9072,0
80,T2,2.0,1,4846006,14,50.336999999999996,10.2976,0
80,T2,2.0,1,4846527,15,46.0734,11.1488,0
80,T2,2.0,1,4846767,16,44.5536,12.1536,0
80,T2,2.0,1,4847007,17,43.1358,13.2928,0
80,T2,2.0,1,4847528,18,40.0452,15.7504,0
80,T2,2.0,1,4847766,19,38.6172,16.8832,0
80,T2,2.0,1,4848287,20,35.5266,19.3408,0
80,T2,2.0,1,4848527,21,34.0986,20.48,0
80,T2,2.0,1,4849007,22,31.6302,21.4464,0
80,T2,2.0,1,4849288,23,30.4878,20.9536,0
81,T1,1.0,1,4869007,0,48.3786,62.752,0
81,T1,1.0,1,4869768,1,48.5418,58.6112,0
81,T1,1.0,1,4870287,2,48.888600000000004,56.4096,0
81,T1,1.0,1,4871007,3,51.0408,58.176,0
81,T1,1.0,1,4871528,4,52.601400000000005,59.4496,0
81,T1,1.0,1,4872287,5,57.1404,60.096,0
81,T1,1.0,1,4872767,6,63.0972,58.8416,0
81,T1,1.0,1,4873526,7,71.0634,56.9792,0
81,T1,1.0,1,4874287,8,71.20620000000001,55.7696,0
81,T1,1.0,1,4874767,9,71.3082,55.0016,0
81,T1,1.0,1,4875528,10,72.00540776017408,53.5820681123331,0
81,T1,1.0,1,4876008,11,71.75817299999999,52.7888704,0
81,T1,1.0,1,4876767,12,71.84338890000001,48.63980352,0
81,T1,1.0,1,4877288,13,72.91437036903659,40.00469372965151,0
81,T1,1.0,1,4878006,14,72.38438050011284,32.81797312381708,0
81,T1,1.0,1,4878527,15,71.81460239813374,32.614176945291845,0
81,T1,1.0,1,4879286,16,68.04307647,31.95292,0
81,T1,1.0,1,4880008,17,58.3025013,29.815120000000004,0
81,T1,1.0,1,4880527,18,47.358599999999996,27.4432,0
81,T1,1.0,1,4881288,19,47.2872,27.3472,0
81,T1,1.0,1,4881768,20,48.001200000000004,26.0672,0
81,T1,1.0,1,4882527,21,49.7352,23.0656,0
81,T1,1.0,1,4883007,22,50.836800000000004,21.1712,0
81,T1,1.0,1,4883766,23,53.2848,19.1168,0
82,T1,1.0,1,4904767,0,89.17782072,37.63747583999999,0
82,T1,1.0,1,4905288,1,85.7718,46.3232,0
82,T1,1.0,1,4905526,2,84.4152,49.8048,0
82,T1,1.0,1,4906006,3,80.978548811631,57.46445283389727,0
82,T1,1.0,1,4906287,4,79.44551279900405,59.155443618033466,0
82,T1,1.0,1,4906767,5,75.8049924,60.491014400000005,0
82,T1,1.0,1,4907007,6,75.3459924,60.4103744,0
82,T1,1.0,1,4907528,7,68.40076570824566,57.562832184099534,0
82,T1,1.0,1,4908008,8,65.52025006148241,57.81286634692194,0
82,T1,1.0,1,4908287,9,60.6477312,57.3849472,0
82,T1,1.0,1,4908767,10,59.95896192000001,56.58497152,0
82,T1,1.0,1,4909007,11,59.60525856000001,55.47083136,0
82,T1,1.0,1,4909526,12,58.59484599391959,53.00799887487382,0
82,T1,1.0,1,4909768,13,58.128779964179046,50.97452768201533,0
82,T1,1.0,1,4910287,14,56.845650600000006,48.2016512,0
82,T1,1.0,1,4910527,15,55.67136846,47.62401792,0
82,T1,1.0,1,4911007,16,52.31573676,46.260459520000005,0
82,T1,1.0,1,4911528,17,46.9098,45.1968,0
82,T1,1.0,1,4911766,18,50.98163181038514,45.494144501463566,0
82,T1,1.0,1,4912287,19,49.551798533307355,41.636223211555645,0
82,T1,1.0,1,4912527,20,49.5704904,38.56709119999999,0
82,T1,1.0,1,4913007,21,47.494700640000005,38.01428992,0
82,T1,1.0,1,4913288,22,46.364279520000004,37.88512256,0
82,T1,1.0,1,4913768,23,44.5916256,37.6775168,0
83,T3,3.0,1,4922006,0,80.92719168,59.457366400000005,0
83,T3,3.0,1,4923286,1,95.83922824016945,48.05368516358065,0
83,T3,3.0,1,4924767,2,98.62306406760088,40.99492134109334,0
83,T3,3.0,1,4926006,3,95.3135736,35.39649088,0
83,T3,3.0,1,4927528,4,81.94109794512963,29.056503435078184,0
83,T3,3.0,1,4928767,5,79.42688898000002,31.71324032,0
83,T3,3.0,1,4930006,6,67.38119999999999,47.2,0
83,T3,3.0,1,4931528,7,66.4122,44.2944,0
83,T3,3.0,1,4932767,8,65.6064,41.92,0
83,T3,3.0,1,4934287,9,64.86436821697158,38.522435069129116,0
83,T3,3.0,1,4935528,10,63.461748,38.8607136,0
83,T3,3.0,1,4936767,11,58.927399199999996,60.9984896,0
83,T3,3.0,1,4938287,12,56.48709714,60.27172672000001,0
83,T3,3.0,1,4939528,13,64.9182978,52.555679999999995,0
83,T3,3.0,1,4940767,14,64.4346648,47.878041599999996,0
83,T3,3.0,1,4942287,15,66.1000086,29.4142336,0
83,T3,3.0,1,4943528,16,62.79142440000001,25.065376,0
83,T3,3.0,1,4945007,17,56.528400000000005,19.0144,0
83,T3,3.0,1,4946287,18,50.694,17.504,0
83,T3,3.0,1,4947528,19,45.0432,16.0384,0
83,T3,3.0,1,4949007,20,27.710994530486413,22.4917868619737,0
83,T3,3.0,1,4950287,21,27.581101613999994,25.786497024,0
83,T3,3.0,1,4951766,22,14.276546534323149,28.564183338925893,0
83,T3,3.0,1,4953007,23,17.16172848,33.33206208,0
84,T1,1.0,1,4956287,0,58.2110532,43.2703936,0
84,T1,1.0,1,4956527,1,55.885398120000005,45.63853376,0
84,T1,1.0,1,4957007,2,52.51392072000001,48.99721856,0
84,T1,1.0,1,4957288,3,50.490754800000005,50.9197504,0
84,T1,1.0,1,4957526,4,46.971000000000004,54.0096,0
84,T1,1.0,1,4958006,5,46.308,49.4528,0
84,T1,1.0,1,4958287,6,45.9204,46.7904,0
84,T1,1.0,1,4958527,7,45.594,44.512,0
84,T1,1.0,1,4958767,8,45.4002,43.8656,0
84,T1,1.0,1,4959286,9,45.135,44.2432,0
84,T1,1.0,1,4959528,10,45.012600000000006,44.416,0
84,T1,1.0,1,4959766,11,44.855017422747665,45.26984795477731,0
84,T1,1.0,1,4960287,12,44.524410999137785,45.25094102669925,0
84,T1,1.0,1,4960527,13,44.2741098,45.35635200000001,0
84,T1,1.0,1,4960767,14,44.4281298,45.277632000000004,0
84,T1,1.0,1,4961288,15,47.486086740000005,44.61144960000001,0
84,T1,1.0,1,4961526,16,48.825109080000004,44.3759232,0
84,T1,1.0,1,4961768,17,50.19023220000001,44.182208,0
84,T1,1.0,1,4962006,18,52.968599999999995,43.1808,0
84,T1,1.0,1,4962527,19,52.3158,42.8544,0
84,T1,1.0,1,4962767,20,51.438599999999994,42.7712,0
84,T1,1.0,1,4963007,21,50.571600000000004,42.6944,0
84,T1,1.0,1,4963528,22,48.6744,42.528,0
84,T1,1.0,1,4963766,23,47.797200000000004,42.4448,0
85,T2,2.0,1,5093526,0,71.13116880000001,34.5611008,0
85,T2,2.0,1,5094527,1,64.25506320000001,40.9293312,0
85,T2,2.0,1,5095286,2,63.444,40.128,0
85,T2,2.0,1,5096287,3,65.2777458,36.7179968,0
85,T2,2.0,1,5097007,4,63.53501153999999,31.57294784,0
85,T2,2.0,1,5098006,5,58.652812237864275,16.524734691237136,0
85,T2,2.0,1,5098767,6,54.592589939999996,10.93400384,0
85,T2,2.0,1,5099766,7,49.0824,9.3376,0
85,T2,2.0,1,5100767,8,43.503,7.6096,0
85,T2,2.0,1,5101526,9,39.2598,6.304,0
85,T2,2.0,1,5102527,10,33.6804,4.576,0
85,T2,2.0,1,5103286,11,33.252,6.944,0
85,T2,2.0,1,5104287,12,37.80590092803354,15.403692012782003,0
85,T2,2.0,1,5105007,13,37.43560994140637,17.3175698933269,0
85,T2,2.0,1,5106006,14,35.66850342,21.883766208,0
85,T2,2.0,1,5106767,15,36.0366,32.7552,0
85,T2,2.0,1,5107766,16,34.812599999999996,37.6448,0
85,T2,2.0,1,5108767,17,30.345,47.0144,0
85,T2,2.0,1,5109526,18,26.499599999999997,54.8288,0
85,T2,2.0,1,5110527,19,24.3066,61.8752,0
85,T2,2.0,1,5111286,20,27.274800000000003,62.0096,0
85,T2,2.0,1,5112287,21,17.136000000000003,48.9216,0
85,T2,2.0,1,5113007,22,7.905,37.6832,0
85,T2,2.0,1,5114006,23,1.7748,28.8192,0
86,T0,0.0,1,5126006,0,58.12714671170432,48.26980216202685,0
86,T0,0.0,1,5127286,1,57.89277430576031,52.30243856621016,0
86,T0,0.0,1,5128527,2,59.15435338200001,56.951010880000005,0
86,T0,0.0,1,5130006,3,69.91772579999999,54.251814399999994,0
86,T0,0.0,1,5131286,4,71.84363982,51.76401536,0
86,T0,0.0,1,5132527,5,66.2898,46.3296,0
86,T0,0.0,1,5133768,6,82.76555998770196,38.35877351321162,0
86,T0,0.0,1,5135286,7,86.47000428,32.97282176,0
86,T0,0.0,1,5136527,8,81.3552,31.3792,0
86,T0,0.0,1,5137768,9,76.7142,29.7856,0
86,T0,0.0,1,5139007,10,72.063,28.1984,0
86,T0,0.0,1,5140287,11,63.7602,24.5824,0
86,T0,0.0,1,5141768,12,53.907,19.7824,0
86,T0,0.0,1,5143007,13,51.805800000000005,18.8992,0
86,T0,0.0,1,5144287,14,45.5532,23.36,0
86,T0,0.0,1,5145526,15,38.28877385934529,28.47345256327702,0
86,T0,0.0,1,5146767,16,27.60769562956744,38.15723790089648,0
86,T0,0.0,1,5148287,17,16.93026192,44.271797760000005,0
86,T0,0.0,1,5149526,18,14.687999999999999,45.7536,0
86,T0,0.0,1,5150767,19,11.7402,47.1168,0
86,T0,0.0,1,5152008,20,8.7924,48.48,0
86,T0,0.0,1,5153526,21,3.798049159665658,50.31343571978135,0
86,T0,0.0,1,5154767,22,6.629111782928141,54.74742777303595,0
86,T0,0.0,1,5156008,23,4.801965180000001,59.0632384,0
87,T0,0.0,1,5188767,0,47.4606,63.8848,0
87,T0,0.0,1,5189288,1,44.25596516362956,63.32916896889805,0
87,T0,0.0,1,5189768,2,43.5513682513836,62.6614450649822,0
87,T0,0.0,1,5190287,3,44.628111,61.7643392,0
87,T0,0.0,1,5190767,4,46.1295663,61.21639296000001,0
87,T0,0.0,1,5191286,5,48.285958956370855,60.769703950069626,0
87,T0,0.0,1,5191766,6,50.5487214,59.6178688,0
87,T0,0.0,1,5192287,7,49.192138740000004,55.65259008,0
87,T0,0.0,1,5192767,8,47.25478644,51.09006848,0
87,T0,0.0,1,5193288,9,46.569052899706875,47.85345035628473,0
87,T0,0.0,1,5193768,10,47.10842998839577,46.32251232580928,0
87,T0,0.0,1,5194287,11,47.854728,44.70930559999999,0
87,T0,0.0,1,5194767,12,49.47930240000001,41.33304128,0
87,T0,0.0,1,5195286,13,51.29947200000001,37.8891584,0
87,T0,0.0,1,5195766,14,53.1522,32.1216,0
87,T0,0.0,1,5196287,15,52.5402,28.8064,0
87,T0,0.0,1,5196767,16,50.5512,26.3872,0
87,T0,0.0,1,5197288,17,48.399,23.7568,0
87,T0,0.0,1,5197768,18,46.410000000000004,21.3376,0
87,T0,0.0,1,5198287,19,40.5858,14.3552,0
87,T0,0.0,1,5198767,20,32.56005082178575,7.77857081111621,0
87,T0,0.0,1,5199286,21,27.7134,5.08655424,0
87,T0,0.0,1,5199766,22,28.90574451254815,5.121672933928315,0
87,T0,0.0,1,5200287,23,30.841709400000003,5.6711021183999994,0
88,T1,1.0,1,5284287,0,55.90239539999999,21.3925824,0
88,T1,1.0,1,5284527,1,56.6304,24.864,0
88,T1,1.0,1,5284767,2,57.1302,27.2,0
88,T1,1.0,1,5285007,3,57.6198,29.5296,0
88,T1,1.0,1,5285526,4,58.680600000000005,34.5792,0
88,T1,1.0,1,5285768,5,59.58235016433765,37.133234689938114,0
88,T1,1.0,1,5286006,6,59.353196370148055,37.586920689425384,0
88,T1,1.0,1,5286287,7,58.94200056438518,37.95567329557035,0
88,T1,1.0,1,5286527,8,58.801357800000005,38.194278399999995,0
88,T1,1.0,1,5286767,9,58.1414178,38.7773184,0
88,T1,1.0,1,5287007,10,57.03304398000001,40.66662144,0
88,T1,1.0,1,5287286,11,55.51799514000001,43.25851392,0
88,T1,1.0,1,5287766,12,50.739775547690506,51.885837332670874,0
88,T1,1.0,1,5288008,13,49.60366912817548,54.708715063541895,0
88,T1,1.0,1,5288287,14,48.533189026087214,56.73736024011784,0
88,T1,1.0,1,5288527,15,46.891465719857365,60.01282111379183,0
88,T1,1.0,1,5288767,16,46.293872092230465,60.19412438190314,0
88,T1,1.0,1,5289007,17,45.330214406383654,60.40153989884545,0
88,T1,1.0,1,5289288,18,43.950835080000004,60.92713907200001,0
88,T1,1.0,1,5289526,19,43.210569060000005,60.817851904,0
88,T1,1.0,1,5290006,20,39.254248870249334,52.97017761251335,0
88,T1,1.0,1,5290287,21,38.76736838761245,51.2338447959099,0
88,T1,1.0,1,5290527,22,37.871394869999996,47.606976767999996,0
88,T1,1.0,1,5290767,23,37.6007496,47.4094912,0
89,T2,2.0,1,5315007,0,76.02799704,21.2969632,1
89,T2,2.0,1,5315528,1,74.06496624,21.044179200000002,1
89,T2,2.0,1,5316008,2,72.11399999999999,21.216,1
89,T2,2.0,1,5316767,3,69.8496,18.3424,1
89,T2,2.0,1,5317288,4,68.646,14.9952,1
89,T2,2.0,1,5317768,5,67.5342,11.9104,1
89,T2,2.0,1,5318287,6,66.5205717235589,8.648815808019274,1
89,T2,2.0,1,5318767,7,66.12304019999999,5.8087936000000004,1
89,T2,2.0,1,5319286,8,62.852645820000006,4.79742976,1
89,T2,2.0,1,5320008,9,58.296457800000006,5.6021504,1
89,T2,2.0,1,5320527,10,55.8042,7.9296,1
89,T2,2.0,1,5321007,11,53.080799999999996,8.9664,1
89,T2,2.0,1,5321526,12,50.1432,10.0992,1
89,T2,2.0,1,5322006,13,47.419799999999995,11.1424,1
89,T2,2.0,1,5322527,14,44.4822,12.2688,1
89,T2,2.0,1,5323286,15,40.1778,13.92,1
89,T2,2.0,1,5323766,16,37.464600000000004,14.9632,1
89,T2,2.0,1,5324287,17,34.516799999999996,16.096,1
89,T2,2.0,1,5324767,18,31.803600000000003,17.1392,1
89,T2,2.0,1,5325288,19,28.292425562220483,18.072924546542133,1
89,T2,2.0,1,5325768,20,25.971109127964972,19.069835406140637,1
89,T2,2.0,1,5326527,21,21.47043186,20.783216000000003,1
89,T2,2.0,1,5327007,22,17.2867293435658,20.805880417895732,1
89,T2,2.0,1,5327528,23,13.84653059999999,21.161670400000002,1
90,T0,0.0,1,5390006,0,38.2806,62.7776,0
90,T0,0.0,1,5390527,1,42.0036,61.6128,0
90,T0,0.0,1,5391007,2,45.4512,60.5312,0
90,T0,0.0,1,5391528,3,49.1742,59.36,0
90,T0,0.0,1,5392008,4,52.6218,58.2848,0
90,T0,0.0,1,5392527,5,55.5186,56.448,0
90,T0,0.0,1,5393288,6,55.06980000000001,50.9632,0
90,T0,0.0,1,5393768,7,54.366,47.808,0
90,T0,0.0,1,5394287,8,53.6112,44.3904,0
90,T0,0.0,1,5394767,9,52.9074,41.2416,0
90,T0,0.0,1,5395286,10,52.1424,37.824,0
90,T0,0.0,1,5395766,11,52.734,35.3984,0
90,T0,0.0,1,5396287,12,50.495108810025556,44.17557031469131,0
90,T0,0.0,1,5396767,13,47.96616299999999,51.1691072,0
90,T0,0.0,1,5397288,14,46.4199093,51.988699520000004,0
90,T0,0.0,1,5397768,15,44.512585800000004,52.07446912,0
90,T0,0.0,1,5398287,16,42.3096,51.5968,0
90,T0,0.0,1,5398767,17,40.341,51.4624,0
90,T0,0.0,1,5399528,18,37.2096,51.2448,0
90,T0,0.0,1,5400008,19,35.241,51.1104,0
90,T0,0.0,1,5400527,20,33.099000000000004,50.9632,0
90,T0,0.0,1,5401007,21,27.706419625997373,48.5870242096297,0
90,T0,0.0,1,5401526,22,19.664845200000002,43.9422208,0
90,T0,0.0,1,5402006,23,18.52714332,43.72688128,0
91,T1,1.0,1,5443007,0,66.51068814,32.42590016,0
91,T1,1.0,1,5443286,1,66.36686202,32.60439488,0
91,T1,1.0,1,5443528,2,66.31330284,32.73197696,0
91,T1,1.0,1,5443766,3,66.0725706,33.2604864,0
91,T1,1.0,1,5444008,4,65.85119999999999,33.9904,0
91,T1,1.0,1,5444287,5,65.2902,35.0016,0
91,T1,1.0,1,5444527,6,64.8108,35.872,0
91,T1,1.0,1,5444767,7,64.3314,36.736,0
91,T1,1.0,1,5445007,8,63.852,37.6064,0
91,T1,1.0,1,5445288,9,63.291000000000004,38.6176,0
91,T1,1.0,1,5445526,10,62.8116,39.4816,0
91,T1,1.0,1,5445768,11,62.3322,40.352,0
91,T1,1.0,1,5446006,12,61.8528,41.216,0
91,T1,1.0,1,5446287,13,61.2918,42.2272,0
91,T1,1.0,1,5446527,14,62.578793584288654,43.786190915069355,0
91,T1,1.0,1,5446767,15,61.646867159936754,44.51349917591402,0
91,T1,1.0,1,5447007,16,60.70094128208201,45.23473653692754,0
91,T1,1.0,1,5447286,17,60.0866598,46.48186240000001,0
91,T1,1.0,1,5447528,18,58.66171980000001,46.9663424,0
91,T1,1.0,1,5447766,19,53.04960056425942,49.090752165603554,0
91,T1,1.0,1,5448008,20,51.110422322369054,50.81314282024784,0
91,T1,1.0,1,5448287,21,48.800116796839376,52.7284437193359,0
91,T1,1.0,1,5448527,22,44.45426322,55.829663360000005,0
91,T1,1.0,1,5448767,23,43.273347,57.31728,0
92,T1,1.0,1,5463528,0,79.7174064,35.4188096,0
92,T1,1.0,1,5463766,1,78.71280024,35.07603136,0
92,T1,1.0,1,5464008,2,75.24540445910384,35.00690337984122,0
92,T1,1.0,1,5464287,3,74.69354799230432,34.38786473411897,0
92,T1,1.0,1,5464527,4,74.28552972297099,33.90294582912406,0
92,T1,1.0,1,5464767,5,71.51970720000001,32.935776,0
92,T1,1.0,1,5465007,6,71.53368948527951,32.681747257046396,0
92,T1,1.0,1,5465288,7,71.65905244609405,32.923114489209,0
92,T1,1.0,1,5465526,8,71.80428050888318,33.30836010141647,0
92,T1,1.0,1,5465768,9,71.58757555200002,33.68913855999999,0
92,T1,1.0,1,5466006,10,72.10402848,34.391856,0
92,T1,1.0,1,5466287,11,71.76161448,37.47012576,0
92,T1,1.0,1,5466527,12,71.40992664000001,39.39281568,0
92,T1,1.0,1,5466767,13,70.73726237054699,44.82379184219802,0
92,T1,1.0,1,5467007,14,70.35030515671065,46.102122726037564,0
92,T1,1.0,1,5467286,15,69.27930602914444,49.31395268745116,0
92,T1,1.0,1,5467528,16,68.604486,51.87074559999999,0
92,T1,1.0,1,5467766,17,68.418846,52.9318656,0
92,T1,1.0,1,5468008,18,67.44906060000001,53.41904896,0
92,T1,1.0,1,5468287,19,66.08753303685768,54.17867922008239,0
92,T1,1.0,1,5468527,20,64.83609108809351,54.514839404128864,0
92,T1,1.0,1,5468767,21,63.61500727335936,54.74905659487338,0
92,T1,1.0,1,5469007,22,61.8766986,54.92414720000001,0
92,T1,1.0,1,5469288,23,60.4354386,54.993907199999995,0
93,T1,1.0,1,5471528,0,50.847,56.0064,0
93,T1,1.0,1,5471766,1,51.1326,55.6288,0
93,T1,1.0,1,5472287,2,51.7446,54.8096,0
93,T1,1.0,1,5472527,3,52.0302,54.432,0
93,T1,1.0,1,5473007,4,52.601400000000005,53.6704,0
93,T1,1.0,1,5473288,5,52.938,53.2288,0
93,T1,1.0,1,5473526,6,53.21340000000001,52.8512,0
93,T1,1.0,1,5474006,7,54.967800000000004,49.7216,0
93,T1,1.0,1,5474287,8,56.477399999999996,46.912,0
93,T1,1.0,1,5474767,9,60.42709455351687,39.496200116059256,0
93,T1,1.0,1,5475007,10,61.384548813894554,37.68193110885348,0
93,T1,1.0,1,5475286,11,62.512109223285954,35.629074223954014,0
93,T1,1.0,1,5475766,12,64.22796179999999,32.4466368,0
93,T1,1.0,1,5476008,13,63.30749238000001,32.167498880000004,0
93,T1,1.0,1,5476287,14,62.300036340000005,31.872915840000005,0
93,T1,1.0,1,5476767,15,60.3886002,31.417235200000004,0
93,T1,1.0,1,5477007,16,59.0172,31.1744,0
93,T1,1.0,1,5477526,17,56.8854,30.6496,0
93,T1,1.0,1,5477768,18,55.906200000000005,30.4128,0
93,T1,1.0,1,5478006,19,54.927,30.1696,0
93,T1,1.0,1,5478527,20,52.805400000000006,29.6512,0
93,T1,1.0,1,5478767,21,52.241827022632926,29.1169830586028,0
93,T1,1.0,1,5479286,22,49.88842421192921,28.81390724860708,0
93,T1,1.0,1,5479528,23,48.97857419999998,28.687590399999998,0
94,T0,0.0,1,5482767,0,26.1577164,33.340096,0
94,T0,0.0,1,5483286,1,24.96283332,39.2737088,0
94,T0,0.0,1,5483528,2,24.372667440000004,41.6602496,0
94,T0,0.0,1,5484008,3,23.068125039740263,52.47117413913138,0
94,T0,0.0,1,5484287,4,22.759809397801707,54.717335867885296,0
94,T0,0.0,1,5484767,5,22.1013804,58.670067200000005,0
94,T0,0.0,1,5485007,6,21.989549640000003,58.95879552,0
94,T0,0.0,1,5485526,7,21.64082184,59.557445120000004,0
94,T0,0.0,1,5485768,8,21.4116156,59.80238080000001,0
94,T0,0.0,1,5486287,9,19.7472,55.4432,0
94,T0,0.0,1,5486527,10,17.8092,51.4048,0
94,T0,0.0,1,5487007,11,13.943399999999999,43.3216,0
94,T0,0.0,1,5487286,12,11.6892,38.6112,0
94,T0,0.0,1,5487766,13,7.8132,30.5344,0
94,T0,0.0,1,5488008,14,9.3942,26.656,0
94,T0,0.0,1,5488527,15,7.180065851276891,27.52071437872528,0
94,T0,0.0,1,5488767,16,7.016920887104009,27.603537946689215,0
94,T0,0.0,1,5489288,17,6.1729481999999996,28.041632000000003,0
94,T0,0.0,1,5489526,18,5.7210882000000005,27.501472,0
94,T0,0.0,1,5490006,19,5.48136066,26.871913600000003,0
94,T0,0.0,1,5490287,20,5.119947224110484,26.543925333520438,0
94,T0,0.0,1,5490767,21,5.723979293143582,26.00403310122532,0
94,T0,0.0,1,5491007,22,5.8602417,25.5805696,0
94,T0,0.0,1,5491528,23,4.985503469999999,25.91719936,0
96,T0,0.0,1,5525007,0,65.688,32.2624,1
96,T0,0.0,1,5525526,1,58.721399999999996,31.4304,1
96,T0,0.0,1,5526287,2,48.5214,30.2272,1
96,T0,0.0,1,5526767,3,42.0852,29.4592,1
96,T0,0.0,1,5527528,4,34.7106,31.2064,1
96,T0,0.0,1,5528008,5,30.100199999999997,31.584,1
96,T0,0.0,1,5528767,6,33.5682,35.3344,1
96,T0,0.0,1,5529288,7,43.732975930335336,40.41350412153861,1
96,T0,0.0,1,5529768,8,46.73802179200243,42.65431207868785,1
96,T0,0.0,1,5530527,9,46.75448562,45.89762944,1
96,T0,0.0,1,5531007,10,43.429035719999995,47.34392064,1
96,T0,0.0,1,5531766,11,37.128,49.3056,1
96,T0,0.0,1,5532287,12,33.241800000000005,50.7328,1
96,T0,0.0,1,5533007,13,27.8664,52.7104,1
96,T0,0.0,1,5533526,14,23.9802,54.1376,1
96,T0,0.0,1,5534287,15,19.8492,55.9232,1
96,T0,0.0,1,5534767,16,18.319200000000002,56.8448,1
96,T0,0.0,1,5535286,17,16.677,57.8496,1
96,T0,0.0,1,5536008,18,14.412113948208798,59.122089153371846,1
96,T0,0.0,1,5536527,19,12.8380158,60.641260800000005,1
96,T0,0.0,1,5537288,20,11.94999054,55.07869504,1
96,T0,0.0,1,5537768,21,12.207166200000001,49.4510912,1
96,T0,0.0,1,5538527,22,12.568140578119689,45.12263583334263,1
96,T0,0.0,1,5539007,23,12.47193779999999,43.5433664,1
