match_id,secuencia_rival_id,traj_0,traj_1,traj_2,traj_3,traj_4,traj_5,traj_6,traj_7,traj_8,traj_9,traj_10,traj_11,traj_12,traj_13,traj_14,traj_15,traj_16,traj_17,traj_18,traj_19,traj_20,traj_21,traj_22,traj_23,traj_24,traj_25,traj_26,traj_27,traj_28,traj_29,traj_30,traj_31,traj_32,traj_33,traj_34,traj_35,traj_36,traj_37,traj_38,traj_39
199542,1,50.9311704,31.2521216,46.4751846568421,31.336869995789478,39.6513468631579,31.484579031578946,34.256431578947364,31.435115789473684,34.11577894736842,31.266694736842105,33.970294736842106,31.09254736842105,35.96036842105263,33.149642105263155,41.48125263157895,38.88471578947368,46.65748421052631,44.27048421052632,52.13005263157895,49.964463157894734,57.5033052631579,55.55974736842105,60.99761052631579,59.67056842105263,59.35165263157894,59.873684210526314,57.71696842105263,59.98955789473684,54.197968421052636,59.43208421052632,47.8728947368421,57.72294736842105,42.86506665842476,58.390117630199775,43.76613018699524,61.58055425634148,45.86081931097779,59.824868935417534,45.92923116,55.9985261824
199542,2,75.82679999999999,32.9728,75.67111578947369,31.3792,75.57716842105263,29.025010526315793,75.7580842105263,24.263747368421058,75.93953684210527,19.48362105263158,76.13172631578948,14.609178947368424,76.31210526315789,9.942568421052632,76.49838947368421,4.9923368421052645,76.03187368421054,2.7166315789473687,74.87175789473685,2.6826105263157896,73.79324210526316,2.651284210526316,72.62292631578947,2.6162526315789476,71.54441052631579,2.5812210526315793,68.73618947368423,2.696084210526315,63.568010526315796,3.0329263157894735,58.169526315789476,3.38458947368421,52.881094736842115,3.729515789473684,47.61306315789475,4.073094736842105,42.19364210526317,4.426105263157893,37.046400000000006,4.7616
199542,3,17.4114,6.0416,10.636452631578948,7.363368421052631,8.723147368421053,16.340210526315786,6.163628693968053,29.7002959306086,7.643771038560619,31.246814673108606,13.925331380715788,45.15223969684211,15.115748488421053,44.82215747368421,16.51839911496468,43.16801087202493,17.729182181052632,38.74448501894738,16.44752457807314,24.349905892122482,17.183908420513838,20.007488321130104,16.065288942948666,28.93104266452063,17.328872981052633,35.169867755789475,19.367294276034677,38.09373083279811,21.321856910971185,46.71342872942306,22.87242807126316,51.34285740126316,29.688559830937077,60.415599658483366,32.312991221052634,62.73753184673684,33.56991950526316,62.60838901894736,34.936326,63.78584704
199542,4,39.22810044,42.92925568,36.66363157894737,40.105094736842105,33.27989318720365,36.46522623421093,27.77318845149825,31.589135634403167,25.635629065964125,28.53030111733755,23.608028305263154,25.91431444210526,23.59019467894737,25.40647090526316,23.66141005894737,25.13269504,23.737619842105268,24.97760505263158,25.657294736842104,21.894736842105264,28.86492631578947,16.12766315789474,31.98612631578948,10.520589473684204,35.32421052631579,4.5093052631578985,36.22288421052632,2.7152842105263146,35.77354736842105,3.2127999999999997,35.311863157894734,3.7237894736842105,34.88614736842105,4.202442105263158,34.71113684210526,5.639073684210522,35.25173684210526,9.009852631578948,35.812200000000004,12.4288
199542,5,23.6680698,27.512409599999998,24.232110419999998,28.13629352421053,24.889878249473682,28.862978762105264,25.563336309473684,29.658943461052633,26.498883315789474,30.481242947368425,27.874452631578947,30.92682105263158,28.722663157894736,31.600505263157896,29.615968421052628,32.31427368421053,30.541484210526313,33.05667368421052,31.389694736842106,33.73035789473684,32.23253684210526,34.40404210526316,33.15268421052632,35.14071578947369,34.056726315789476,35.86021052631579,34.89795789473684,36.5338947368421,35.74294736842105,37.20757894736842,36.695842105263154,37.96715789473684,37.56337894736842,38.66374736842105,38.409978947368415,39.33743157894737,39.170736163772474,40.663036629410335,40.26551559972522,41.14655638925754
199542,6,42.240189,41.9738944,42.442149,42.268765978947364,42.644109,42.56363755789474,42.84606900000001,42.8585091368421,43.47736713157895,43.404631410526314,44.194532889473685,44.0010038231579,44.91169864736842,44.59737623578948,45.700628384210525,45.242316025263165,46.52544011052632,45.9115395031579,47.35025183684211,46.58076298105263,48.166100178947374,47.24317864421052,48.972985136842105,47.89878649263158,49.77987009473684,48.55439434105263,50.35616472631579,48.95768259368421,50.47127870526316,48.85633165473684,50.58639268421053,48.75498071578947,50.736083052631585,48.7996099368421,51.05865536842106,49.57413995789474,51.38122768421053,50.34866997894736,51.7038,51.1232
199542,7,46.870295399999996,61.561832960000004,47.11380697894737,61.75848138105263,48.635506487368424,61.302936643368426,50.619913588421056,60.561594570105264,51.985828657894736,60.011582989473695,53.3354806863158,59.43172467873684,54.68504000210527,58.82258008926316,56.54120261052632,58.078704370526324,60.251725326315785,56.91503804631579,62.263484210526315,56.19098947368421,63.99211578947369,55.54256842105263,65.72074736842106,54.89650526315789,67.44937894736842,54.25044210526316,69.40831578947368,53.51915789473684,71.30444210526315,52.809094736842106,73.09149436106293,52.03849362071833,75.63801541594387,49.710204310774905,77.46168486266437,49.01962373862021,79.08157817326165,48.913533458041506,80.85512759671268,48.68037541109169
199542,8,77.36414400000001,63.78584704,77.36414400000001,63.78584704,77.36414400000001,63.78584704,77.36414400000001,63.78584704,77.36414400000001,63.78584704,77.36414400000001,63.78584704,79.20705466051797,61.97179183837645,82.40109268797535,57.542630416980934,75.23988196702847,62.52229918033825,72.1376319903749,59.733465720512136,75.22791548210526,59.28640327410527,71.34016626315791,62.30802795789474,69.97439377894737,60.33316365473685,69.42012631578947,58.13254736842106,68.78026917770617,56.28649329484891,69.12176670631578,61.85400155284211,73.4213704922005,62.25977341811231,79.7693341705263,58.49125049600002,89.27946404210525,51.3562364631579,91.92870928611808,48.58196488320905
199542,9,43.215564,39.9396224,36.18005709473684,38.679390046315795,28.25077894736842,36.57094736842105,18.01311714917277,34.66142341831818,11.50696089473684,32.52446787368421,10.61121702631579,32.390227200000005,10.540357894736843,32.2842947368421,10.263884210526317,32.26341052631579,9.908136489571485,32.291112818236144,9.588500523777922,32.37952693935187,11.852026057394834,25.932965466882617,14.916156112421053,19.784200555789468,15.03862070526316,19.58674236631579,15.905021052631577,19.626105263157893,15.807193274983604,19.769347215995193,16.73135075368421,17.569931048421047,15.981961263157894,8.903641263157892,15.242557894736844,4.599578947368423,19.95281052631579,3.8561684210526317,30.8448,3.4048
199542,10,25.1625534,27.128870400000004,23.652289380000003,27.753136437894735,21.438109670526316,28.039331233684216,19.10368994526316,28.34146304,14.516235314009009,29.327637468099763,11.262740649882678,29.380842504810154,9.783301164339534,28.997238156219662,7.681545110526315,29.03758349473684,8.918507028947362,28.700164378947367,13.901542286842101,29.003454989473685,18.53266962631579,29.325060715789473,22.727873794736844,29.700151915789476,31.623355799999995,30.44480404210526,38.24033684210524,30.956463157894735,43.6356,31.370105263157892,47.39027368421053,31.945094736842105,44.93368421052633,33.22576842105263,39.7059157894737,34.7738947368421,34.80776842105264,36.22433684210526,29.9166,37.6768
199542,11,31.745235599999994,59.137333760000004,31.628203913684214,59.46649399242106,31.98164475789474,59.428043991578946,32.21911578947369,59.4944,32.51062105263158,59.4944,32.80212631578947,59.4944,33.92335081143207,59.66619002005156,33.3492564631579,59.50387563789474,23.178406401899622,54.69804866672248,16.095055642105265,52.18027418947368,13.402495674074334,50.91378159731737,10.76360043210945,49.457293667795895,9.296759625473685,43.649544151578944,8.495330712000001,36.3060063663158,8.533293629162834,23.76407697619135,8.750929860000001,18.75996752842105,10.295525415789474,17.129504336842107,13.307242105263157,16.606652631578946,16.282421052631577,16.837726315789475,18.4314,17.0048
199542,12,27.4686,21.5424,21.395056354354363,28.31407320252118,18.890225526315785,31.199041347368418,19.148227815789475,31.914162054736842,19.365251405962745,33.03382440568308,20.189433184259638,33.8000996352358,20.794316968421054,34.844585802105264,20.086948042105263,40.097167225263156,19.76437894736842,46.73818947368421,18.98381052631579,48.436884210526316,19.628557894736844,50.51520000000001,25.602788293072116,56.68822758558331,29.240179432330795,61.053108125316314,32.29197567789473,62.32120615747369,38.48229848898801,60.76066268205133,42.7742706631579,61.583752522105264,41.441179891578955,62.00459977094737,39.78169266315789,62.52986418526316,38.97044210526315,62.71258947368421,39.8412,62.2016
199542,13,2.677862384766099,40.31113104944432,2.817043188818924,40.521795927469576,2.8537044674526317,40.790848000000004,2.9150903522526312,43.28359016421052,4.962341356887895,50.163576748262265,5.858210901119262,52.61930502012608,6.917899268713839,54.7569604731011,8.555729070923315,57.08598935909557,8.722218057778603,56.61875968098954,9.02493702043267,55.92804005764301,9.594572167358558,56.20072128620092,16.914855248325445,58.6917071647697,18.94655086207029,59.89356607846339,23.525649222003512,62.00372038514705,24.511800819694738,62.81831743663158,22.673887610526315,62.75973007157895,20.79200489684211,62.71093229810527,19.247761235789604,62.47695810119331,18.18187784754557,62.47110372926112,18.184338074857394,62.86518370351236
199542,14,4.3991375999999995,41.7062016,4.129911284210526,41.81921212631579,3.8606849684210527,41.93222265263158,3.591458652631579,42.04523317894737,3.5374699452631573,42.361898913684215,4.344431671578947,43.49318548210527,5.151393397894736,44.624472050526315,5.958355124210526,45.75575861894737,6.775710972631579,46.882885456842104,7.608658004210526,48.003772698947365,8.441605035789474,49.12465994105263,9.274552067368422,50.245547183157896,10.121602155789473,51.35639322947368,10.978054282105262,52.460545145263154,11.834506408421053,53.564697061052634,12.690958534736843,54.668848976842106,13.557195789473685,55.77173894736842,14.425879326315789,56.87431343157895,15.294562863157896,57.97688791578947,16.163246400000002,59.0794624
199542,15,5.66055528,38.357318400000004,5.261194851789474,38.00188944842105,5.345099772631579,37.23143949473685,5.470957894736841,36.41397894736842,5.530010526315789,35.70627368421053,5.578863157894737,35.01103157894737,5.637915789473684,34.28715789473684,4.88985268241786,34.59536648178317,5.698073456842105,33.362591326315794,7.450237187368422,25.802663073684215,10.22039484631579,15.625594273684204,9.38077894736842,13.955705263157894,8.47781052631579,12.583747368421054,7.021394921459542,11.43297202547823,6.514963111578948,9.824381978947368,14.365437154105278,9.146628917894736,27.39344210526316,8.787536842105263,38.73369473684209,8.368505263157896,50.06374736842105,7.953178947368421,52.2342,6.592
199542,16,26.438399999999998,17.0176,24.305526315789475,18.32656842105263,20.3256030855875,19.928962479158166,18.95998104453206,21.09329134885299,17.11798948421053,22.25060884210526,15.57105684,23.66715317894737,13.708812562105264,24.848678063157898,9.134772666192623,27.925338862912508,6.735616341833454,28.843594193626274,5.049566802810444,29.60290822480992,5.638188881052629,28.96421625263158,8.931022369894743,28.18039491368421,12.89199553136842,27.357718501052634,19.690905770526292,25.735667200000005,24.96637894736842,24.488084210526317,30.32030526315789,23.240421052631582,35.259252631578946,22.091115789473683,40.14183157894736,20.954273684210527,45.550515789473685,19.69313684210526,50.4288,18.5536
199542,17,40.3512,8.6784,40.294831578947374,7.709305263157894,40.238463157894735,6.740210526315789,40.1820947368421,5.724631578947369,40.12572631578947,4.654821052631579,40.06935789473685,3.6857263157894735,40.01943157894737,2.7166315789473687,39.959305263157894,1.6390736842105262,41.06842105263158,1.7037473684210527,43.84013684210527,3.3488842105263155,46.74123157894737,5.136842105263158,47.870210526315795,5.570357894736842,48.73828421052632,5.678147368421053,49.606357894736846,5.791326315789473,50.53724210526316,5.9105684210526315,51.4692,6.030484210526316,52.33297894736842,6.1436631578947365,53.201052631578946,6.256842105263158,54.18776842105263,6.381473684210526,55.06980000000001,6.496
199542,18,40.0146,25.6896,40.324894736842104,24.916547368421053,40.67545263157895,24.032336842105263,40.99648421052632,23.229642105263157,41.30677894736842,22.452884210526317,41.617073684210524,21.677136842105263,41.94615789473684,20.85221052631579,42.28866315789474,19.988547368421052,42.59895789473684,19.21077894736842,42.909252631578944,18.437726315789472,43.219547368421054,17.664673684210527,43.58137894736842,16.773052631578945,43.89382105263158,15.973052631578948,44.20143157894737,15.198315789473686,44.511726315789474,14.425263157894737,44.847789473684216,13.592926315789473,45.193515789473686,12.736336842105263,45.50166315789474,11.958905263157897,45.803905263157894,11.185852631578948,46.1142,10.4128
199542,19,48.3072,4.9344,44.073663157894735,4.338189473684211,38.19631578947369,4.306189473684211,34.09376842105263,4.461473684210526,34.05135789473684,4.975157894736842,32.02638947368421,9.941557894736846,25.594789370079095,24.684549380667196,22.472627652631576,32.17833027368422,23.72574755770607,32.61326830603893,25.974335349863434,32.728022758809914,28.07916367894737,35.49948715789475,29.22450734526316,43.4184053894737,31.280178947368423,51.435115789473684,32.52886020325548,51.79168279679781,34.196133187331185,52.26395658560032,37.1006614039046,55.68195746054533,39.60244499291702,60.063081622064594,41.45835580973784,62.82122879007375,41.541129348000005,62.871644013810524,43.56877011,59.775789536000005
199542,20,44.79315414,40.45355328,43.1668931431579,38.80554260210526,41.919315789473686,36.64909473684211,43.26678947368421,35.94374736842105,44.74436849952423,35.27063695375936,46.27073680351845,34.72678540546157,47.48551537894736,33.875664168421046,48.01440239684211,30.684326602105262,48.53691441473684,27.17452166736842,48.649168421052636,21.26282105263158,48.9846947368421,16.886905263157896,49.321294736842106,12.493136842105262,50.36384210526316,9.884631578947369,52.06670526315789,8.761600000000001,53.72071578947368,7.6756210526315805,55.43753684210527,6.545852631578946,57.077589473684206,5.4642526315789475,58.808368421052634,4.325726315789475,60.43446315789473,3.2528842105263163,62.169000000000004,2.1056
199542,21,63.9234,0.256,57.39808421052632,0.5217684210526315,52.83653684210526,0.9273263157894737,48.96053684210526,2.884378947368421,42.661231578947366,6.178357894736842,36.41829473684211,9.436631578947368,31.23078947368421,12.423073684210525,31.943178947368423,13.748547368421052,30.777129429416707,27.127909742608196,30.06524363138222,34.77356414221605,31.515838141669757,35.97009157633991,32.70852564,39.93544057263159,33.121551126315794,45.82250711578948,34.79602620730484,52.03177361205338,35.916417157894735,53.144102063157895,40.7275783894737,54.52265960421053,48.513884210526314,55.59882105263158,55.147642105263145,56.7450947368421,61.775494736842106,57.89507368421053,68.0442,58.9824
199542,22,84.82364719219592,62.11885686371251,85.73865245946122,62.3303806196533,86.61578772631579,62.51219621052632,87.15209298947369,62.426638315789475,87.69554533894737,62.361329178947365,88.26758603368421,62.37701507368421,88.80405438947368,62.39124757894737,89.25752062105263,62.402088842105265,89.72050957263158,62.41496362105263,90.19778260421053,62.43088867368421,90.72346429894736,62.45002930526316,91.29755465684211,62.47238551578947,91.61978317894737,62.39097178947368,91.77410381052633,62.240378105263154,91.94441052631579,62.31781052631579,92.12156842105263,62.49296842105263,92.30302105263158,62.670821052631574,92.48554736842105,62.84934736842105,92.82534157894736,63.18944077473684,93.18261,63.54748608
199542,23,93.18261,63.54748608,93.18261,63.54748608,93.18261,63.54748608,93.18261,63.54748608,93.18261,63.54748608,93.18261,63.54748608,93.18261,63.54748608,93.18261,63.54748608,93.18261,63.54748608,93.18261,63.54748608,93.18261,63.54748608,93.18261,63.54748608,93.18261,63.54748608,93.18261,63.54748608,93.18261,63.54748608,94.22445137560315,60.57540636468105,92.89238911143403,60.23571761552552,91.14672889097402,62.26511961314283,91.10699035278073,60.98398338065172,85.457334,63.66666688
199542,24,85.457334,63.66666688,85.457334,63.66666688,85.457334,63.66666688,85.457334,63.66666688,85.457334,63.66666688,85.457334,63.66666688,85.457334,63.66666688,85.457334,63.66666688,85.457334,63.66666688,85.457334,63.66666688,85.457334,63.66666688,85.457334,63.66666688,85.457334,63.66666688,85.457334,63.66666688,85.66202115789473,63.349136875789476,92.11828469187442,54.36295732758949,94.83433518947369,49.16071949473684,93.18327777789476,49.398901153684214,92.75858311578948,49.12922677894737,95.115,48.0832
199542,25,75.7407834,51.1354048,76.23510761052631,51.198461642105265,76.72943182105263,51.26151848421053,77.36653643684211,51.4267676631579,78.08930929578948,51.653332244210524,78.76502762210526,51.863997002105265,79.29958235052632,52.02696229052632,79.83413707894738,52.18992757894737,80.37783739578948,52.35746176,80.92284422526316,52.52564864,81.47651289473684,52.69806315789474,82.03884340421052,52.87470531368421,82.60160456842105,53.05863208421053,83.16738031578947,53.29355115789474,83.73315606315789,53.52847023157895,84.26434736842106,53.716547368421054,84.7840105263158,53.88901052631579,85.30528421052632,54.06046315789474,85.82924210526316,54.23023157894737,86.3532,54.4
199542,26,63.45509046,61.668992,63.14370673974415,61.93816520785621,63.43129002924213,61.769445141325264,62.18050129303125,58.04663797532238,61.619180736057274,57.02445411331554,59.207204486834016,52.84995228064187,59.24300056736842,51.89440296757895,60.07373597052632,51.159772389052634,60.57169395789474,49.58561650526316,61.447494947368426,48.730485894736844,62.56733684210526,48.52244210526316,64.09841052631579,48.69052631578948,65.46628421052631,48.83941052631579,66.83415789473685,48.98829473684211,68.37543157894736,49.149978947368425,70.01172631578947,49.2954947368421,72.06836842105263,49.435621052631575,73.91832631578949,49.60538947368421,71.29316842105264,49.91393684210526,66.045,50.3168
199542,27,48.4806,51.6864,46.443284210526315,51.99595789473685,36.90413684210527,47.49507368421053,20.347954003725064,39.58975781156791,17.290380542224973,35.32637315238644,19.241288478861108,28.25727094847466,20.02972539789474,20.940784033684213,23.02408421052631,11.9845052631579,26.653136842105262,5.52858947368421,25.090389473684212,7.807999999999998,23.26029473684211,12.499873684210513,18.775283790946563,28.5688905782641,19.089927031578945,37.937327663157895,22.495294736842094,43.55907368421051,26.911894736842104,50.683957894736835,32.208222653360025,59.88536364006988,40.86146398136842,62.07998014012632,57.46406010379114,61.74678868085568,62.41689489473684,62.41375626105263,62.036094,64.0
199542,28,64.6143702291934,60.84592652796234,64.73375843090923,60.26497748962642,65.19276639654,59.24814020478354,65.7826258545111,58.07310396292187,64.44947136315538,59.483102200906146,63.4367404449889,60.25685711916575,62.64292882000773,60.62159347615522,61.951717274707924,60.92381415771242,60.65683581600855,61.6994048907213,59.403129010816556,62.4071326096069,59.1809968482781,62.18736131630129,59.49579332334932,61.29781428671606,59.983649155393586,60.239968739775136,60.4984617102407,59.255550150772656,59.47551754317195,59.25342357097371,58.088357221013155,59.42831464159619,56.56579846072219,59.60067627748829,54.527744731189,59.595028634423805,52.650252631578944,59.699200000000005,51.0102,59.9488
199542,29,52.4892,59.84,55.32426315789474,59.63048421052632,57.78192631578947,59.44791578947368,60.23958947368421,59.269052631578944,62.85615789473684,59.07435789473684,65.53231578947369,58.87898947368421,66.18618947368421,58.750652631578944,65.49473684210525,58.65869473684211,64.71255789473683,58.55595789473684,63.997484210526316,58.46197894736842,63.22765263157895,58.407747368421056,60.98741052631579,59.12421052631579,58.51686315789473,59.910736842105266,56.329768421052634,60.61103157894737,54.44706315789474,61.20522105263158,53.72017894736842,61.40227368421053,53.68206315789474,61.366905263157896,53.64018947368422,61.331536842105265,53.60422105263158,61.296168421052634,53.5602,61.2544
199542,30,33.263128200000004,53.245568000000006,33.59945977894737,53.279285894736844,33.935791357894736,53.31300378947369,33.95235081819712,53.46949180518873,33.16947998188704,53.932905123349286,32.386609145576955,54.39631844150985,32.06530859159452,54.757284471062796,32.090185749357836,55.04141503416003,32.11506290712115,55.32554559725727,32.11295523360694,55.580944395966455,32.106350088213134,55.831554567277635,32.083967821596424,56.08832462841045,31.96692282764226,56.38205402847305,31.849877833688097,56.67578342853566,31.816268614736845,56.88599208421053,31.893907095789476,56.984839747368426,31.971545576842107,57.083687410526316,32.16034768421053,56.97107216842106,32.39361524210526,56.77387176421053,32.626882800000004,56.576671360000006
199542,31,24.020999999999997,38.0416,22.144638286362216,31.570058364739353,21.481134197075118,27.38913599025048,21.120146305263155,25.508894787368423,21.305283552631575,25.408704842105266,21.340392221052632,25.40748281263158,22.211305263157893,25.178947368421053,22.5318,25.078905263157896,22.886652631578947,24.967410526315792,22.29193081833853,25.095655221147908,23.151266001744617,24.86413697510131,24.14779050947368,24.959713818947368,27.83432244947368,27.58680040421053,31.087478722105253,29.982193381052625,36.5466,34.06113684210526,40.6164,37.04218947368421,44.318999999999996,39.7594947368421,50.25866351981435,44.12729413307653,54.985680486004966,47.50646381143668,59.31591720000001,50.527552
199542,32,48.8478,49.1072,46.77302677301992,49.439325390095945,43.70807296988717,49.5703413087446,43.3977181797126,50.21811197879537,42.409048389473675,50.636474273684215,43.17313135578947,51.23308234105263,43.61871755052632,51.118901793684216,43.95333939473685,50.96708463157895,44.88341914736842,50.908965389473686,46.80726315789474,50.96825263157895,48.617494736842104,51.22290526315789,50.4304105263158,51.479242105263154,52.395900938531305,52.07654430070429,53.3578136743602,54.61002456548539,54.1278935724965,56.84502177054247,55.36993400913384,60.49527823066373,55.82509582736842,61.42901962778947,55.57246126105263,62.15637426863158,54.35219059578948,62.64503254568422,52.226243999999994,63.66666688
199542,33,52.226243999999994,63.66666688,52.226243999999994,63.66666688,52.226243999999994,63.66666688,52.226243999999994,63.66666688,52.226243999999994,63.66666688,52.226243999999994,63.66666688,52.226243999999994,63.66666688,52.226243999999994,63.66666688,52.226243999999994,63.66666688,54.379569076319854,61.83538669322599,59.00166003157894,56.46755772631579,61.082601221052634,41.76965524210523,67.25289473684211,32.65044210526316,73.70036842105263,26.906947368421058,73.28324210526316,25.835789473684212,73.24737136773413,25.11960093029395,71.57054399262623,27.687214454694256,72.21452470421052,28.354325894736863,75.9082572,14.625979957894739,82.3165908,5.266035200000001
199542,34,83.1606,5.7024,78.2442,0.7808,76.17360000000001,1.5488,74.09280000000001,2.3168,72.1344,3.04,66.9426,7.008,59.9454,12.8448,52.938,18.6752,46.308,24.1984,43.2276,28.5376,43.6866,31.5264,44.1354,34.5152,46.410000000000004,40.6464,49.5516,48.4608,52.76645493871875,56.68546603367279,55.0989840448621,61.165439881742515,57.42458934,62.92405024,64.62750294,59.75405728,70.8288,58.8992,68.49201515862487,61.41745942877439
199542,35,28.398022979999993,59.571708032000004,28.585069828421048,59.885355297684214,29.134789487368423,60.13131873347369,30.651636641052633,60.19679195621053,31.909693474736844,60.24291265010527,32.95209170842105,60.272906236631584,33.96385821473684,60.280913084631585,34.96670256631578,60.28172575663159,35.94839587578947,60.259456087578954,37.63047615789473,60.24349827368421,40.53823364210526,60.238586206315794,42.441126315789475,60.246231578947366,43.76981052631579,60.26105263157895,45.103863157894736,60.275873684210524,46.591330875752526,60.12667946477168,48.76675069239142,59.23941652101591,50.52927776756517,58.916080375151594,51.79633355298077,59.26945638675702,52.92835931904897,59.570826444058206,54.009748827861905,59.8526942684953
199542,36,64.9638,24.416,65.90112631578947,24.992,66.83845263157895,25.568,67.77577894736842,26.144,68.85000000000001,26.800842105263158,69.82383157894738,27.393684210526313,70.9449793114242,27.93259573443222,72.03805843762909,29.10077241524105,73.20941441254472,30.11116668584201,74.37846082987748,30.74557447329545,75.78141232538829,31.791401995608123,77.16602155136843,32.71817517136842,78.29493453157895,32.97692803368422,79.7400453,33.415162374736845,81.3761531191579,34.01601150652632,82.96824571578948,34.75768218947369,84.28340311578948,35.824613052631584,85.30635789473683,36.61675789473684,85.79917894736842,37.156042105263154,86.292,37.6896
199542,37,1.0737207479999997,20.138355968000003,4.362474698526315,20.191540345263157,11.544951041684211,19.09714243368421,22.967701241052627,17.08582197894737,32.55088421052631,15.498442105263159,32.24542105263158,13.381389473684212,29.854863157894737,11.227957894736843,27.385389473684214,9.004463157894739,26.375052631578946,7.316547368421054,27.770305263157894,6.444463157894738,29.705084210526312,6.06416842105263,34.27844210526316,8.04143157894737,39.222221052631575,10.31747368421052,44.05541052631578,12.54467368421052,49.03515789473683,14.840252631578942,53.82862105263158,17.054315789473684,58.8582947368421,19.369431578947363,63.608810526315786,21.55755789473684,68.68143157894737,23.892210526315782,75.65325630452746,27.107061146447247
199542,38,82.8188184,30.1861312,83.61119734736842,30.728783831578944,84.0621646863158,30.82703572210526,84.36199014315791,30.751144050526317,84.6311303494737,30.663414501052635,84.90092249684211,30.58567420631579,85.18650682105265,30.53373541052632,85.32508938947369,29.99059637894737,85.45721052631579,29.431915789473685,85.68966315789473,29.220378947368424,85.91513684210527,29.01322105263158,86.1475894736842,28.801684210526314,86.40044210526315,28.571284210526315,86.65544210526316,28.33886315789474,86.88843157894738,28.12698947368421,87.1139052631579,27.919831578947367,87.34582105263158,27.70863157894737,87.59652631578948,27.48025263157895,90.7826842105263,28.291368421052628,102.0,32.0
199542,39,23.075001,35.3230976,22.799252589473685,35.09967386947368,22.8222603,34.227165574736844,22.812674447368423,33.333050273684215,22.71762154948666,32.45822667206475,22.54964705750616,31.41011073293767,22.67189131824183,30.10894359478185,22.80492223658897,28.948611923630544,23.452905094736842,27.933093052631577,29.83817424,27.641291452631577,34.993906610526324,27.52149557894737,40.09066064842106,27.46943932631579,47.408449010526304,27.48145852631579,56.67764210526315,27.288252631578946,57.21233684210526,26.016,53.92525263157894,23.822147368421053,50.710642105263155,21.6768,47.6892947368421,19.655747368421054,44.66794736842105,17.6384,41.187599999999996,15.3152
199542,40,2.1929999999999996,32.2048,1.929433995426925,30.970352372050733,1.540287988307961,27.480892208102002,1.8675299825878184,25.77876688962947,2.0602424905263157,23.708059284210528,2.399939393052631,23.238507755789474,3.1355927774556713,22.681398675133586,3.768098725234304,22.178797057310273,4.265100199036279,21.642824553306625,4.996658538947368,21.426678568421053,8.699226006315788,23.946080336842105,12.184385906526318,26.47888680421053,15.261836066526312,28.83755358315789,21.640105263157885,33.26484210526315,25.970273684210525,36.36715789473684,29.862378947368416,39.154526315789475,33.77005263157895,41.960421052631574,37.73516842105263,43.664168421052636,39.093915789473684,42.07797894736842,39.4026,41.1328
199542,41,41.065200000000004,12.7104,42.59197894736842,12.440252631578947,44.10855789473685,12.16842105263158,45.63265263157894,11.892884210526317,48.78606315789473,7.5395368421052655,52.63522105263158,2.062484210526315,54.18830526315789,5.480421052631576,55.74568421052631,8.902063157894736,57.30467368421053,12.322357894736841,57.77118947368421,19.224589473684205,57.437810526315786,28.70501052631578,59.855747368421056,32.73498947368421,65.62700609684306,45.356151282102566,70.74997010526316,58.26852581052631,72.95947263157895,57.85967663157896,75.47302105263158,55.645305263157894,77.96611578947369,53.71317894736842,80.45921052631579,51.782736842105265,82.9523052631579,49.85296842105264,88.6788,41.6832
199542,42,45.704721,61.51185407999999,40.61747368421053,50.535747368421056,36.25133684210527,38.60715789473684,35.30611288140712,40.596695163878955,30.956017442099224,36.83337926760362,36.131538173214985,53.53633018586965,40.39790526315789,52.205473684210524,50.26023157894736,36.78854736842105,71.13533684210526,9.067452631578949,77.69447368421054,4.28362105263158,71.22874736842107,2.164547368421051,64.1300842105263,10.521263157894737,45.34651578947368,17.976926315789466,46.699894736842104,29.688926315789466,45.99502105263158,50.25953684210526,39.13578947368419,46.094484210526296,29.73836842105263,35.12151578947369,27.473968421052636,18.649936842105298,44.07379038947363,10.890316800000013,56.324400000000004,10.2144
199542,43,44.2986,24.3712,44.02481052631579,23.072673684210528,43.59748421052631,21.781557894736842,42.862547368421055,20.39882105263158,41.86885263157895,18.951747368421053,40.99111578947368,17.678484210526314,40.10586315789474,16.400505263157893,39.225442105263156,15.125557894736842,38.28650526315789,13.76741052631579,37.27616842105263,12.309557894736843,36.398431578947374,11.031242105263157,35.52069473684211,9.757305263157892,34.63812631578947,8.481010526315789,33.70670526315789,7.133642105263159,32.800515789473685,5.673431578947369,33.52525263157895,4.566905263157896,35.538410526315786,3.597810526315791,37.873673684210516,2.6630736842105285,40.31201052631578,1.686568421052633,43.0338,0.5952
199542,44,49.7352,0.5312,50.559789473684205,1.5295999999999998,51.44343157894737,2.598736842105263,52.40974736842105,3.7669052631578945,53.25795789473684,4.7969684210526315,54.082547368421054,5.799410526315789,54.90713684210527,6.801852631578948,55.422505263157895,7.43781052631579,55.74246315789474,7.843368421052632,55.61362105263158,7.730189473684211,55.49444210526316,7.625094736842105,55.38492631578948,7.528084210526315,55.275410526315795,7.431073684210526,54.43793684210527,7.051115789473685,52.14454736842106,6.105263157894738,49.17956842105263,4.895663157894736,46.06695789473684,3.6291368421052628,43.3355052631579,2.517557894736843,40.60029473684211,1.4059789473684217,37.862399999999994,0.2944
199542,45,44.727,3.9488,43.770347368421056,3.837642105263158,42.81369473684211,3.726484210526316,41.85704210526316,3.6153263157894737,40.900389473684214,3.5041684210526314,39.94373684210527,3.3930105263157895,39.62968421052632,3.5334736842105263,39.644715789473686,3.791494736842105,41.52258947368421,4.665936842105262,43.400463157894734,5.539031578947368,45.27833684210526,6.409768421052632,47.15621052631579,7.282863157894738,49.034084210526316,8.157305263157895,51.19648421052631,9.159747368421051,53.331505263157894,10.14938947368421,55.21528421052631,11.023831578947368,57.09637894736842,11.896589473684209,58.97425263157894,12.76732631578947,58.507200000000005,12.735326315789475,57.1608,12.3648
199542,46,33.048,8.3712,27.71715789473684,7.873347368421053,22.524284210526318,7.393684210526316,19.95442105263158,7.4112,20.003810526315792,8.31797894736842,17.260010526315792,12.542652631578948,13.932126315789473,17.535663157894735,8.124937770016988,25.005283101549384,6.451299252116513,28.520709127567482,5.797921020631579,29.626215477894736,5.725021728,29.243698930526318,5.934897416943294,28.467028159128944,6.232070291511267,27.80004055542718,7.279452424421033,26.94349743157895,14.891667565894728,26.552793768421054,26.02640696842104,26.009995789473685,37.38031578947367,25.39014736842105,47.13581052631577,24.88623157894737,54.24521052631579,24.505936842105264,53.7438,22.5088
199542,47,51.9588,10.016,52.753863157894735,3.4997894736842112,49.79425263157895,2.937936842105263,45.71693684210526,4.144505263157894,41.64391578947369,5.345684210526315,32.60993684210527,8.880842105263156,22.88504210526316,12.874105263157894,22.650978947368426,15.689768421052626,18.11769503565011,27.318840881662354,17.162507330526317,32.91325106526315,19.827726315789473,37.76707368421052,22.3482,42.58122105263158,25.13977894736842,50.708547368421044,27.816048057863725,58.501749924349625,34.8979489380809,59.99810256005937,39.28146721578947,61.445237524210526,41.06251578947368,61.68454736842105,42.831410526315786,61.86913684210526,44.60030526315789,62.05136842105263,46.3692,62.2336
199542,48,45.7266,62.2336,47.00141806142526,59.31997553241221,47.46194130000001,57.81460276210527,46.92280837502209,55.84095573114912,46.58073082105263,53.44251856842106,52.09708794947368,52.792465448421055,58.19544075789474,53.77325406315789,59.968547406847335,56.06682130112054,61.469106063157895,58.47702453894737,65.94679869473684,59.19618832842105,71.75535082105262,59.13215993263158,79.39626315789474,58.817684210526316,86.50518957062724,58.89235475745399,92.0094681663158,58.45950061136843,92.82652665789475,55.94647023157896,92.80067368421052,53.10753684210526,92.99071578947368,51.52202105263158,93.14317894736841,50.11705263157895,93.80832631578947,48.495831578947374,95.72088384077193,45.88365501808114
199542,49,66.0552,46.3872,66.83308421052632,47.014736842105265,67.61526315789474,47.64227368421052,70.17993171965614,48.98578407678455,71.28317037574509,49.77565682184382,71.1664198935324,50.06956358919461,71.57493536842105,50.55220143157894,70.89334237894737,50.99778856421053,70.48168326315789,52.103898273684216,70.18707612631579,53.081301423157896,69.84821494736843,54.3053123368421,69.28376842105264,56.18155789473684,69.25601877774983,57.347963675408266,68.90741720710726,58.73337715045929,68.20469966881242,60.013445185712975,67.61307069473685,61.31249357473685,67.80833026105263,62.177610304,69.12079625684211,63.110272933052634,70.96977946105264,63.2428710871579,74.17593,64.0
199542,50,12.2604,1.7664,12.620084210526317,1.7515789473684211,12.982452631578948,1.7317052631578946,13.380252631578948,1.7175578947368422,13.73403157894737,1.7034105263157895,14.08942105263158,1.6892631578947368,14.477557894736844,1.6710736842105263,14.849589473684212,1.6545684210526315,15.199073684210525,1.640421052631579,17.713105263157892,0.6864842105263159,23.488989473684214,1.529936842105264,28.595968421052635,2.34341052631579,33.249315789473684,3.1164631578947364,35.34622105263158,3.6304842105263155,35.33011578947368,3.854821052631579,35.442852631578944,4.035031578947368,35.55558947368421,4.216252631578947,35.67637894736842,4.4203789473684205,35.79126315789473,4.609684210526316,35.903999999999996,4.7936
199542,51,20.6666178,39.1313216,20.954472536842108,39.169283705263155,21.24232727368421,39.20724581052632,21.54848392421053,39.214810543157895,21.900395358947367,39.14638184421053,22.25230679368421,39.07795314526316,22.604303908421052,39.01026940631579,22.956365283157897,38.94314438736842,23.30842665789474,38.876019368421055,23.65547253157895,38.8114528,24.001682488421054,38.747312640000004,24.435435833253486,38.51323420358542,25.39444950602787,37.259526108683374,26.35346317880225,36.00581801378132,27.064002247338152,35.36443583107196,27.44324184355607,35.539488197952835,27.822481439773988,35.71454056483372,28.12150915494367,35.925215919299745,28.388452117694058,36.15014046879984,28.655395080444446,36.375065018299935
199542,52,22.9848024,36.46434752,22.72464699789474,34.366665566315795,23.299860429473686,31.744689313684212,24.698154915789477,28.293561600000004,25.78398947368421,25.061389473684212,26.702526315789473,22.134568421052634,28.09455789473684,19.090863157894738,30.28218947368421,16.141473684210528,32.55356842105263,13.12808421052632,34.79058947368421,10.153094736842109,36.64645263157895,8.696926315789476,35.10678947368421,7.2528842105263145,33.581621052631576,5.833431578947372,33.198852631578944,4.832000000000001,33.455463157894734,4.1064421052631594,33.72871578947368,3.3535999999999997,33.979957894736835,2.6330947368421076,34.262873684210525,1.8677894736842122,34.673021052631576,1.0095157894736873,35.1288,0.0768
199542,53,14.335488,63.42830528,14.335488,63.42830528,14.335488,63.42830528,14.335488,63.42830528,14.335488,63.42830528,14.335488,63.42830528,14.335488,63.42830528,14.335488,63.42830528,14.335488,63.42830528,14.335488,63.42830528,14.335488,63.42830528,14.335488,63.42830528,14.335488,63.42830528,14.335488,63.42830528,14.335488,63.42830528,19.453010526315794,62.416505263157894,31.59828796701098,59.8551253551851,35.66277032210527,58.83540116210526,32.375090431578954,57.529243621052636,37.77316245220966,58.64525518694511
199542,54,25.1403174,48.4862912,25.121762043157894,46.27625664,25.21876377473684,42.783450071578955,25.231931751989272,39.04698166426072,24.78628070579672,32.592459295519674,25.074200592471886,29.07686192398537,25.587273776842107,26.876209852631582,28.571347285263162,25.679302231578948,31.230436768421054,24.594898526315795,35.60283157894737,23.5008,38.98708421052631,22.35823157894737,42.113652631578944,21.305263157894736,43.17176842105263,18.881684210526316,43.387042105263156,16.278231578947373,43.616273684210526,13.527915789473687,43.8438947368421,10.818021052631579,44.067221052631574,8.215578947368423,45.15110526315789,5.416084210526321,48.51442105263157,3.047410526315792,52.4892,0.4672
199542,55,30.273600000000002,4.1152,30.84641052631579,4.315284210526316,31.44498947368421,4.524463157894736,32.11228421052632,4.757894736842105,32.728042105263164,4.975157894736842,33.30085263157895,5.178947368421053,33.87366315789474,5.379705263157895,34.446473684210524,5.579789473684211,35.019284210526315,5.779873684210526,35.62645263157895,5.9934315789473676,36.29374736842105,6.230568421052631,36.660410526315786,6.56202105263158,36.855284210526314,6.947368421052632,36.71194736842105,7.501136842105262,36.534789473684214,8.071747368421052,36.35763157894736,8.642357894736842,36.16436842105263,9.256757894736841,35.95177894736842,9.923705263157894,35.764957894736845,10.523284210526315,35.5878,11.0976
199542,56,32.5206362136,58.201840332799996,34.336439520000006,56.900181632,35.50344168394825,52.337473444585896,35.329331746605966,50.782008522749805,34.4413608,48.2954368,35.606723040000006,48.27411584000001,37.3427712,45.9789952,36.0366,49.5488,34.476,53.7024,33.037800000000004,57.5424,33.39762081851511,58.42506736431762,34.13467450194351,59.27994040345884,34.7797152,60.20671232,40.45379976000001,60.708201216000006,45.8078328,61.026772480000005,54.8862,61.4528,61.618199999999995,61.8752,67.8402,62.2592,75.5412,58.592,77.70360000000001,57.216
199542,57,86.7306,51.4816,87.46285263157895,51.01844210526316,88.1661157894737,50.57246315789474,88.79207368421052,50.172294736842105,89.42125263157895,49.77212631578947,90.0531157894737,49.371957894736845,90.68014736842106,48.97482105263158,91.31576842105264,48.57195789473685,92.04802105263158,48.105094736842105,92.52473684210527,47.50349473684211,92.55426315789474,46.666105263157895,92.50863157894737,45.76976842105263,92.42005263157895,44.83974736842106,92.33147368421054,43.91309473684211,92.24074736842105,42.958484210526315,92.14035789473684,41.87654736842105,92.38354736842105,40.760926315789476,93.03903157894737,39.60488421052632,96.4044947368421,37.616168421052635,100.7862,35.3152
199542,58,65.101704,64.0,65.101704,64.0,65.101704,64.0,65.101704,64.0,65.101704,64.0,65.101704,64.0,65.101704,64.0,65.101704,64.0,65.101704,64.0,65.101704,64.0,66.63928421052631,59.78610526315789,71.95755234355052,49.89952780786784,72.82738714105263,42.76682078315789,76.32058049684211,32.916919107368436,79.49504210526315,20.469557894736845,82.69354736842105,9.984336842105256,85.33373684210527,7.875031578947369,87.91755789473685,6.645221052631581,90.57492631578947,6.390568421052612,94.962,26.2528
199542,59,33.2724,12.2304,31.540010526315786,11.972378947368421,29.76735789473684,11.812042105263158,30.17374736842105,12.914863157894736,30.933915789473684,14.236631578947367,31.704284210526318,15.654736842105262,32.418284210526316,17.499284210526312,32.869231578947364,19.70458947368421,33.32017894736842,21.91157894736842,33.804947368421054,24.281263157894735,34.29347368421053,26.669473684210523,34.74442105263158,28.87612631578947,35.19536842105263,31.08176842105263,35.69516842105263,33.525557894736835,36.16866315789474,35.84437894736842,36.61961052631579,38.04901052631579,37.07055789473684,40.25195789473684,37.58538947368421,42.76985263157894,38.04385263157894,45.015915789473674,38.4948,47.2192
199542,60,40.66753585574069,54.262809798408924,41.406864778621085,59.917316540752914,40.71896991859416,62.20615996253774,39.24995218560445,62.03144451540632,37.8522,61.12741389473684,37.30092854526316,59.61205603031579,36.768852631578945,58.04597894736842,36.24811578947369,56.587115789473685,35.795021052631576,55.1552,41.42582040211218,55.9054447824235,45.41927670577951,57.388475824339146,47.61488283789475,58.40740206484212,49.48116717473685,59.1714487511579,51.464458473551915,60.22427268495653,53.67607736842105,61.826976909473686,57.69532294736842,60.594330112,63.47943157894737,59.000589473684215,68.89831578947367,57.38206315789474,74.35155789473683,55.75983157894737,79.4784,54.2272
199542,61,39.678000000000004,37.7088,43.1154,35.35966315789474,46.320884210526316,33.17221052631579,49.676147368421056,30.79545263157895,48.819347368421056,26.824757894736845,47.28988421052632,23.50585263157895,50.97154736842105,29.384421052631577,54.6516,35.30105263157894,58.59846315789474,41.63503157894736,62.35474736842106,47.68639999999999,67.3351791019113,54.74737622609878,70.45637115789474,60.84826997894737,71.97190863157894,61.13151301052632,73.38791343157895,59.91241024000001,74.27317894736841,58.515873684210526,75.46174736842106,57.302568421052634,76.65622105263158,56.07915789473684,77.78627368421051,54.924800000000005,78.98557894736842,53.696000000000005,80.1108,52.544
199542,62,84.609,47.936,85.04115789473684,48.434526315789476,85.39976842105264,49.772800000000004,85.76857894736843,51.18147368421052,85.83923868838234,53.13912229650744,85.77660254626782,54.99466158584673,86.23830301499669,56.05162597315222,86.41260331610735,57.441719640342605,87.4193866736842,57.78971755789474,89.29587466105262,56.82770216421053,90.84040976842105,55.99730795789474,92.60242412210526,55.053843402105265,93.69696164210526,53.713588547368424,93.49212631578948,52.52075789473684,92.99125263157896,53.53835789473684,92.48608421052631,54.56741052631579,92.01688421052631,55.51797894736842,91.41432856176611,55.71649077068482,90.86479024126591,56.855892482638524,90.39226284812871,58.166064131293695
199542,63,47.780686200000005,42.808991999999996,45.7096205968421,42.28708665263157,42.66465647052632,41.91401381052632,40.1123654968421,41.63945802105263,36.780711473684214,41.336067368421055,33.174157894736844,40.975157894736846,29.317060525775158,40.62287712695451,23.262939976614902,40.13140696099801,21.911582367000783,39.83169948945454,19.167181831578947,39.41810694736842,19.94730671368421,39.659209600000004,21.274734821052633,40.02053389473684,22.502005048421054,40.43539772631579,25.221366063157888,40.735872,27.327947368421054,41.05802105263158,29.11455789473684,41.40496842105264,31.092821052631574,41.79233684210526,32.90197894736841,42.14096842105263,34.68858947368421,42.48724210526316,36.6894,42.88
199542,64,33.6401814,16.466470400000006,36.68148878156093,18.44420123582322,41.76039018260582,20.054626204576078,42.407141537070025,23.83470428600021,44.497321725473675,24.052790595368414,47.69734736842105,23.667199999999998,47.736,25.612800000000004,45.138757894736834,28.830315789473683,43.55668421052632,32.8768,44.85369473684211,36.608,44.05218947368421,44.30315789473684,42.82765263157894,52.78315789473685,44.96428421052632,57.520842105263156,59.28776842105262,57.245305263157896,71.3473894736842,56.61338947368421,77.41263157894737,55.04943157894737,83.4827052631579,53.485473684210525,89.55331578947367,51.92151578947369,95.1819626122264,46.937661874681396,101.40522015,39.355360000000005
199542,65,28.5702,54.4576,28.16058947368421,55.68538947368421,27.71608421052632,57.03343157894737,27.488463157894735,57.829052631578946,27.512084210526314,58.03317894736842,27.535705263157897,58.260884210526314,27.559326315789477,58.46770526315789,30.20166315789474,58.94837894736842,33.575715789473676,59.51124210526316,37.18114736842105,60.11351578947369,39.77946315789473,60.18762105263158,40.062915789473685,60.46922105263158,39.31938947368421,61.22206315789474,38.64833684210526,61.89911578947368,37.986947368421056,62.56606315789474,37.44581052631579,63.21178947368421,37.656252631578944,63.6032,38.45238947368421,63.744,39.24369473684211,63.87941052631579,39.929226,64.0
199542,66,40.218599999999995,51.2896,42.58446315789474,50.602105263157895,44.76994736842106,49.96884210526316,46.69989473684211,49.443705263157895,47.41872631578948,49.65827368421053,47.978652631578946,49.972547368421054,48.449999999999996,50.35856842105264,48.980399999999996,50.79646315789474,49.46248421052631,51.19191578947368,49.92148421052631,51.568505263157896,50.37511578947368,51.9450947368421,50.834115789473685,52.321684210526314,51.316199999999995,52.71713684210526,51.846599999999995,53.155031578947366,52.31794736842105,53.54105263157895,52.775873684210524,53.91764210526316,53.2295052631579,54.29423157894737,53.68957894736842,54.670821052631574,54.182399999999994,55.07570526315789,54.7128,55.5136
199542,67,58.8336,58.9056,60.033978947368425,59.89389473684211,61.19302105263158,60.84917894736842,62.89427368421053,61.69465263157895,68.7318947368421,62.04227368421052,72.41302105263158,62.198568421052634,73.05830526315789,62.039242105263156,73.64238947368422,61.894063157894735,74.26083157894737,61.7434947368421,74.88195789473684,61.59326315789474,75.46604210526317,61.447747368421055,76.11132631578947,61.29044210526316,76.69755789473685,61.145936842105264,77.34445263157895,60.989305263157895,77.93497894736842,60.841431578947365,78.53516842105263,60.69625263157895,79.16434736842106,60.54197894736842,78.21198947368421,60.57061052631578,75.6066947368421,61.983326315789476,73.236,63.2704
199542,68,73.5522,61.9264,73.87967368421053,60.5082947368421,74.3078876488319,58.97205467813996,75.64276413715072,56.3726014595396,76.7244436952263,54.04805191015567,76.79333553232878,52.82311703763744,76.87313909259508,51.56405581576172,76.97840334024362,50.2253664453852,77.2110680596048,48.67739441828365,77.63483348653493,46.81549840609455,77.75679514736842,45.63326618947369,77.57695304210526,45.13069776842105,77.60371279578948,44.458631949473684,77.76820712210527,43.67356786526316,78.47982157620808,42.06222138618257,79.42591608507678,40.09675388072909,79.64439714965651,39.16515312073013,79.680974853164,38.49201904709481,79.757688670796,37.80353459965378,79.83886205666406,37.11334455512323
199542,69,2.717584523138086,28.48383696761008,3.312190160158026,28.84008157420127,3.5433210410526366,28.940717810526316,3.9877261014842604,25.29854226887268,4.547088605793654,21.591095196972965,5.662596567874909,18.77328143754663,7.084122924505278,16.254351123856836,7.710603706991511,15.74019435025848,8.531376356848977,15.203386325371326,9.584742705220602,13.43388663284954,14.764473161076136,8.379311370701208,17.448814375294834,5.615779025643173,21.161401590202384,2.2746600251360762,21.446989965797794,1.906880663470417,21.969977180511204,1.7709238511716499,21.576275166315792,2.103574433684211,24.562735367368422,3.028330863157887,27.87752562315789,3.8591900631578913,33.457030200000005,4.775611789473685,39.525,5.7408
199542,70,76.551,17.9904,77.39276842105264,18.082021052631582,78.34620000000001,18.186778947368424,79.6636105263158,17.499621052631582,81.07872631578947,16.01717894736842,81.2183052631579,14.776252631578945,77.90276842105264,15.495410526315787,74.07186315789473,16.330778947368422,70.71445263157894,17.05768421052632,67.43058947368421,17.7728,64.14941052631579,18.486905263157894,60.69644210526316,19.237052631578948,56.93425263157895,20.056926315789475,53.65307368421053,20.768336842105263,52.69105263157895,21.232168421052634,53.12052631578947,21.90585263157895,54.0396,22.724715789473684,54.967263157894735,23.553347368421054,55.80903157894736,24.30686315789474,56.650800000000004,25.055999999999997
199542,71,62.34600060000001,30.0337856,64.55847546,33.29311296,67.83207876,39.13845376,73.0728,48.2432,75.0006,50.5216,76.3572,51.3024,77.6016,52.0192,78.9582,52.8,80.2026,53.5168,81.5592,54.2976,82.8036,55.0208,84.15,55.8016,86.7,54.5152,90.1578,52.032,93.88294186634062,48.66969410747893,95.73034335012088,40.68801548768812,96.72258095406988,38.414067890942135,97.238621232,33.459343488,94.086407724,45.84960384,91.09414572,57.6058752
199542,72,82.0284,48.3776,79.94545263157895,49.78290526315789,77.65367368421053,51.32901052631579,75.5734105263158,52.74071578947368,73.28968421052632,54.27974736842105,71.19868421052632,55.69852631578947,69.02662105263158,57.166821052631576,69.02071578947368,58.17566315789474,70.22538947368422,58.87595789473684,71.57823157894738,59.24412631578947,72.9606,58.58964210526316,74.8620947368421,58.452884210526314,76.61595789473685,58.37507368421053,78.48041052631578,58.28715789473684,80.30728421052632,58.20665263157895,82.08047368421053,58.12816842105263,83.99861052631579,58.03823157894737,86.37091578947368,56.655831578947364,87.39413684210527,60.03065263157894,88.1382,63.6544
199542,73,85.8226878,56.4653504,85.77061411578947,56.37507671578947,85.73134996736842,56.25528525473684,85.80737164105263,55.86983380210526,85.90320804947369,55.432559258947364,86.0783033968421,54.78799235368421,86.25534409894738,54.156685675789475,86.43692396210525,53.55631952842106,86.63011657894737,52.94372210526316,86.84072832631578,52.31277776842105,87.08528835789474,51.243488336842105,87.3637966736842,49.73585381052632,87.90412281580244,45.62535642864076,88.61899417547316,39.77961714304199,88.79236343146668,37.1861367024485,88.73366035731283,35.986481481143,88.70118710804991,34.788990753118796,88.67527131500971,33.5920411484149,88.73424867142404,31.46620763576027,88.8026586,29.237164799999995
199542,74,82.87475520000001,28.020012799999996,82.53833128421053,26.887564294736844,82.6427526568421,25.734040353684208,82.76590251789473,24.585035250526317,82.9753681228568,23.19859145275505,83.20313038157379,21.916238532334162,83.41482741437801,21.00666889258914,83.5506195703467,20.080171231302284,84.19988981052632,19.14993394526316,86.22724808663506,17.127879519573465,88.2060940129923,15.036114864446274,91.87319689387611,17.76590446761356,93.50909854517346,17.950066799748143,94.9337402969635,21.30885966376539,96.50050006263157,25.542594138947365,94.76483011863158,22.960266957473674,91.98794959673684,21.735064319999996,91.05730401789474,21.10187317894737,89.40504778421052,18.29420126315789,88.6482,15.795200000000001
199542,75,18.04379999999999,48.128,18.670294736842106,48.46753684210526,19.441049941675654,49.264115714786634,19.388052896433916,49.08366170097961,19.17761839338231,48.94183196582315,19.51675998947368,48.38905512421053,20.824651231578944,47.70013783578947,21.936477536842105,47.15696896,24.18941810526316,46.27900362105263,23.397468178311303,47.17161141464171,23.75796857040878,48.33718197074186,23.57939744210526,50.13136875789474,24.59351413578947,50.48821210947368,26.19679625052631,50.78327693473684,27.916922532631578,51.07221416421053,31.055242105263165,51.83831578947368,33.28635789473684,52.29608421052632,35.48902105263158,52.75115789473685,37.58377894736842,53.17894736842105,39.922799999999995,53.664
199542,76,52.9992,64.0,54.4476,61.8816,56.1408,59.4176,57.5892,57.2992,59.0274,55.187200000000004,60.4758,53.068799999999996,62.169,50.6048,63.617399999999996,48.4864,65.0658,46.3744,66.504,44.256,67.8198,42.7648,68.8194,41.8176,69.819,40.870400000000004,70.8186,39.9232,71.98140000000001,38.816,72.981,37.8752,73.9806,36.928,75.51223235506393,35.740262466536386,76.5157608155684,34.691660988670364,77.38438947495557,33.781331398802294
199542,77,5.786598719999986,37.629977600000004,7.121708801684202,37.525824134736844,8.369775991578944,37.42829406315789,9.385728803368425,37.34842637473684,10.386932286315794,37.2524355368421,11.375844661894737,37.14300874105263,12.34456567578947,36.99969616842105,13.430945128421044,36.785505010526315,15.738778661052622,35.93782972631578,17.647610526315784,35.312168421052625,18.85818947368421,35.07503157894737,20.065010526315792,34.84025263157895,21.269684210526314,34.60682105263158,22.474357894736833,34.37002105263158,23.715536842105255,34.12614736842105,25.12098947368421,33.85195789473684,26.43786315789474,33.59461052631579,27.648442105263154,33.357473684210525,28.85472631578947,33.12033684210527,30.059399999999997,32.8832
199542,78,5.3663789765532215,31.730778296249397,6.063241182202035,31.861363022011552,6.585706124210536,31.910050021052633,7.735543311131074,26.815863530008052,8.532081493767187,24.01241636794792,10.127290362947374,19.98696003368421,10.184744738941014,19.02140851366236,9.942640395001712,18.189726229615648,10.690803524842124,17.318507317894742,13.005460565572623,11.72880281120724,16.699866729887958,7.51616936801178,21.88322260512207,2.1852549698116137,23.000239130854037,1.36041192243278,24.288917883588443,1.3818216100278402,26.760704822371096,1.0630067754070407,25.757049931578955,3.1856676715789476,28.554953415789466,7.764154711578944,33.916577761376786,16.524120705580277,38.80642624690592,22.843057305854185,41.983842599999996,27.540102399999995
199542,79,4.467480047999999,31.64291712,2.7456348357984934,26.836176933055814,3.265930424398012,25.613978754491523,3.695293796786004,24.26401697281705,3.9805797122285758,22.404139197874315,4.698806275418558,22.224164839575792,4.881219550968624,21.623430005532498,5.079276343668349,20.90787624489933,5.0797069261006085,18.708950490766647,4.78933571097135,15.898272327631762,5.348961926537257,14.768127558918884,6.69139574277439,12.7852084459016,7.971280179193618,11.711245781792964,8.765278543305556,11.727326625362576,9.301720839671688,11.693338854372312,10.525548618905807,12.070349238838267,10.080843712736858,11.167690307368424,16.080975226578918,8.539433532631584,22.743542940789453,6.06922357894737,43.304508,0.0
199542,80,10.669566180000004,15.228569600000007,10.1501714431579,15.224527494736847,9.630776706315796,15.220485389473687,9.111381969473694,15.216443284210527,8.702647993578957,15.111277271578947,8.736557061473688,14.601615629473683,8.770466129368419,14.09195398736842,8.80437519726315,13.582292345263157,8.872260132315779,12.972745162105262,8.991108868105254,12.213369667368422,9.109957603894731,11.453994172631582,9.228806339684207,10.69461867789474,9.346589696210524,9.938740008421055,9.463662799894736,9.185192555789474,9.58073590357895,8.431645103157893,9.697809007263162,7.67809765052631,10.35886075894737,5.942674863157893,11.15590717263158,3.961783242105265,11.95295358631579,1.9808916210526322,12.75,0.0
199542,81,21.59763708,51.343642880000004,23.60279184,51.41804813473684,25.6079466,51.49245338947369,27.472894736842104,51.56109473684211,28.987326315789474,51.615326315789474,30.501757894736844,51.66955789473684,32.157915789473684,51.730526315789476,33.92036842105263,51.79654736842105,35.68282105263157,51.86256842105263,37.23268421052631,51.92050526315789,38.747115789473675,51.977094736842105,40.261010526315786,52.03334736842105,41.77168421052631,52.08757894736842,43.28235789473683,52.141810526315794,44.79464210526316,52.19705263157895,46.309073684210524,52.25364210526316,47.82350526315789,52.310231578947366,49.5150947368421,52.37187368421053,51.277547368421054,52.435536842105265,53.04,52.4992
199542,82,80.51590320000001,49.9119296,80.37890109473685,49.60105802105263,80.2716769768421,49.20331745684211,80.24386082526316,48.57392626526316,80.22192502736841,47.815046029473685,80.20488952421053,46.9482582568421,80.20987442526315,46.05731759157894,80.22219946105263,45.15778701473684,80.25899161263158,44.22603041684211,80.28493010526316,43.090548210526315,80.29187469473683,41.59854618947368,80.2944,40.426442105263156,80.2944,39.43713684210526,78.21682105263159,39.83562105263158,75.10152631578949,40.92665263157894,68.25142105263158,44.509642105263154,60.880578947368434,48.3637894736842,52.88485263157898,52.54332631578946,45.72230526315791,56.289010526315785,38.8722,59.872
199542,83,39.1884,48.6016,40.58150526315789,48.04378947368421,42.050305263157895,47.45364210526316,43.557757894736845,46.85541052631579,44.18854736842105,47.18922105263158,44.30343157894737,48.139115789473685,44.40918947368421,49.24261052631579,45.022263157894734,50.45524210526316,46.83142105263158,52.210863157894735,49.19513684210527,54.330273684210525,51.325326315789475,56.24757894736842,53.427600000000005,58.13591578947369,55.683947368421045,60.16,57.39217894736842,61.47671578947368,58.269378947368416,61.771789473684215,59.07517894736843,61.946273684210524,59.95130526315789,62.138273684210525,60.73563157894737,62.30871578947369,61.52156842105263,62.479157894736844,62.4138,62.6688
199542,84,2.7993491999999804,35.601913599999996,10.109077913999982,31.1647264,26.846400000000003,18.9056,41.36792784,10.56893504,51.153,11.782400000000003,61.50091020000001,12.9613376,68.7151458,31.3004416,70.5942,34.278400000000005,71.9916,39.180800000000005,74.3886,53.2864,70.8084,60.1152,70.533,57.8816,76.5714,57.376,82.43639999999999,61.5424,75.8064,57.9392,71.3694,54.9056,72.4302,54.592,82.008,48.2752,87.1386,43.2896,85.1802,37.44
199542,85,82.09749786,46.033794560000004,80.67502105263158,43.27343157894737,81.94572631578947,47.48159999999999,83.20408421052632,51.63149473684211,79.27601052631579,56.51705263157895,76.01093684210528,56.993347368421055,70.30162105263159,53.858694736842104,71.29155789473684,52.12261052631579,72.90315789473685,53.13684210526315,74.86531578947368,58.715621052631576,77.45611578947369,62.10155789473684,82.07134736842106,51.57726315789474,82.72683157894737,50.69574736842105,83.12946315789473,50.48454736842105,84.052923334555,49.99583959125695,77.94069524210528,54.04210896842104,83.41613684210523,56.907789473684204,92.16344210526316,59.62509473684211,96.4742842105263,46.310063157894795,97.56414892982647,28.164522256357415
199542,86,73.8624228,10.11072,72.58042978736842,9.724479999999998,71.83569665052632,9.11627789473684,71.24417986105263,8.630399999999995,70.77751010526315,7.871326315789471,70.34778947368422,6.978357894736842,69.8292,6.355536842105264,70.13144210526316,5.911578947368422,73.0379052631579,6.146694736842108,76.60736842105263,6.567410526315788,80.46672631578947,7.027200000000001,84.13282105263158,7.463410526315786,86.60658947368421,7.803621052631581,88.66806315789474,8.131705263157896,90.59962105263158,8.437557894736841,92.48393684210527,8.735326315789475,94.57815789473683,9.067452631578947,96.48716842105262,9.369263157894734,98.37148421052632,9.667031578947368,100.4802,10.0032
199542,87,57.558600000000006,51.6288,56.86124210526316,49.828715789473684,56.508,47.796884210526315,56.2776947368421,44.96,56.542357894736845,39.0885052631579,56.825810526315784,33.32783157894737,57.14093684210526,27.04067368421053,57.43029473684211,21.281684210526315,57.7626,16.68682105263158,58.1094,15.6096,58.48357894736842,14.435705263157898,58.8234,13.34837894736842,59.184694736842104,12.223326315789478,59.547599999999996,11.0912,59.92783276449889,9.987036033706445,60.75532679478835,8.500936698321281,60.61351704756513,8.949795990748257,60.09414210257795,9.71351912469244,59.144995397368426,11.959171011368419,60.38034534,11.246661119999992
199542,88,43.433038199999984,11.793100799999998,43.09106977894736,11.731795536842101,42.811419116842096,11.693531351578942,43.092628285263146,11.862636867368419,43.385935834736834,12.044889465263157,43.72763690842105,12.279730391578944,44.091442616842095,12.532012193684206,44.50682580631578,12.824989372631576,44.89499131578947,13.099452631578943,45.24233030526316,13.34614501052631,46.064105115789474,13.660467199999994,47.360315747368425,14.042419199999998,48.84244432343869,14.025478235439492,50.4485181958365,13.742608627838644,51.130435765870786,14.012928404158524,51.416286349177845,14.520329345015863,51.95305054655247,14.834270410449314,52.55254314744399,15.099846507026792,52.9293628844678,15.504860700619966,53.28144119217297,15.925368016103775
199542,89,62.577,3.8656000000000006,64.98903157894736,5.137515789473684,65.00406315789473,6.4067368421052615,62.26509473684211,7.293305263157896,60.02646315789474,9.490863157894738,58.9618321208736,13.498621576544371,57.770746417894735,14.991624353684204,49.777683366879494,22.922365693236124,44.22422927403697,29.883413475041646,45.1287787737423,33.268259706772085,47.72587990894736,37.796726433684206,55.16220180000002,46.028306863157916,58.70636842105263,51.3573052631579,57.47968421052632,52.96101052631579,56.25353684210526,54.58324210526315,53.373915789473685,56.73633684210527,50.17970526315789,55.6837052631579,51.80365263157894,47.698863157894735,55.70703157894737,50.262231578947365,59.7822,53.2352
199542,90,68.0952,62.8672,70.92972631578947,58.92446315789474,73.56347368421054,55.262989473684215,75.01241052631579,55.6864,76.31962105263158,56.298778947368426,77.6934,56.947199999999995,79.01403157894737,57.56496842105263,82.13301105752251,56.32786777920921,84.28279735744253,54.275498735645876,85.2685105263158,52.805962105263156,83.95444989473684,52.478757726315784,82.77728131578947,52.26340042105263,81.79648421052632,52.16303157894737,81.35627368421054,52.221305263157895,80.90103157894737,52.28362105263158,80.40069473684211,52.573978947368424,79.40270526315788,54.61962105263157,79.07362105263158,56.96842105263157,80.8698947368421,60.93844210526315,82.25280000000001,64.0
199542,91,64.0458,51.2704,68.06084210526316,50.95343157894737,68.05708421052631,53.421473684210525,66.14968421052632,60.308884210526315,64.49084210526316,60.94383157894737,54.83197894736842,60.60126315789474,53.57254736842105,59.02383157894737,54.65804210526315,56.29574736842106,58.89802105263158,58.94568421052631,52.23205263157895,61.055663157894735,46.22103157894737,58.67621052631579,43.27806315789473,56.9024,40.305031578947364,55.11612631578948,32.838094736842116,50.13827368421054,24.56535789473685,44.00976842105264,23.501888721994096,38.05317031718515,26.724780461052617,26.578438366315794,36.70154989233511,6.068696396485679,38.0845498180956,2.6003658325757946,35.917056,0.0
199542,92,59.936832,0.34214399999999756,59.936832,0.34214399999999756,59.936832,0.34214399999999756,59.936832,0.34214399999999756,59.936832,0.34214399999999756,59.936832,0.34214399999999756,59.936832,0.34214399999999756,59.936832,0.34214399999999756,59.936832,0.34214399999999756,59.936832,0.34214399999999756,59.936832,0.34214399999999756,59.936832,0.34214399999999756,59.936832,0.34214399999999756,59.936832,0.34214399999999756,59.936832,0.34214399999999756,59.936832,0.34214399999999756,54.23876842105267,3.092884210526293,37.86207413684211,19.036467166315703,48.2921684210526,38.98408421052629,61.699799999999996,60.896
199542,93,33.190799999999996,51.3408,38.96453684210526,45.78526315789474,39.70752631578947,47.03663157894737,41.84254736842105,51.453305263157894,47.2200947368421,52.432842105263155,52.598178947368424,53.40665263157894,60.30508421052632,45.275621052631585,68.52413684210526,35.12555789473685,76.74104210526315,24.969094736842113,84.95794736842105,14.819031578947376,93.62353816620428,4.270052847131852,94.57164181263158,4.047108378947367,93.78846315789474,7.247494736842101,93.2061855991294,9.727228800961496,93.26564481789474,13.166509884631587,93.06441191684212,8.687293002105262,91.4005894736842,5.638400000000006,90.1594105263158,1.771115789473698,86.57437894736843,0.5426526315789486,82.8342,0.7807999999999993
199542,94,66.1572,49.6512,66.09761052631579,48.39915789473684,62.03854736842105,44.384336842105256,58.08416842105263,43.56749473684211,55.65495789473684,50.188126315789475,53.67669473684211,56.33785263157895,56.162273684210525,57.86206315789474,58.618326315789474,59.374147368421056,61.013715789473686,60.84176842105263,65.85388421052632,60.663915789473684,73.75136842105263,57.579452631578945,77.2199052631579,55.202357894736835,80.68844210526315,52.82526315789474,84.06678947368421,50.51486315789474,87.46231578947368,48.18627368421053,90.93085263157894,45.809515789473686,92.8887157894737,41.08025263157895,94.28289473684211,38.20261052631579,93.7557157894737,38.083705263157896,90.7596,39.5904
199542,95,54.0498,47.5968,53.92417894736842,46.57212631578947,53.787284210526316,45.455494736842105,53.63106315789474,44.27587368421053,53.35888421052631,43.28623157894737,52.902031578947366,42.339705263157896,52.33083157894737,41.420126315789474,51.76553684210526,40.50054736842105,51.12776842105263,39.47486315789474,50.48033684210526,38.43738947368421,49.90806315789473,37.51781052631579,49.34115789473684,36.59823157894737,48.773715789473684,35.68000000000001,48.201442105263155,34.7648,47.5464947368421,33.716210526315784,46.916778947368414,32.70231578947369,46.35148421052631,31.78273684210527,45.77974736842105,30.863157894736847,45.29444210526316,30.08505263157895,44.9106,29.472
199542,96,16.066815599999998,40.6650816,16.60268952586498,39.13135589941688,17.138563451729965,37.59763019883377,17.717584540278033,37.15188892186534,18.301999024161482,36.84214569784875,18.761694503158715,36.62514133824331,19.18575598075988,36.434633797041066,20.16771175485001,35.67386706836793,21.428614677184623,34.627970745959374,22.159329992842107,34.29340559494738,22.465895223157894,34.52790538105264,22.93923728210526,35.25005248000001,23.6210503768421,36.58175872,24.423711568421044,38.379406821052626,25.4680689536842,41.108938644210525,26.50756920631578,43.837987570526316,27.530069494736836,46.56534635789473,28.568393848421046,49.34292264421052,29.733310724210522,52.52223892210526,30.8982276,55.7015552
199542,97,18.926365199999992,51.4549504,17.93143894736842,51.030602105263156,17.075477443910025,50.569287086630524,16.10218038378253,50.385852389014964,14.884443410526316,50.34805726315789,13.876152581052633,48.803402442105266,12.753039385263147,45.848432168421056,11.507651595789463,42.706958484210524,10.263347368421048,37.34736842105263,8.207691263369105,32.129568240614795,7.110739171232943,28.463307668448465,6.451657780646288,25.40429238112804,5.852421703578944,23.146668328421054,5.697036353052623,20.892031023157898,5.659244359106581,18.97391496611381,5.819110321177363,16.847228531865692,6.338771532631581,15.070823747368422,11.064012752842086,11.113011738947382,18.032390258526313,6.055228901052628,27.902202000000003,0.0
199542,98,42.78246026586783,10.45448665209328,42.85571919723184,10.501052929806457,42.928978128595844,10.547619207519633,43.190707206389575,10.446872562293612,43.92361165025761,9.977843609719597,44.65651609412566,9.508814657145583,45.01874409463834,9.401743370145656,45.10296476263452,9.566140332326293,45.1871854306307,9.73053729450693,45.39723776380146,9.791502947644489,45.62826204116799,9.83523004927487,45.947431681584604,9.825729529990333,46.795473500301696,9.496863285216316,47.64351531901879,9.167997040442298,48.13916049726315,9.088813864421054,48.16494348821052,9.342541446736844,48.19072647915789,9.596269029052634,48.22781518019087,9.71625185533074,48.26942616525811,9.782736779193769,48.31103715032534,9.849221703056799
199542,99,50.17146966429848,10.41140843787717,51.2720885431579,10.328258021052637,52.61610496421053,12.615469271578945,54.92700805263158,14.903043368421047,56.943158412631576,17.02573568,59.9746128,19.822869557894734,62.98875789473684,22.518905263157894,65.13169069325333,25.64091287158396,67.85214453697495,27.80053403307677,70.70158715306344,30.3137326904963,72.97718450210526,32.03968090947368,74.63986964526316,33.416805490526315,76.39011368210527,34.805709406315785,77.97183154736841,36.03204951578947,79.51436842105264,37.399242105263156,81.23709473684211,38.80926315789474,82.82507368421052,40.28631578947368,84.13443157894737,46.60614736842103,85.37238947368421,54.648589473684204,86.80730400000002,63.97737504
199542,100,35.1865524,26.83692160000001,35.08605555789473,26.481822652631585,34.985558715789466,26.12672370526316,34.8850618736842,25.771624757894735,35.12165409473683,25.586342905263155,35.42566412842105,25.435024471578945,35.729674162105255,25.283706037894735,36.14756816210526,25.120399932631578,36.622404145263154,24.951099991578946,37.09724012842105,24.781800050526314,37.572411423157895,24.621813018947368,38.04791802947369,24.471138896842103,38.52342463578948,24.32046477473684,39.025352677894745,24.162929785263156,39.58012359157895,23.99167306105263,40.134894505263155,23.820416336842104,40.7818139368421,23.656939115789474,41.88947595789473,23.53235941052632,42.997137978947364,23.40777970526316,44.1048,23.2832
199542,101,5.695256700000002,29.955545600000008,6.548292819473682,30.398037355789473,6.3883695157894635,30.537127073684214,6.408284210526308,30.901221052631577,6.405599999999993,31.166315789473686,6.395399999999995,31.424673684210525,6.3905684210526275,31.667873684210527,6.3851999999999975,31.92825263157895,6.378757894736841,32.18795789473685,5.823886349630484,32.31864767230044,6.31274746736843,32.67353128421053,6.75606248715789,33.37065943578947,7.872092330526312,34.13329717894737,8.285799263891546,34.93520339628133,9.916384769684218,35.883634256842114,16.39557585852633,40.85363186526317,25.902094736842106,47.760505263157896,33.22247368421052,53.197136842105266,40.76725263157895,56.28261052631579,47.94,55.2448
199542,102,43.319399999999995,42.784,42.91730526315789,44.564884210526316,45.25632631578947,48.693894736842104,49.00026315789474,50.24606315789474,53.020136842105266,49.194105263157894,57.05450526315789,48.1381052631579,61.219326315789466,47.04572631578947,65.10874736842105,46.02644210526316,69.27356842105263,44.93776842105263,73.03414736842106,44.01684210526316,74.91953684210526,44.21187368421052,76.48174736842105,44.62282105263158,77.94517894736842,45.00176842105263,79.51061052631579,45.41136842105263,80.99014736842105,45.7957052631579,82.53947368421052,46.19621052631579,84.09416842105263,46.60378947368421,85.56565263157894,46.986105263157896,86.99204210526315,47.50787368421052,87.057,49.0432
199542,103,5.2224000000000075,33.664,5.169789473684202,33.38711578947368,5.1171789473684255,33.120000000000005,5.064568421052634,32.83974736842105,5.001757894736846,32.56286315789474,4.959347368421052,32.29877894736842,4.896536842105264,32.02189473684211,4.8439263157894725,31.73861052631579,4.791315789473687,31.474526315789472,4.55991126375101,31.243210226608213,4.430704995601404,31.07618084258382,4.752581149759805,26.453297672075333,5.677927481399996,20.54744643705263,6.778869964387593,19.653979962777186,5.939296112842092,18.16724264421052,10.156875210340019,10.599519950334328,14.432244414493027,6.042447060447843,15.069084112129138,5.127472199571583,17.723331138947373,3.558853793684211,41.14017,0.0
199542,104,14.789500200000006,15.613280000000003,17.142505184210524,13.574446315789473,19.902729707368415,11.248843789473687,24.428735567821324,8.16539261393086,28.31397830172489,5.37708824868026,32.186766221052636,2.561587536842107,34.152487405263166,2.093372799999993,36.01258587157895,2.170848134736839,38.43145263157895,2.2885052631578957,40.52728421052632,2.307368421052633,42.28315568742018,2.5756245912199955,44.91360674107003,2.352075749954554,47.432816488421054,3.0209366905263066,50.23086846315789,7.042699115789466,53.61581254736841,12.378382821052613,58.03638947368421,18.532378947368425,61.80824210526315,24.040084210526302,65.28429473684209,29.111915789473674,69.05614736842104,34.613894736842084,72.5322,39.6864
199542,105,86.7816,60.512,86.70053684210527,60.48303157894737,86.60336842105264,60.44901052631579,86.52123157894736,60.418694736842106,86.43533684210527,60.38602105263158,86.34568421052631,60.35435789473684,86.2571052631579,60.323031578947365,86.17818947368421,60.29473684210526,86.09068421052632,60.26644210526316,86.0004947368421,60.23208421052632,86.85675789473684,59.62374736842105,88.22087368421053,58.710231578947365,89.64135789473684,57.75528421052631,91.1633052631579,56.73903157894737,92.52742105263158,55.82652631578947,94.82456842105263,54.39157894736842,94.79450526315789,55.64328421052632,93.01970526315789,58.51722105263158,91.31952631578947,61.25608421052632,89.6274,64.0
199542,106,90.3312,63.2896,91.49346315789474,62.11536842105264,92.70243157894737,60.90341052631579,93.24195789473684,60.02021052631579,91.72001052631579,60.362442105263156,90.20343157894736,60.705684210526314,88.54458947368421,61.0816,87.05270526315789,61.3952,86.36125263157895,61.39991578947369,85.85272570942732,61.167956287675814,85.19016625207486,61.077700813488896,84.62041235478564,61.031039519236174,83.97828997894739,60.953136101052635,84.06913783578948,60.92435969347368,84.71342566736843,60.671690522947365,85.46641844210527,60.37188621473684,85.4179583494737,60.51403773305263,83.99729633684211,61.512713162105264,82.32795789473684,62.61187368421053,80.682,63.68
199542,107,90.1986,42.0416,89.13565263157895,40.7936,87.9486947368421,39.39738947368421,86.79555789473685,38.04395789473684,85.73422105263158,36.8,84.67932631578947,35.552,83.97015789473684,34.19553684210526,83.40378947368421,32.790905263157896,82.92546315789474,31.448926315789475,82.49169473684209,30.23056842105263,82.0649052631579,29.007831578947368,81.63113684210526,27.785094736842105,81.15281052631579,26.441094736842103,80.77433684210526,25.38341052631579,80.66482105263157,25.09002105263158,80.71313684210527,25.21633684210526,80.75501052631579,25.342652631578947,80.59342105263157,26.665431578947363,80.47853684210526,28.17818947368421,80.9778,27.334400000000002
199542,108,57.964329931413374,12.545296409865031,57.62252071578947,12.70978324210526,56.840440246178005,12.676809949508481,56.17921691933473,11.82880306774844,56.25950318821959,11.038886986534418,56.433148013807404,9.88653780962962,56.61267164842106,8.670808690526316,57.068974016842105,7.853743696842102,57.93618945157895,6.947735713684204,58.856440967368414,6.033864218947363,60.0066096631579,4.998658694736833,62.20174736842105,3.3037473684210537,63.148736842105265,2.3481263157894743,62.918518370058564,2.054998046465214,62.28584804539722,1.939806360190401,61.821560926787036,1.6535104389491018,61.33750892150852,1.2895618564623397,60.698718852631586,1.3556304842105238,59.53371796105263,3.147856976842099,58.31289714,5.296227839999993
199542,109,40.5949698,27.1508928,41.32896271263157,28.09889923368421,42.887849864210516,29.710549322105262,44.56103322315789,31.419039191578943,46.558823905263154,33.22679006315789,48.91114736842105,35.260294736842106,50.88243157894736,37.152,52.78392631578947,38.97465263157894,54.57912631578947,40.700631578947366,56.38130526315789,42.42661052631579,58.4502947368421,44.41498947368421,60.25247368421053,46.14096842105264,62.004726315789476,47.24378947368422,63.59055789473684,46.47983157894737,65.00943157894737,46.003873684210525,66.3059052631579,45.56867368421053,67.60237894736842,45.130105263157894,69.0599052631579,44.64606315789474,70.39932631578948,44.19536842105263,71.6958,43.7568
199542,110,16.711914599999986,22.478643199999993,16.949381766315785,21.88048060631579,17.20153473157895,21.1757379368421,17.406480969473687,20.50378698105263,17.568951669473687,19.85928138105263,17.923389000000004,19.115277473684205,18.864631578947368,18.11166315789474,19.26833684210526,17.287073684210526,19.619431578947363,16.57094736842105,19.96891578947368,15.866610526315787,20.316789473684207,15.163284210526315,20.679157894736843,14.423915789473686,21.076421052631588,13.614821052631576,21.42858947368422,12.914189473684209,21.772705263157903,12.208505263157893,22.116284210526327,11.502484210526317,22.493684210526318,10.732800000000001,22.87806315789473,9.958063157894737,23.228621052631574,9.256421052631582,23.572199999999995,8.550400000000003
199542,111,25.575640415982562,3.7286935563665935,26.19770360032011,2.8811034429917384,26.738162857068435,2.179870998968622,27.150657410526314,1.5469217684210586,28.618819749473683,1.4850988463157915,31.23594433894736,2.079563183157893,32.97207334736842,2.5228153263157895,34.65636434526315,3.0107610273684244,36.293776357894735,3.5300459789473613,40.39274728421052,4.5787459368421,44.141305263157896,5.513431578947369,46.4202,6.097178947368422,48.703926315789474,6.684631578947365,50.98013684210526,7.272084210526312,53.61871578947368,7.945431578947368,55.991557894736836,8.555789473684213,58.2726,9.140210526315789,60.55417894736842,9.724294736842102,62.902863157894735,10.329936842105262,65.56559999999999,11.014400000000002
199542,112,16.754571,28.079596800000004,16.22914242631579,29.538411351578944,16.153708326315783,31.938505903157896,17.03775789473684,35.69684210526316,17.37221052631579,38.72673684210526,17.370354260264566,41.594924643941944,17.32672422007772,44.79056339255425,18.083760378947375,47.477718568421054,22.33510212631578,50.43905734736842,27.085975452631576,53.37744875789474,31.82346315789474,56.37962105263158,31.373589473684206,57.27595789473684,30.88667368421053,58.24606315789473,32.963715789473675,58.570778947368424,39.08586315789473,58.04631578947369,44.7388105263158,57.56665263157895,50.85075789473684,57.04218947368421,56.5037052631579,56.56252631578947,62.615652631578946,56.03806315789473,68.26859999999999,55.5584
199542,113,34.31280000000001,58.24,36.09243157894737,58.543494736842106,37.64658947368421,58.80656842105263,39.17068421052632,59.064252631578945,40.69477894736843,59.32193684210526,42.170557894736845,59.57658947368421,43.355368421052624,59.793178947368425,44.18586315789473,59.957557894736844,45.01796842105263,60.11890526315789,45.8651052631579,60.28631578947368,46.83249473684211,60.47528421052632,47.671042105263155,60.6426947368421,48.50153684210527,60.80404210526316,49.33847368421053,60.96842105263158,50.253252631578945,61.14795789473684,51.15622105263158,61.323452631578945,51.986715789473685,61.48581052631579,52.81935789473684,61.65052631578947,53.67401052631579,61.8149052631579,54.641400000000004,62.0096
199542,114,74.45699712,48.3395264,74.77529381052632,43.92150568421053,74.73754736842105,39.17103157894737,75.11709473684209,34.523621052631576,75.41772631578948,30.252799999999997,74.4355493044,32.34371108686449,73.40768488004977,32.63138865862379,72.03628730240541,30.46861776883856,66.67744428144866,30.392922831202192,65.17708259052633,29.11007919157895,65.77980000000001,22.139284210526306,68.15543712874371,9.4549290452043,69.70694521578947,3.493397894736835,70.91690497088983,2.711096902085647,73.3076555368421,3.2998390568420986,84.50522513934803,14.240527603678888,92.18294670631579,20.00280208842105,84.48520786375431,14.64767844223117,80.87423623263159,14.64485076210526,80.9975166,17.0576704
199542,115,53.5616688,4.788799999999995,52.868833048421045,4.563427368421051,51.980818686315786,4.571671578947368,51.44559295277581,4.397613336587569,50.428342609510345,4.2720973603084085,49.96941203204604,3.707933730745498,51.78071122105263,3.5798164210526306,56.36782005789474,3.400375578947365,62.11553321052631,3.0941810526315794,67.92287368421053,2.313094736842104,69.33745263157894,1.9294315789473715,70.88355789473684,1.5087157894736833,72.3936947368421,1.5016421052631566,75.82304210526314,8.26913684210525,79.46283157894736,16.366147368421057,83.37855789473684,25.093726315789485,87.06397894736843,33.308968421052626,89.45990526315789,35.78206315789473,91.3146947368421,35.854484210526316,93.075,35.916799999999995
199542,116,43.99449720000002,25.08346240000001,45.08938334526315,28.544816606315795,46.48072894736841,31.79067789473684,48.93530526315789,36.064673684210526,50.80727368421053,39.83663157894736,52.536442105263156,43.33338947368421,54.40841052631579,47.1077052631579,56.96968421052632,49.597642105263155,60.90581052631578,50.83250526315789,64.54613684210526,51.98383157894737,68.48226315789472,53.219031578947366,72.17788421052632,54.37945263157894,76.06891578947368,55.60555789473684,79.82466315789473,56.7861894736842,83.65556842105262,57.992084210526315,87.47144210526315,59.19292631578948,91.24222105263158,60.37861052631578,93.81369473684211,57.50703157894739,95.13927112304857,44.46972267279815,95.86207146,37.488665600000004
199542,117,73.746,63.4816,75.67863157894736,63.066610526315785,80.62301388778582,60.87914385770145,83.39017855202121,60.019096617524646,84.46072184058245,60.182112596637246,85.92965633804305,60.124308142320125,88.34518162105265,59.55772820210527,88.57795635789473,60.20823767578947,88.3205617466753,60.64363934424647,87.66803822931979,61.010724941945625,86.85548941071792,61.31144151986311,85.7979177035957,61.65458987770733,84.45335862947368,62.059859240421055,84.68458382526316,61.48754801178948,83.63003808947369,60.49652419368421,82.60116280105262,59.5663412951579,81.51988640842104,58.57463975073684,80.44328381684211,57.56250190147369,79.35720682105263,56.46047986526316,77.6934,54.6048
199542,118,3.8297695199999993,39.630688000000006,3.836480046315787,39.595824842105266,3.843190572631575,39.56096168421053,3.8499010989473628,39.52609852631579,3.936373241684204,39.72174972631579,4.341891850105257,40.83945835789474,4.747410458526311,41.957166989473684,5.152929066947364,43.074875621052634,5.533779952421048,44.127512757894735,5.877629253473677,45.08254265263158,6.221478554526307,46.03757254736842,6.5653278555789365,46.99260244210526,6.9041045785263035,47.944726568421046,7.239499582736831,48.89491351578947,7.574894586947358,49.84510046315789,7.910289591157885,50.79528741052631,8.131982210526306,51.49018105263158,8.3252492336842,52.12125136842105,8.518516256842096,52.75232168421053,8.711783279999992,53.383392
199542,119,3.851263616729625,34.26100884767437,4.835970273892956,33.544606377592366,6.368332421052628,31.61536,9.907544333052616,27.4055824168421,16.39776786914348,19.549831400613794,20.94745313919891,15.412578102447167,24.738469878947363,12.721452698947367,27.76389671052631,11.357215157894736,30.950557894736843,9.850947368421055,34.096452631578956,8.407915789473684,36.63000699692048,7.778915145088357,39.753960819506915,5.7617178146237755,46.38424365789472,4.683100631578941,55.35099950526314,4.368206821052631,64.57244210526316,3.0534736842105263,64.44145263157895,2.977347368421052,64.05438947368421,2.9194105263157875,63.69792631578947,2.8645052631578958,65.19625263157894,6.43301052631578,65.2392,10.783999999999999
199542,120,27.038078400000003,22.273459199999998,27.18463629473684,22.547311831578945,28.598317212631578,22.98774123789473,30.197719301052633,23.44782228210526,31.526569717894734,23.87912380631579,33.03058870736841,24.382378037894735,34.29854576842105,24.82338762105263,36.854957810526315,25.065272589473683,39.43105263157894,25.29347368421053,41.09311578947368,25.655915789473685,42.98548421052632,26.075284210526316,44.64754736842106,26.437726315789472,46.274178947368426,26.79141052631579,47.898126315789476,27.14677894736842,49.53549473684211,27.509221052631577,51.43591578947369,27.923536842105264,53.117305263157895,28.28934736842105,54.73964210526316,28.64572631578947,56.360368421052634,29.003115789473682,57.987,29.3568
207673,1,38.1378,40.4288,37.58055789473684,40.27722105263158,37.023315789473685,40.12564210526316,36.46607368421052,39.97406315789473,35.94281823770568,38.50696386495565,35.426360122952495,36.77676050290243,34.90990200819932,35.0465571408492,34.56001832536941,34.29307072786293,34.29342185850114,34.02794278941013,34.026825391632876,33.762814850957334,33.75681240642129,33.50658655276522,33.48338290286638,33.259257894833794,33.20995339931147,33.011929236902375,32.92757330954418,32.61942204758514,32.627292047352114,31.936557795496263,32.32701078516005,31.253693543407387,32.03184271578947,30.73860210526315,31.762240610526316,31.0623747368421,31.492638505263155,31.38614736842105,31.223036399999998,31.709919999999997
207673,2,85.8432,57.28,87.32058947368421,56.8704,88.96547368421052,56.16303157894737,90.64364210526315,55.386947368421055,92.4426,54.55663157894737,94.33013684210526,53.68757894736842,96.00508421052632,52.91183157894737,97.68003157894736,52.14113684210527,99.3624947368421,51.36572631578947,98.991,50.77861052631579,97.21727368421053,50.382484210526314,94.97542105263157,50.091452631578946,92.73464210526316,49.8010947368421,90.50137894736842,49.515452631578945,87.91380000000001,49.17928421052632,85.57961052631579,48.87612631578948,83.33775789473684,48.58509473684211,79.6328065098757,48.2157600434224,74.34439907333987,47.76175953310605,72.76117307547399,47.50639630964894
207673,3,7.95819708,37.86593920000001,7.844654974736843,36.98374972631579,7.982362565684211,35.60168060631579,8.159255840210527,34.194229861052634,8.272299229894738,32.967543174736846,8.368470359368423,31.748974248421057,8.46299508,30.34464235789474,9.20958826736842,28.418577852631582,9.969157894736842,26.55258947368421,10.260126315789474,25.158063157894738,10.558073684210527,23.763536842105264,10.890915789473684,22.171957894736842,11.20496842105263,20.686484210526316,11.500231578947368,19.293642105263157,11.790663157894736,17.90383157894737,12.088610526315788,16.509305263157895,12.418768421052631,14.932884210526318,12.735505263157895,13.432252631578951,13.031305263157895,12.039073684210527,13.3212,10.6496
207673,4,55.45116779999999,45.09043199999999,55.58162043157895,44.02452884210526,55.52918990842106,42.292414652631585,55.47076785157894,41.080204800000004,55.386431513684215,39.96919781052632,55.426875694736836,39.063450947368416,56.55026343157894,38.96418357894737,57.87694736842106,39.28993684210526,59.09826315789474,39.68404210526316,60.321189473684214,40.07814736842105,61.64504210526316,40.5056,62.975336842105264,40.93675789473684,63.70061052631579,40.828631578947366,63.220673684210524,39.496757894736845,61.81844210526316,37.19477894736843,60.312063157894734,34.71225263157895,58.978547368421054,32.51637894736842,57.89734736842105,30.591663157894736,59.040082549823865,31.012869807155408,63.67476844665345,33.75012633595273
207673,5,61.1796,39.5136,62.41970526315789,39.52774736842105,63.664642105263155,39.5418947368421,64.91011578947369,39.55604210526316,66.15022105263158,39.57018947368421,67.59271578947367,39.58871578947368,68.92623157894737,39.604884210526315,70.16794736842105,39.619031578947364,71.41556842105263,39.63317894736842,72.65674736842107,39.65136842105263,74.00583157894738,39.66787368421053,75.43275789473684,39.682021052631576,76.67286315789474,39.69616842105263,77.91887368421052,39.71402105263158,79.16649473684211,39.73086315789474,80.4286105263158,39.74534736842105,81.87915789473684,39.764210526315786,83.17938947368421,39.779705263157894,84.42217894736842,39.79385263157895,85.6698,39.808
207673,6,25.928399999999996,13.248,25.05656842105263,13.422484210526315,24.092936842105264,13.618189473684211,23.11910526315789,13.816252631578948,22.247273684210526,13.990736842105262,21.375442105263158,14.16522105263158,20.50361052631579,14.339705263157896,19.60117894736842,14.520252631578948,18.58654736842105,14.723031578947369,17.694315789473684,14.901557894736841,16.822484210526316,15.076042105263157,15.950652631578945,15.250526315789473,15.078821052631579,15.42501052631579,14.088884210526315,15.621726315789473,13.131157894736841,15.81237894736842,12.259326315789473,15.9872,11.387494736842106,16.1664,10.521031578947369,16.34223157894737,9.600347368421051,16.52682105263158,8.578199999999999,16.7296
207673,7,1.9659010799999999,27.828693759999997,5.570810526315789,32.78854736842106,7.836821052631579,35.89524210526316,10.245977506590823,40.05620535473447,12.956103759835294,45.273514634672956,15.398495447784244,47.76592014432524,18.053212519824438,50.994981891331136,19.99541002105263,52.87798164210527,21.53425546105263,53.38204133052631,23.001236210526315,53.72955284210527,24.397291098947374,54.092933928421054,25.916370442105265,54.394330273684204,28.19655789473684,54.356547368421055,29.793663157894734,54.60412631578947,31.383252631578948,54.851705263157896,33.11456842105263,55.12151578947368,34.807231578947366,55.38964210526316,36.40487368421053,55.63924210526316,37.99661052631579,55.88682105263158,39.831,56.1728
207673,8,59.098800000000004,8.0768,58.72569473684211,10.175999999999998,58.38641052631579,12.008421052631578,58.05571578947369,13.8432,57.50598947368421,15.778694736842104,55.80742105263158,16.755873684210524,53.648242105263165,17.238905263157893,51.45363157894737,17.734399999999997,49.29123157894737,18.46433684210526,48.59333684210526,19.912084210526313,48.28626315789474,21.620210526315788,47.7011052631579,23.914105263157897,44.860883777945645,29.192734391493385,44.213293876984466,31.47462946041083,43.781194586047974,33.569868143471744,43.26126268421052,35.89112825263158,44.9454947368421,36.00239157894737,47.43523018421052,35.987890357894734,50.04968881578948,35.96842694736843,52.37144100000001,35.9353408
207673,9,25.878986903639504,58.827028885596015,23.471701445375405,57.83547020381903,21.55177314326734,57.95913877415863,21.27005012513507,58.48455894665244,21.385530528,58.11189650560001,21.582999263999998,58.0067403328,22.821399216000007,57.62252409920001,24.732773136000006,56.783691875200006,27.719570592,55.5355745344,30.220013280000003,55.01729609600001,34.1904,54.8992,36.7914,54.2656,39.4026,53.6256,42.4422,52.8832,45.0432,52.2496,47.6544,51.6096,50.2554,50.976,49.4904,51.1552,47.532000000000004,51.6288,45.583800000000004,52.1024
207673,10,4.889524835647975,37.45776275213224,5.471915583521408,38.850738794323085,6.340463329914685,41.71258659551547,6.5984702431578945,42.615084800000005,6.805125512526315,42.832534467368426,7.110227665578947,43.03199626105263,7.445511054947368,43.24742554947369,7.769025979578949,43.491727427368424,8.13621660631579,43.76702922105263,9.041494736842106,44.19469473684211,9.461305263157895,44.45810526315789,9.95842105263158,44.753852631578944,10.400242105263159,45.01861052631579,10.822736842105265,45.276294736842104,11.247915789473685,45.53397894736842,11.71121052631579,45.813221052631576,12.18738947368421,46.100547368421054,12.414841195016088,46.373218471512985,12.1211917999106,46.685128434161165,12.830483850376169,46.92602433719445
207673,11,14.275440599999998,47.493139199999995,14.42275007368421,47.55498341052631,14.57005954736842,47.61682762105263,14.717369021052631,47.678671831578946,14.864678494736843,47.74051604210526,15.031383697894737,47.606400437894735,15.256276089473685,46.884405389473685,15.481168481052633,46.162410341052635,15.706060872631582,45.440415292631585,15.93095326421053,44.71842024421053,16.174277914736845,43.92924695578947,16.43603482421053,43.07289542736842,16.697791733684213,42.21654389894737,16.9595486431579,41.36019237052632,17.22130555263158,40.50384084210526,17.450285513684214,39.73855117473684,17.66833982526316,39.00361546105263,17.886394136842107,38.268679747368424,18.104448448421056,37.53374403368421,18.322502760000003,36.79880832
207673,12,51.8244354,43.1092864,51.583393294736844,43.01193903157895,51.30097070210526,42.90684112842105,50.6461237231579,42.73198841263158,50.031927180000004,42.56932035368422,49.58033238,42.455390922105266,49.10995836000001,42.336195233684215,48.595766160000004,42.204711612631584,48.117090789473686,42.08318315789474,47.6916906631579,41.976587452631584,46.96951938947369,41.75905549473684,45.95057696842105,41.430587284210525,45.21445263157895,41.20825263157895,44.66687368421053,41.05667368421053,45.4308,40.27553684210527,46.756800000000005,39.22458947368421,48.46503157894737,38.05507368421053,50.26882105263157,36.855915789473684,52.072610526315785,35.65675789473684,53.876400000000004,34.4576
207673,13,58.2828,54.0416,57.95425263157895,54.19317894736842,57.6257052631579,54.344757894736844,57.29715789473685,54.496336842105265,57.00887368421053,54.62770526315789,56.728642105263155,54.75503157894737,56.44841052631579,54.88235789473684,54.72732281054132,53.66917294731146,52.2858070263533,51.78573236827866,49.844291242165276,49.90229178924585,48.30586686319086,48.75133747095834,47.67053388943005,48.332869413416134,47.03520091566923,47.91440135587393,46.368351473330286,47.465078662016346,45.63846909383506,46.954046695528014,44.90858671433985,46.44301472903969,44.057195366615204,45.83844976975734,42.59825917774347,44.76621984650489,41.13932298887173,43.693989923252445,39.680386799999994,42.621759999999995
207673,14,58.544226,62.726816,58.544226,62.726816,58.544226,62.726816,58.544226,62.726816,58.544226,62.726816,58.544226,62.726816,58.544226,62.726816,58.544226,62.726816,59.59314972534374,61.86919552591549,61.98799266487858,59.2130976938839,62.769027523576085,57.37193957928212,61.75723836718146,57.34955398890831,61.347081458052635,56.8575362071579,60.46604565410527,56.592116392421055,58.80439466210525,56.578420850526314,55.72313684210526,56.799663157894734,54.001484210526314,56.74543157894737,52.23527368421053,56.68783157894737,50.443294736842105,56.62686315789474,48.092999999999996,55.2704
207673,15,21.3194892,27.833900799999995,21.076752928421055,27.673797018947365,20.80598222526316,27.538970037894735,20.508865995789474,27.414176741052632,20.17267249263158,27.27632256,19.628405339772637,27.30355650565974,19.24269452936698,27.35328489858175,19.338401053202094,27.205132854723555,19.427934622042056,27.05747139038336,19.37148890526316,27.00011823157894,19.75844469473684,26.574652968421045,23.017079709473688,24.82348442947368,25.786961324210527,23.31085888,28.68941985473684,21.702335898947368,31.41478008,20.16338883368421,35.795550378947375,18.02763486315789,41.15324210526316,15.540547368421052,44.592789473684206,13.772463157894741,48.38074736842105,11.81844210526316,51.6936,10.112
207673,16,67.1262,9.3696,66.20444210526315,8.728252631578947,65.99936842105264,8.809431578947368,66.14807368421053,9.210273684210526,65.85656842105263,9.746526315789474,64.8516,10.370694736842104,63.37045263157895,11.087831578947368,61.824884210526314,11.838652631578947,60.4452,12.508631578947368,59.058,13.178947368421053,57.6708,13.854652631578945,56.06886315789474,14.627368421052632,54.6414,15.321263157894736,53.26064210526316,15.992926315789472,51.877199999999995,16.662905263157896,50.38263157894736,17.386778947368423,48.84780000000001,18.130863157894737,47.46274736842106,18.800842105263158,45.99021295283619,19.467791240180418,43.809223051943775,20.11201678171397
207673,17,6.8564593799999995,27.432812799999994,6.20365938,27.306732799999995,5.9932121800867115,27.53797924842942,5.515787192563395,27.583389065747312,5.032652047454643,27.553658865193988,5.616495971999999,27.957944319999996,3.5464074,27.495712,8.08504734,26.977251200000005,11.519707620000002,26.571561600000003,14.98257804,26.114067200000004,18.4573386,25.612448,28.05,24.7872,32.517599999999995,24.2944,36.9852,23.7952,41.452799999999996,23.3024,40.7388,23.2896,40.1268,23.2704,39.504599999999996,23.2576,39.1374,23.7824,39.2598,25.6448
207673,18,60.2015934,55.2915072,61.08899340000001,55.0092672,63.195575940000005,54.90324352000001,65.69291742000001,54.76228736,67.87628964000001,54.64813312,70.09861260000001,54.5671808,73.44,54.9632,76.2246,54.9504,78.6114,54.944,81.0084,54.9376,82.31400000000001,54.7456,79.4886,53.9328,81.2328,54.2784,82.977,54.6176,84.7314,54.9568,86.7612,55.3536,88.5156,55.6928,90.2598,56.032,92.004,56.3712,93.7584,56.7168
207673,19,67.4934,6.912,67.6914947368421,6.145684210526316,67.90032631578947,5.3248,68.09788421052632,4.5362526315789475,67.86972631578948,4.016168421052631,67.16324210526315,3.7682526315789473,66.4921894736842,3.5314526315789476,65.7765789473684,3.2832,65.10874736842105,3.0480842105263157,64.38991578947368,2.7968,63.72208421052631,2.5637052631578947,60.361989473684204,4.248926315789476,55.85251578947369,6.842610526315788,52.88914736842106,6.853389473684215,52.10589473684211,4.001010526315793,49.906989473684206,2.399326315789472,46.98066315789473,1.6330105263157895,44.05863157894737,0.9529263157894742,40.966957894736844,0.9610105263157893,36.963372,1.28416
207673,20,36.010251246167556,3.5977092698077744,35.81239687174594,3.6207736299291766,36.19214391214635,3.8920868762825473,37.380532933297594,4.5109485633606745,38.287616023895154,4.962234541398551,39.140772862069,5.375489678746127,40.000934501303874,5.775197719446948,40.85623998210066,6.1682281693440295,41.83927351599182,6.635053649861238,44.254024505330605,7.950351216620413,46.0122,8.888926315789474,47.1138,9.450778947368422,48.221305263157895,10.012631578947369,49.3272,10.574484210526315,50.4288,11.136336842105262,51.67534736842105,11.767915789473685,52.937999999999995,12.407915789473684,54.03959999999999,12.973810526315788,55.14495789473684,13.537347368421052,56.253,14.0992
207673,21,6.535898676,31.855722239999995,9.010289125263158,31.509316378947368,11.256505263157894,31.19461052631579,13.378105263157895,30.897515789473683,15.505073684210526,30.600421052631578,17.960052631578947,30.259536842105263,20.23841052631579,29.942231578947368,22.36376842105263,29.645136842105263,24.483221052631578,29.348042105263158,26.609115789473684,29.050947368421053,28.912705263157893,28.727915789473684,31.34245263157895,28.38635789473684,33.46942105263158,28.089263157894738,35.59048421052632,27.792168421052633,37.713157894736845,27.495073684210524,39.865357894736846,27.194273684210525,42.345568421052626,26.845305263157893,44.5680947368421,26.53338947368421,46.69023157894737,26.236294736842105,48.8172,25.9392
207673,22,28.959228,26.074848,27.241036926315793,25.941676294736844,25.712374736842108,25.950164210526317,24.51757894736842,26.154442105263158,23.159905263157896,26.20058947368421,21.710431578947368,26.253136842105263,20.27115789473684,26.30938947368421,18.9006,26.35823157894737,17.464010526315793,26.41077894736842,16.02097894736842,26.463326315789473,13.84067657478407,26.494214418574796,12.356391892884437,26.712033120732126,12.424182473684208,25.711710113684216,15.113153373588485,18.92813801598663,18.383969999999998,14.84491385263158,16.95852,11.9562428631579,17.800825263157876,10.808020884210517,25.286336842105243,14.305684210526307,27.42726315789474,16.579031578947365,27.3258,18.304
207673,23,24.74779896,20.47887104,25.751242105263163,25.82703157894737,27.01201639060324,34.888685136352656,28.334352043222644,40.18382510342737,28.5583173201677,43.28791967767351,27.30595715621053,44.6418827048421,26.59130083452632,42.38911515284211,26.079448815157896,36.49302544168421,26.19514395789474,28.080437726315786,26.30794736842105,21.04522105263158,28.558749274623796,19.89778788748835,30.61235467687686,19.930654657300053,32.60039007157894,19.972675637894735,37.39415021052631,21.646415157894737,42.441752058947365,23.457348581052628,51.54006315789474,27.15486315789474,57.80554736842105,29.53397894736842,64.63901052631577,32.12665263157894,70.90610526315788,34.50711578947369,77.6322,36.288
207673,24,87.7608,51.9104,86.61732631578947,51.4725052631579,85.47385263157895,51.03461052631579,84.33037894736842,50.596715789473684,83.1487894736842,50.144,81.81473684210526,49.632000000000005,80.48068421052632,49.120000000000005,79.14663157894736,48.608000000000004,77.88773684210526,48.12564210526316,76.74157894736842,47.68774736842106,75.59542105263158,47.249852631578946,74.44926315789475,46.81195789473684,73.30471578947369,46.37305263157895,72.16124210526317,45.933473684210526,71.01776842105264,45.49389473684211,69.8742947368421,45.054315789473684,68.73082105263158,44.61608421052632,67.58734736842105,44.17818947368421,66.44387368421053,43.7402947368421,65.3004,43.3024
207673,25,61.9854,47.8592,61.68476842105263,48.681094736842105,61.38843157894736,49.490863157894736,61.130747368421055,50.19149473684211,60.87306315789474,50.8928,60.61537894736843,51.5968,60.3593052631579,52.29978947368421,60.10698947368421,53.00042105263158,59.835347368421054,53.74821052631579,59.53471578947369,54.566736842105264,58.87976842105264,55.189894736842106,57.870505263157895,55.61768421052631,56.874126315789475,56.176842105263155,55.886336842105266,56.82357894736842,54.91733684210527,57.621221052631576,53.95638947368421,58.48353684210526,52.8623052631579,59.45903157894737,51.73493684210526,60.462821052631575,50.752515789473684,61.339284210526316,49.7862,62.2016
207673,26,35.639616,53.0800448,35.84382233680337,52.74368251000647,36.076382536099786,52.35090302081388,36.24792287489272,51.982428630957166,36.48610082145857,51.693092172787644,37.316910826341164,51.51541398079923,36.70449922105263,51.01573770105263,35.490807663157895,49.70365042526316,33.237034518135374,47.27352779849572,30.158844648916943,44.06353961735473,29.434052160079002,42.83689073324195,28.666609805359066,41.622955574124184,27.129831419126262,39.104947228186155,25.693559494736842,36.61087023157895,25.50040091368421,35.9267465768421,25.658190618947373,35.53268122947368,26.073212463439155,35.26088731108428,26.482924678983807,34.91109667126604,26.802361512200413,34.475463475307,27.041058547423642,34.06499676739416
207673,27,71.4714,31.3216,71.40751578947369,31.651705263157893,71.34363157894737,31.981810526315787,71.28082105263158,32.312589473684206,71.2206947368421,32.64505263157894,71.16056842105263,32.977515789473685,71.0982947368421,33.30863157894736,71.03441052631578,33.63873684210526,70.97052631578947,33.96884210526316,70.10459999999999,36.152252631578946,69.105,38.64454736842105,68.10754736842105,41.129094736842106,67.12297894736842,43.567157894736845,66.1384105263158,46.00522105263158,65.15223157894737,48.44328421052632,64.1639052631579,50.88134736842105,63.17557894736843,53.31941052631579,62.070194210526324,56.04794778947368,60.91798610526316,58.89267469473684,59.765778,61.7374016
207673,28,61.887528751534994,58.69016975340921,61.66865025928931,58.31510937518295,61.449771767043615,57.94004899695669,61.29970803035569,57.49381357660612,61.32168118256217,56.86964055094477,61.34365433476865,56.24546752528343,61.20662087368421,56.03118585263157,60.950332452631585,56.12432269473684,60.694044031578954,56.2174595368421,61.96400856000001,56.84581497263158,63.48834858000001,57.56337350736842,65.0184643231579,58.28226044631579,66.58323440526317,59.00911781052632,68.14800448736842,59.73597517473684,69.63256665473685,60.42305084631579,71.01018493578948,61.05708426105263,72.38780321684212,61.69111767578947,73.62691006105264,62.26019563789474,74.81061233052633,62.80329141894737,75.99431460000001,63.3463872
207673,29,99.30720000000001,22.1824,99.15688421052633,21.549136842105263,99.00603157894737,20.91553684210526,98.85034736842105,20.278905263157895,98.69573684210526,19.642947368421055,98.54542105263157,19.009684210526316,98.46274736842105,18.420884210526317,98.5379052631579,17.93583157894737,98.16426315789474,17.227115789473686,97.11742105263157,16.182905263157895,96.07326315789473,15.137010526315791,95.03178947368421,14.08943157894737,93.99031578947368,13.04185263157895,92.94884210526315,11.99427368421053,91.78335789473684,10.82644210526316,90.56472631578947,9.607073684210528,89.48782105263157,8.52783157894737,88.44634736842104,7.483621052631581,87.40004210526315,6.436378947368422,86.3532,5.3888
207673,30,31.4980692,48.873907200000005,32.04613968,48.89524709052632,32.59421016,48.91658698105264,33.14228064,48.93792687157895,33.61591420421053,48.95112663578948,34.07466038526316,48.962698374736846,34.53340656631579,48.97427011368421,35.034263930526315,48.98067173052632,35.55617688631579,48.984488286315795,36.07808984210526,48.98830484210527,36.551381974736834,48.98804170105264,36.97605328421052,48.9836988631579,37.40072459368421,48.97935602526316,38.09023471578947,48.919485978947364,39.309422463157894,48.748561515789476,40.52861021052632,48.57763705263158,41.64391578947369,48.43082105263158,42.23981052631579,48.40454736842105,42.8357052631579,48.37827368421053,43.4316,48.352
207673,31,47.276741405824545,51.941556779525406,49.85469557525206,51.76005887147919,52.18469411938357,51.58739429697168,54.421625968421054,51.49279090526315,56.151706806315794,52.49906371368421,57.93105255374164,56.17425203353405,58.94986537201316,57.65702156925279,59.885329515039864,58.686603553238506,60.84224144210526,61.06130799157895,62.81709586736842,60.9358011351579,64.99821603473684,60.4543798871579,67.24038937578948,59.958928138105264,69.43384832210528,59.46969862063158,70.85242105263157,58.70955789473684,73.00860092944603,58.29847626455513,75.81435457064195,58.14610756277684,77.2266625165114,57.532784799485505,78.56925763273107,57.02494698111359,80.65775349921849,54.08308325391956,82.03197951957515,51.610621817856384
207673,32,98.48100000000001,32.1472,97.48998947368422,31.64362105263158,96.57789473684211,31.177768421052633,95.73344210526317,30.74425263157895,94.8889894736842,30.31073684210526,94.04024210526316,29.87722105263158,93.1684105263158,29.432252631578947,92.18437894736843,28.924294736842107,91.29214736842106,28.467873684210527,90.44232631578947,28.034357894736843,89.59787368421053,27.600842105263162,88.74805263157894,27.167326315789474,87.85582105263157,26.71225263157895,86.8717894736842,26.208673684210527,86.07082105263157,25.486484210526317,85.33266315789474,24.6016,84.64174736842105,23.520000000000003,83.95083157894737,22.434357894736845,83.20515789473684,21.265515789473685,82.3956,20.0
207673,33,66.90180000000001,10.9568,68.52521052631579,12.3904,70.14164210526316,13.824,69.4373052631579,14.971284210526315,66.8040947368421,15.970357894736841,62.4597492456554,17.416972039476715,55.4108464610781,19.977885358916446,53.70344716851704,20.478176101349288,51.97297931031052,20.923085403526716,48.95666407702754,21.88331653672904,47.02259213684211,22.347073010526316,47.174973963157896,22.407119663157896,48.249484158947375,23.198372749473688,49.291914710526314,24.016858105263157,50.45175826736842,24.99820847157895,51.454387130526314,25.895159040000003,53.51560452631579,27.376380631578947,55.86378947368421,28.995705263157895,57.29017894736842,30.078989473684207,58.905,31.3024
207673,34,48.766200000000005,21.0496,48.36088421052632,20.33717894736842,47.95556842105263,19.624757894736845,47.55025263157895,18.912336842105265,47.14547368421052,18.199578947368423,46.74284210526316,17.48547368421053,46.340210526315786,16.77136842105263,45.93757894736842,16.057263157894738,45.508105263157894,15.296000000000001,45.03836842105263,14.464000000000002,44.56863157894737,13.632000000000001,44.098894736842105,12.8,43.66781052631579,12.039747368421054,43.26249473684211,11.327326315789476,42.857178947368425,10.614905263157896,42.45186315789474,9.902484210526316,42.04869473684211,9.190063157894738,41.64606315789474,8.47764210526316,41.243431578947366,7.76522105263158,40.840799999999994,7.0528
207673,35,5.33674098,32.043795200000005,5.642978366210527,32.857180732631576,6.127080555473684,33.04749605052632,6.525173279368421,33.23318831157896,6.9391821315789475,33.40462315789474,7.433338793684211,33.38205574736842,8.257168421052631,33.12976842105263,8.781126315789471,33.18602105263158,9.326557894736842,33.243957894736845,9.820452631578947,33.294821052631576,10.314347368421052,33.34534736842105,10.676849561442074,33.41094213218794,11.250355156113905,33.43671923437777,11.957354209752467,33.44654386748118,12.842608096172725,33.39816463353255,13.051332157894738,33.58348597894737,16.17630723157894,38.577305465263144,20.044496984210518,44.745520437894726,23.85769773157894,50.9104028968421,28.216821,58.0441216
207673,36,12.875675015999999,40.30027315199999,12.409101065052633,40.39196051536842,12.805750617789474,40.677948796631576,13.418526601578948,40.75943280842105,14.100733550526316,41.04661466947368,14.870923632631579,41.513867823157895,16.130207204210528,42.139110534736844,17.688410526315792,42.87191578947368,18.493136842105265,43.410189473684206,19.312894736842104,43.953515789473684,20.252905263157892,44.57768421052632,21.064073684210527,45.12101052631579,21.86718947368421,45.659284210526316,22.67674736842105,46.19755789473684,23.56414736842105,46.78635789473684,24.439736842105262,47.370105263157896,24.557011947456648,47.94823774581368,23.860046221567988,48.54628708330293,24.522623376416586,48.960508489098224,24.58038682655542,49.29173712614521
207673,37,23.140329959999995,50.43521536000001,25.984878688421052,50.196276277894746,27.99669802105263,50.35899149473685,27.787905631578948,51.59278484210526,27.20662105263158,52.9984,26.314926315789478,54.547200000000004,25.524694736842108,55.91410526315789,24.817136842105267,57.19107368421052,24.710842105263158,57.97288421052631,25.087705263157893,58.35856842105263,26.310094736842103,58.05103157894737,27.656494736842106,57.71284210526316,29.073757894736843,57.35713684210527,30.313863157894733,57.04522105263158,31.536252631578947,56.73768421052631,32.75864210526316,56.43014736842105,33.97834736842105,56.12261052631579,35.194831578947365,55.81507368421053,36.56163157894737,55.47250526315789,37.9848,55.1168
207673,38,37.7196,60.4608,37.04103157894737,60.79562105263158,36.42366315789474,61.09204210526316,35.775157894736836,61.41338947368421,35.13685263157895,61.729684210526315,35.73539032796483,61.94419080142339,36.28821408345035,62.234934747426124,39.77996053737474,62.59666225490495,41.71371589097265,62.78871423568929,42.12945433782421,62.63900709261136,42.587013168631586,62.35876276210527,44.3658883531579,61.152122096842106,47.220251092105265,60.20402047157896,49.90141517368421,59.327077965473684,55.545442105263156,58.14972631578947,58.78367368421053,57.19242105263157,62.18242105263158,56.192,65.62733684210525,55.175410526315794,68.87576842105264,54.218105263157895,72.22619999999999,51.648
207673,39,78.5196,24.4736,79.03067368421053,23.14846315789474,79.90411578947369,21.477726315789475,81.02826315789474,19.52606315789474,82.27588421052631,17.352084210526314,83.36298947368421,15.467115789473684,84.43345263157894,13.60437894736842,85.38151578947368,11.926568421052632,85.89258947368421,10.92682105263158,85.92050526315789,10.638484210526316,85.8678947368421,10.482863157894736,85.81635789473684,10.340715789473684,85.77126315789474,10.194526315789473,85.72026315789473,10.052042105263158,85.66765263157895,9.898442105263157,85.61504210526317,9.730694736842105,85.56243157894737,9.58922105263158,85.5151894736842,9.44437894736842,85.46741052631579,9.299873684210526,85.4148,9.1584
207673,40,61.9854,62.2912,62.025291533586646,59.17322200701627,62.23654037882114,57.59640056085199,62.56943535789473,55.40434694736842,62.83683710842106,54.96560791578948,62.80846339263158,54.147642442105266,62.664217515789474,53.2639932631579,62.564139169013266,52.37756613793909,62.229815079343425,51.35631610986404,61.61383633419809,50.13278615289559,61.04296428947368,48.259740968421056,61.42168706842105,44.32511097263158,61.92273066315789,40.060942282105266,62.87609889473684,33.19144960000003,63.55995789473685,27.764210526315793,64.24013684210526,22.205978947368422,64.86018947368422,17.087326315789475,65.44427368421053,13.07014736842106,65.97574736842105,12.941136842105264,66.453,12.9216
207673,41,67.15200600000001,13.011116799999993,68.49481467363049,12.165570800182373,69.83762334726097,11.32002480036475,71.18043202089144,10.474478800547129,72.36100016099762,9.748917018519458,72.89260616700655,9.503292107651585,73.42421217301549,9.257667196783714,73.95581817902443,9.012042285915843,74.48605075152443,8.764622715731154,75.01422317376102,8.514511156571237,75.5423955959976,8.264399597411321,76.0705680182342,8.014288038251406,76.99149661442428,7.467194137757844,78.17426265991668,6.722112009708517,79.35702870540909,5.977029881659188,80.5397947509015,5.23194775360986,80.89504632498758,5.067293623730022,81.04341928122206,5.047746493392557,81.19179223745653,5.0281993630550925,81.340165193691,5.008652232717628
207673,42,81.14731665599999,6.309402111999994,80.85132478144077,7.358076531635016,80.55533290688155,8.406750951270038,80.29100440692287,9.311241971385794,80.10583434346556,9.855274492703387,79.92066428000827,10.39930701402098,79.71071232767865,11.063185819991958,79.4821739586948,11.816949339452972,79.25363558971095,12.570712858913986,78.69528963593163,14.166522703474932,78.08197575135306,15.902673602219199,77.55348952042105,17.42102086063158,77.53396921136842,17.632546277052633,77.51444890231578,17.844071693473687,77.65469422105262,17.77412890947369,78.0079603768421,17.32889519157895,78.36122653263158,16.883661473684214,78.75087662526316,16.36520165052632,79.15508029263158,15.817451385263162,79.55928396,15.269701120000002
207673,43,73.3686,20.5504,72.81457894736842,20.84682105263158,72.26055789473685,21.14324210526316,71.75485263157896,21.412715789473683,71.27813684210527,21.66602105263158,70.80142105263158,21.919326315789476,70.32470526315791,22.172631578947367,69.84798947368422,22.425936842105262,69.37503157894737,22.6816,68.90261052631578,22.9376,68.3893894736842,23.21381052631579,67.83536842105264,23.51023157894737,67.29101052631579,23.801263157894738,66.8142947368421,24.054568421052632,66.33757894736843,24.307873684210527,65.86086315789474,24.561178947368422,65.38414736842105,24.814484210526317,64.90904210526317,25.06778947368421,64.43662105263158,25.321094736842106,63.9642,25.5744
207673,44,50.459399999999995,26.8288,50.08092631578947,25.74585263157895,49.70245263157894,24.662905263157896,49.32397894736842,23.579957894736843,48.93208421052632,22.46096842105263,48.486505263157895,21.197810526315788,48.04092631578948,19.93465263157895,47.59534736842105,18.671494736842106,47.17661052631579,17.47974736842105,46.798136842105265,16.395115789473685,46.41966315789474,15.310484210526317,46.04118947368421,14.225852631578949,45.66110526315789,13.14223157894737,45.279947368421055,12.059284210526318,44.89878947368421,10.976336842105265,44.517631578947366,9.893389473684211,44.13862105263158,8.81044210526316,43.76014736842105,7.727494736842108,43.381673684210526,6.644547368421055,43.0032,5.5616
207673,45,39.208800000000004,31.328,38.41964210526316,32.141473684210524,37.63048421052632,32.95494736842105,36.8424,33.767747368421055,36.057,34.57886315789474,35.2716,35.38997894736842,34.48405263157895,36.20109473684211,33.69489473684211,37.01221052631579,32.90573684210526,37.82332631578947,32.718915789473684,38.35553684210526,32.632484210526314,38.84126315789474,32.62496842105263,39.27511578947368,33.090947368421055,39.39772631578947,33.556926315789475,39.520336842105266,34.02129473684211,39.64193684210527,34.483515789473685,39.76218947368422,34.94573684210526,39.88244210526316,35.40795789473684,40.00269473684211,35.870178947368416,40.12294736842105,36.3324,40.2432
207673,46,12.877448999999999,21.818579200000002,13.220920042105265,21.924670517894736,15.672836782401804,20.045761342284248,19.493721165069058,17.16120066850702,20.688543295140864,16.414972079856266,22.215079891954453,15.496874942752187,22.794116084210525,15.10887275789473,23.303515250526317,15.258332159999998,25.149413759999998,15.395379671578947,27.29828104421053,15.502200387368422,29.93185920000001,15.635950484210527,34.266094736842106,16.158315789473683,36.93527368421053,16.370526315789473,39.749936842105264,16.594526315789473,41.67451578947369,19.503831578947374,42.10774736842106,23.342484210526315,42.64458947368421,24.799663157894738,43.242094736842105,26.433684210526316,43.789136842105265,27.938021052631576,44.3292,29.3952
207673,47,45.5931534,55.8404544,45.770311294736835,56.21030703157894,45.786241923157895,56.58169771789474,45.75135974842105,56.91847050105263,45.725713244210525,57.21428096,45.70128236526317,57.50705216000001,45.682779189473685,57.85098071578948,45.54193544210526,58.24871444210527,46.17432631578947,58.22147368421053,48.10910526315789,57.49221052631579,50.37189473684211,56.58778947368421,52.96967368421053,55.552,55.38707368421052,54.583915789473686,57.64986315789473,53.676126315789475,59.98995815601098,52.618733789754835,63.41233049617561,49.41974063607738,65.86440168564837,48.383560777631466,67.93065410629598,47.95429487382507,69.92027617449858,47.33826439406633,72.0438444,46.049312000000015
207673,48,57.0384,29.6832,57.39432631578948,28.572294736842107,57.70998947368421,27.60286315789474,58.013305263157896,26.652294736842105,58.314473684210526,25.701726315789475,58.64463157894737,24.666273684210527,58.98176842105263,23.62138947368421,59.28937894736842,22.670821052631577,59.592157894736836,21.720252631578948,59.904599999999995,20.760589473684213,60.2514,19.65541052631579,60.56384210526316,18.695747368421053,60.86662105263159,17.74517894736842,61.17423157894737,16.79461052631579,61.51136842105263,15.749726315789472,61.841526315789466,14.714273684210525,62.1426947368421,13.763705263157895,62.446010526315796,12.813136842105264,62.76167368421053,11.844378947368421,63.1176,10.7392
207673,49,39.203659200000004,16.800096,38.78054129684212,16.951909221052635,38.29987606736842,17.272487915789476,37.77848891702948,17.665886895872198,37.172878720618705,18.15200462624694,36.46976439788703,18.714944720106214,35.68852831461939,19.361916769880697,34.96265488421053,20.025169515789475,34.33770936631579,20.53960939789474,33.09867284842106,21.034770122105265,31.422471631578958,21.632847157894734,29.785495105263156,22.17499115789474,28.17777593684211,22.665641094736845,25.05674987368422,23.665540715789472,22.30847368421053,24.56724210526316,20.268473684210527,25.251368421052632,18.233305263157895,25.936505263157894,16.116536842105265,26.644884210526314,13.775368421052633,27.42736842105263,11.7402,28.1088
207673,50,2.46021348,26.921831679999997,4.979528336796777,33.03512136622592,6.132048567436506,34.66139928770971,7.6951071915789475,37.306827115789474,7.882064902736843,37.964907755789476,8.185117682526316,38.879473381052634,8.411347240421053,39.88247801263158,8.526528961294082,41.134996950109496,9.497067008954946,42.024528270547826,10.254335399999999,42.85526164210527,13.708356997894734,43.645081869473685,18.078964929473692,44.055096522105266,22.377513833684215,44.440177583157904,30.464715789473683,45.012884210526316,35.485263157894735,45.44269473684211,41.07808421052632,45.91191578947368,46.10775789473684,46.33633684210526,50.8878,46.90458947368421,49.09904210526316,48.97414736842106,47.175000000000004,47.0784
207673,51,34.217532,33.4388352,34.373398736842105,33.317613136842105,34.86901136842106,33.337577768421056,46.29037071618008,34.48720875620506,51.96853982990703,35.34950151953512,52.15908942571506,36.68517233421176,48.855764997473685,39.242351710315795,49.84871726982089,46.01208913047556,49.7196076752588,49.98671535910005,49.26672758210526,53.039277204210535,48.54888679965816,53.08246385904999,48.05685952643488,52.81794098065375,47.74385131578947,52.35046770526316,51.10294618421052,53.75921296842105,55.16958552631579,55.54822770526316,62.15388570575412,58.55099153364301,66.42084358852755,60.24774291200058,69.93887576842106,61.20725022315789,76.25124615789474,59.49655772631579,81.56978760000001,57.99114944
207673,52,49.0328382,51.5163584,49.04899714736842,51.56398787368421,49.06515609473684,51.61161734736842,49.40135034947368,51.70189177263158,50.537632872631576,51.898778576842105,51.67391539578947,52.09566538105263,52.72399847052631,52.26820133052632,53.70943195894737,52.42247413894737,54.69486544736843,52.57674694736843,55.69226546842106,52.74236614736843,56.69165991157895,52.90987641263158,57.74863342798254,53.09807524208058,59.151081383860266,53.41040545664463,60.553529339737985,53.72273567120868,61.8088724095818,53.9055126599351,62.8680756313804,53.915552014211336,63.927278853179004,53.92559136848758,64.28491801284238,53.804587183320905,64.3619315476517,53.631165582377065,64.43894508246099,53.457743981433225
207673,53,63.4338,40.4608,63.326431578947364,40.88117894736842,63.21906315789473,41.301557894736845,63.11974736842105,41.68488421052632,63.025263157894734,42.045978947368425,62.93185263157895,42.4064,62.841663157894736,42.7648,62.75147368421053,43.1232,62.657526315789475,43.48395789473684,62.56304210526316,43.845052631578945,62.78207368421052,45.203199999999995,63.31462105263158,47.5584,63.837505263157894,49.8714947368421,64.29274736842105,51.88985263157894,64.74798947368421,53.908210526315784,65.20323157894737,55.92656842105263,65.65847368421052,57.94492631578947,66.11371578947369,59.96328421052631,66.56895789473684,61.981642105263155,67.02420000000001,64.0
207673,54,4.5266210760000005,56.48913792,8.519110809473684,56.015541557894736,11.665042105263158,55.640252631578946,14.469505263157894,55.304757894736845,17.596073684210523,54.93221052631579,20.310884210526314,54.60783157894737,22.989726315789472,54.289852631578945,25.666957894736843,53.97288421052632,28.350094736842106,53.65221052631579,31.413315789473682,53.287073684210526,34.31441052631578,52.94046315789473,36.99003157894737,52.62046315789473,39.66565263157895,52.3045052631579,42.34717894736842,51.98484210526316,45.22035789473684,51.64193684210526,48.31471578947368,51.27343157894737,50.99033684210526,50.95747368421053,53.67132631578947,50.63814736842105,54.83788421052632,50.98273684210527,53.2746,52.5248
207673,55,47.1507138,44.3616512,48.192377580000006,44.17531392,50.611863480000004,44.078315520000004,54.111,43.8592,57.0894,43.7056,60.547200000000004,43.488,64.3008,43.2576,67.7688,43.0464,71.5224,42.816,74.9802,42.6048,78.7338,42.3744,82.20179999999999,42.1632,85.9554,41.9328,85.5168,39.68,83.5686,39.296,81.7632,38.9376,79.8252,38.5536,78.0198,38.2016,76.0818,37.8112,74.2764,37.4592
207673,56,48.3174,1.7024,48.262642105263154,1.9658105263157895,48.11125263157895,2.3757473684210524,47.94,2.8096,47.75478947368421,3.289263157894737,47.57763157894737,3.753768421052632,47.41335789473685,4.183242105263158,47.2464,4.612715789473684,47.06977894736842,5.055326315789474,46.87973684210527,5.5552,46.71546315789473,5.990399999999999,46.55118947368421,6.42021052631579,46.38691578947368,6.849684210526315,46.19687368421052,7.331705263157894,46.01756842105263,7.791831578947368,45.8532947368421,8.224,45.68902105263158,8.65717894736842,45.51615789473684,9.10416842105263,45.31967368421053,9.599326315789474,45.1554,10.0288
207673,57,42.969438000000004,0.4926719999999936,42.969438000000004,0.4926719999999936,42.969438000000004,0.4926719999999936,42.969438000000004,0.4926719999999936,42.969438000000004,0.4926719999999936,42.969438000000004,0.4926719999999936,42.969438000000004,0.4926719999999936,42.969438000000004,0.4926719999999936,42.969438000000004,0.4926719999999936,42.969438000000004,0.4926719999999936,42.969438000000004,0.4926719999999936,46.69065186127066,3.8189903579755478,48.897327358069134,6.880165269247884,48.1827033631579,6.600393600000006,45.1862906463158,3.9172265094736898,42.050001707224716,1.6253248437500665,42.32819522428938,2.819418598714457,45.36623544947367,2.270538004210531,49.93920998526316,0.9447089178947375,51.1734,0.3712
207673,58,42.29106660000001,7.674451199999999,40.820192656320465,8.451089180796968,39.34931871264093,9.227727161593936,38.05718894889121,9.997899526159463,37.21191963496604,10.751907850146385,36.366650321040865,11.505916174133308,35.67268041440505,12.13928104821191,35.09218506323626,12.68216333485927,34.511689712067465,13.22504562150663,33.38164711988681,14.125125997500142,32.16001332087083,15.084739388384678,31.072874115157898,15.936561832421049,30.792702469263162,16.141638595368416,30.512530823368426,16.346715358315784,30.159554981052636,16.49659705263157,29.709506876842106,16.57288532210526,29.25945877263158,16.649173591578947,28.929708126315788,16.67690236631579,28.648076463157896,16.685207343157895,28.366444800000004,16.69351232
207673,59,22.0996056,16.123807999999997,21.650590863157895,16.187269052631578,20.851465957894735,16.672278736842102,19.562186816842107,17.747456505263155,18.41761239157895,18.65173574736842,16.598101742372748,19.892675800586023,12.66695959186372,22.24613740293011,11.023962429717288,23.46598865208266,10.472034000020132,24.220393771372038,9.337064191270697,26.08974840471998,7.927310179455143,27.8505299356906,6.242771964573468,29.502738364283893,5.992555885263157,30.06912134736842,6.234393783789473,31.099345650526313,7.199553795157894,33.254675402105256,9.230463442421055,37.40950002526316,11.548659069157898,42.116153532631586,13.527035200105264,46.24946000842105,15.479482947157896,50.378964614736844,17.41341042,54.505753600000006
207673,60,6.550586676000001,32.6484672,10.103943862105263,32.61864926315789,13.093042105263159,32.59284210526316,15.895357894736842,32.56791578947369,19.014410526315785,32.539621052631574,21.721705263157894,32.5157052631579,24.397326315789474,32.49212631578947,27.07294736842105,32.46854736842105,29.74856842105263,32.444968421052636,32.81071578947368,32.417347368421055,35.71181052631579,32.39141052631579,38.38743157894737,32.36783157894737,41.06305263157895,32.34425263157895,43.738673684210525,32.320673684210526,46.60433684210526,32.29507368421053,49.59884210526316,32.47292631578947,50.97423157894737,35.330694736842105,51.02362105263158,35.44656842105263,50.5452947368421,34.464,50.0718,33.4784
207673,61,39.769800000000004,23.4816,39.93085263157895,23.364378947368422,40.094589473684216,23.245473684210527,40.26208421052632,23.12421052631579,40.445684210526316,22.989473684210527,40.68565263157895,22.74997894736842,41.08506315789474,22.204294736842105,41.514536842105265,21.60202105263158,41.95904210526316,20.971115789473686,42.40354736842105,20.336505263157896,42.88670526315789,19.65136842105263,43.40851578947368,18.915705263157893,43.86536842105263,18.27637894736842,44.31416842105263,17.645810526315792,44.75867368421052,17.01524210526316,45.20317894736842,16.384673684210526,45.7002947368421,15.589052631578946,46.460463157894736,13.968168421052633,47.17553684210527,12.410947368421054,47.8584,10.8992
207673,62,41.57934936,52.69509504,40.82819344421052,54.13165621894736,41.66875042736842,54.74756608,43.0702869031579,55.04271575578947,44.445587153684215,55.30746233263158,45.797429122105264,55.55272919578948,47.35489256842106,55.81582551578948,50.30002553684211,56.2745020631579,53.203736842105265,56.73532631578947,55.01450526315789,57.05364210526316,56.818294736842105,57.371957894736845,58.894263157894734,57.738442105263154,60.823673684210526,58.07898947368421,62.63014736842105,58.3973052631579,64.44198947368422,58.715957894736846,66.25383157894737,59.039326315789474,68.30403157894737,59.39907368421052,70.25491578947369,59.74366315789474,72.426209676232,60.3068475113204,75.58599596210206,61.529525678771904
207673,63,81.00238200000001,62.236474879999996,81.90481357894737,62.06603277473684,82.81461116842105,61.87214798147368,83.79070285263157,61.467278996210524,84.76172782105263,61.06776426442106,85.7124859263158,60.68966654652632,86.63192090526317,60.326702592000004,87.4782685894737,59.999050752,88.33353000000001,59.674330947368425,89.20216200000002,59.35400919578948,89.67703642105263,58.41567770947369,89.7581532631579,56.85933648842106,89.78093684210526,54.51688421052632,89.76483157894737,51.65035789473685,89.75248421052632,49.069136842105266,89.74174736842104,46.610189473684215,89.73101052631579,44.15124210526316,89.72027368421053,41.69229473684211,89.70953684210527,39.23637894736842,89.69879999999999,36.7808
207673,64,78.31646496,7.648695039999994,80.92380656842106,11.189740799999997,82.97592631578948,13.982315789473684,84.72173684210526,16.359073684210525,86.47291578947369,18.73583157894737,88.48929473684211,21.48042105263158,90.36287368421053,24.026947368421055,92.11244210526316,26.403705263157896,93.85610526315789,28.780463157894737,95.60621052631578,31.157221052631577,97.5001894736842,33.732042105263154,99.23526315789474,36.096000000000004,99.16010526315789,36.0064,99.09085263157894,35.9168,99.0199894736842,35.8272,98.9442947368421,35.73658947368421,98.86162105263158,35.63284210526316,98.78431578947368,35.5392,98.70915789473683,35.45128421052632,98.634,35.3664
207673,65,47.473605000000006,43.35264,47.753836578947364,44.475536842105264,48.61393144736842,45.57612968421053,49.43415907894737,46.6010627368421,50.39703236842105,47.76754863157895,51.296055,48.875806315789475,52.293601578947374,49.58453894736842,53.22198947368421,50.39528421052631,54.17434736842105,51.42164210526316,55.104157894736844,52.422736842105266,55.92858855696543,53.937355317017094,56.71637568844745,55.45415178467239,57.60230886580664,56.254293401737456,58.480949282433386,57.229951386545906,59.26659483157895,58.12145461894737,61.30106342526317,58.20559395031579,66.05102846842107,59.26764267789474,71.37141815052631,60.49496006063158,76.04647568210527,61.59872353010526,80.7496158,62.727682560000005
207673,66,53.45084580000001,7.510432,54.56747737894738,7.785867789473684,56.26808542421054,8.043455494736842,58.46475345157895,8.284653642105264,60.60752618210527,8.512757389473686,62.71515465157895,8.737211115789474,64.57042347157896,8.954967915789474,65.1585226168421,9.148438568421053,66.19548221052632,9.414888421052632,67.11438947368421,9.68522105263158,66.97481052631579,9.860378947368421,66.82986315789474,10.035536842105264,66.67686315789473,10.21877894736842,66.50936842105264,10.42021052631579,66.35958947368422,10.59941052631579,66.21571578947369,10.774568421052631,66.07613684210527,10.949726315789473,65.93011578947369,11.120842105263158,65.7738947368421,11.30778947368421,65.6064,11.5136
207673,67,61.873200000000004,23.232,62.1953052631579,24.572631578947366,62.51794736842106,25.912926315789473,62.845421052631586,27.25018947368421,63.171821052631586,28.587452631578948,63.49392631578947,29.924715789473684,63.832136842105264,31.329684210526313,64.20792631578948,32.892631578947366,64.56224210526317,34.36530526315789,64.88434736842106,35.70256842105263,65.20645263157895,37.03983157894737,65.52855789473685,38.3770947368421,65.85066315789474,39.71637894736842,66.17276842105264,41.057010526315786,66.5362105263158,42.550905263157894,66.91736842105263,44.110484210526316,67.25128421052631,45.4949052631579,67.5733894736842,46.83553684210526,68.69753684210525,45.04454736842106,69.9108,42.9056
207673,68,79.89349920000001,28.2770816,80.20667441684212,28.107336218947367,80.51984963368422,27.93759083789474,80.83302485052633,27.767845456842107,81.23596973052632,27.546791275789477,81.6568685431579,27.315475334736846,82.07776735578948,27.084159393684214,82.50088998315789,26.842567612631584,82.92512451789473,26.59583791157895,83.34935905263157,26.349108210526317,83.96208250105263,26.07809899789474,84.7632948631579,25.782810273684216,85.56450722526316,25.48752154947369,86.42070682105263,25.277413726315796,87.38688088421053,25.23766770526316,88.35305494736842,25.197921684210527,89.23067368421052,25.220715789473683,89.66551578947367,25.556210526315787,90.10035789473683,25.891705263157895,90.53519999999999,26.2272
207673,69,54.89794020000001,4.406822399999995,54.70729312736842,4.765031949473679,54.65352033853719,5.50947588489221,54.80502038356599,6.748317785501467,54.77888526967383,7.910778947362098,54.679745305606644,9.263892785980202,54.58874169473685,10.69030029473684,54.33904692947368,12.145882509473681,53.45697304736842,14.691777852631576,52.327102458947365,17.791019924210524,51.26088733263158,20.585498071578943,49.78283292631579,24.733504673684205,48.224526315789475,29.186021052631574,46.954357894736845,32.72555789473683,46.37564210526316,35.06256842105263,46.7406947368421,35.88783157894737,47.39993684210526,36.40656842105263,47.99422105263158,36.88151578947368,48.583673684210524,37.340294736842104,49.164,37.8048
207673,70,58.219590600000004,62.21663488,59.77022864621975,62.16426744780545,61.320866692439495,62.1119000156109,62.52843007112607,62.058105314765335,62.8783067809797,62.00074244229223,63.22818349083333,61.94337956981912,63.64652088784376,61.88336468137915,64.11620380022178,61.82136078096403,64.5858867125998,61.7593568805489,65.55833039924433,61.70526991237709,66.61456754826662,61.652502432912506,67.52570368989474,61.600786410442105,67.5662337871579,61.555379129936846,67.60676388442106,61.50997184943158,67.54830423789474,61.20407430063158,67.35785826631579,60.55085639410527,67.16741229473685,59.89763848757895,67.02249724421053,59.42413153684211,66.89579456210527,59.02250896842106,66.76909188,58.6208864
207673,71,28.3988808,10.2990848,30.536915469473687,10.436593448421053,32.384361587368424,10.53236089263158,34.06642791157895,10.605605995789475,35.73863996210526,10.680519141052633,37.646491983157894,10.789129162105263,40.349759115789475,11.404708378947369,43.350536842105264,12.240168421052632,45.30464210526316,12.494821052631579,46.38262105263158,12.446315789473685,47.269484210526315,12.29541052631579,48.09514736842105,12.096673684210527,48.824178947368424,11.922189473684211,49.547305263157895,11.75141052631579,50.27204210526316,11.579621052631579,51.00912631578947,11.403115789473684,51.85089473684211,11.200336842105264,52.606768421052635,11.017768421052631,53.33096842105263,10.84496842105263,54.06,10.6752
207673,72,72.3486,49.4336,65.05130526315789,54.60951578947368,59.4600947368421,55.58602105263158,56.70106670882165,50.539641142473805,54.64416634736842,48.79503023157894,50.813988666315794,52.86720020210527,45.96159148162215,51.72483859863022,40.96362786719014,57.764057282564934,40.42749100736842,57.642205992084214,37.20787307438279,49.02234159111541,34.202837966781175,38.60242655554135,34.15658592631579,34.46510231578948,35.70442787368421,31.48680757894737,37.268652631578945,28.490778947368423,41.88299866099699,29.430690905062395,45.36242768210527,32.25911666526316,46.15673088631579,32.36787045052632,47.03058947368421,32.40589473684211,59.76877894736841,41.87890526315789,89.30099999999999,64.0
207673,73,90.1986,49.6,90.05848421052632,49.66366315789474,89.91836842105263,49.727326315789476,89.77395789473684,49.788294736842104,89.6290105263158,49.84892631578948,89.48782105263157,49.91191578947368,89.34770526315789,49.97557894736842,89.32032631578947,49.932126315789475,89.34931578947368,49.83511578947368,89.93930526315789,49.26652631578948,90.97809473684211,48.320673684210526,92.01473684210526,47.37347368421053,93.04869473684211,46.424589473684215,94.08265263157895,45.4757052631579,95.1166105263158,44.52682105263158,96.18922105263158,43.543578947368424,97.39711578947369,42.440084210526315,98.58622105263157,41.353768421052635,99.62501052631579,40.40488421052632,100.6638,39.456
207673,74,88.80120000000001,42.3808,89.87005263157896,43.57018947368421,90.89703157894738,44.7141052631579,91.81234736842104,45.73675789473684,92.72766315789472,46.757389473684206,93.64297894736842,47.77633684210526,94.56312631578948,48.79528421052631,95.40382105263157,49.78795789473684,95.43925263157894,50.5178947368421,95.42099999999999,51.184505263157895,95.3088,51.7402947368421,95.19284210526317,52.298442105263156,95.07473684210527,52.85793684210526,93.73263157894738,53.97322105263157,92.22303157894737,55.180463157894735,90.5105052631579,56.551410526315784,88.91071578947368,57.831410526315786,87.4462105263158,59.00227368421052,85.9774105263158,60.17583157894737,84.507,61.3504
207673,75,68.21759999999999,61.0432,68.52789473684211,58.764126315789476,68.83013684210526,56.485052631578945,68.4054947368421,55.08176842105263,66.21799793456798,56.328650479004665,63.97671918980559,57.77920352850516,62.456637342398516,58.23173356970724,60.662438321461096,58.90455624631475,58.48241131578947,59.85126430315789,58.04054597368422,59.164276483368425,59.319302526315795,57.710393020631585,60.91902623684211,56.035948096,62.77512560526316,54.168943491368424,64.51077773684212,52.47660942147369,67.35004973684211,49.88856626526316,70.24632631578947,47.21852631578947,72.49086315789474,45.617515789473686,74.72842105263157,45.02467368421052,75.69581052631578,45.408336842105264,76.6632,45.792
207673,76,66.3204,29.7216,66.4368947368421,29.346694736842103,66.55338947368422,28.97178947368421,66.67095789473684,28.59621052631579,66.7912105263158,28.218947368421052,66.91146315789473,27.841684210526317,67.04245263157894,27.428042105263156,67.1814947368421,26.987115789473684,67.32053684210527,26.546189473684212,67.44347368421053,26.15983157894737,67.56372631578947,25.78256842105263,67.70652631578947,25.389810526315788,67.98461052631579,24.904084210526314,68.2626947368421,24.41835789473684,68.46025263157894,23.974063157894737,68.55044210526316,23.585010526315788,68.64063157894736,23.195957894736843,68.74155789473684,22.76143157894737,68.84677894736842,22.308715789473688,68.952,21.856
207673,77,59.568,4.9536,56.977199999999996,5.7152,50.22887860640176,7.716649122602883,48.640106705222465,8.253997246522486,48.66024034901955,10.69818489180452,46.43185342689931,11.545822254478633,46.46926956985076,11.3928916974141,49.101539382,14.892892544,47.76402716613256,12.631074113959274,47.84513839896706,10.305284627158008,48.272492382194294,8.739772736091316,48.060460572,5.673097984,49.254656579999995,5.01283456,51.35097486,4.5956992,52.89352698000001,4.4272256,54.45357516,4.2909952,55.18655940000001,3.873408,54.1926,2.9312,53.04,2.0928,51.88740000000001,1.2544
207673,78,30.957874300699498,16.492895547121872,30.86281587019551,18.40275540574074,31.408626913824662,21.423288425657454,31.276390227887628,22.769247716542942,31.161704057506064,24.898078202859246,31.015087883368416,27.743209525894734,31.21187448631579,28.581090357894734,31.96085651368421,29.338414753684212,32.78191399578947,29.99123523368421,33.714109389473684,30.69571098947369,34.88664985263158,31.4921216,35.98345263157895,32.243536842105264,36.90682105263158,32.930694736842106,37.9278947368421,33.6922947368421,38.896357894736845,34.413810526315785,39.819726315789474,35.10096842105263,40.7430947368421,35.78812631578947,41.79423157894737,36.572631578947366,42.73263157894736,37.271242105263156,43.656,37.9648
207673,79,60.5982,50.7712,59.25287368421053,50.38922105263158,57.43888421052632,48.494484210526316,55.26574736842105,45.62997894736842,52.845663157894734,42.44210526315789,50.746610526315784,39.67898947368421,48.67225263157895,36.945852631578944,46.59789473684211,34.2106947368421,44.52353684210526,31.475536842105264,42.152842105263154,28.352336842105267,39.90562105263158,25.393178947368423,37.924673684210525,22.81498947368421,36.50418947368421,21.150315789473684,36.11122105263158,21.17524210526316,35.98882105263158,21.693305263157896,35.85514736842105,22.248757894736844,35.74241052631579,22.729768421052633,35.62430526315789,23.21077894736842,35.50673684210526,23.69178947368421,35.394,24.1728
207673,80,69.2045724,8.381113600000003,70.64035661052631,7.721239915789474,71.42072865473683,7.441033061052632,71.95361552210525,7.307660362105263,72.48689331789474,7.180973608421053,73.06357930736843,7.0409232505263155,73.52706397894737,6.9343262315789485,73.72493538947369,7.320437557894737,73.93711578947368,7.711326315789473,74.37249473684211,7.741642105263158,74.8637052631579,7.7719578947368415,75.29908421052632,7.802273684210526,75.72587368421053,7.829557894736842,76.15266315789474,7.856505263157895,76.5842842105263,7.887157894736842,77.08354736842105,7.922526315789473,77.51838947368421,7.949810526315789,77.94142105263158,7.977768421052631,78.36821052631579,8.008084210526315,78.795,8.0384
207673,81,90.36033772799999,16.925468415999994,90.41492625978947,16.737422679578945,90.46951479157893,16.549376943157892,90.57631147578947,16.567391629473683,90.81362854105262,17.100557372631577,91.05094560631578,17.633723115789472,91.27732612421052,17.975582618947367,91.49550423157895,18.173962442105264,91.71368233894738,18.37234226526316,91.9630602063158,18.75338098526316,92.21763803368421,19.164862854736842,92.47485562105264,19.699584673684214,92.74791176842105,20.973746189473683,93.02096791578947,22.247907705263156,93.32355789473684,23.459031578947368,93.66552631578946,24.586105263157897,94.0074947368421,25.71317894736842,94.31993684210526,26.826778947368418,94.62056842105262,27.934989473684208,94.9212,29.0432
207673,82,93.4422,28.4224,92.93273684210527,28.207831578947367,92.38193684210528,27.9744,91.80161052631578,27.727494736842104,91.29214736842106,27.51292631578947,90.78697894736842,27.301052631578948,90.28342105263158,27.090189473684212,89.77395789473685,26.87562105263158,88.87313684210527,26.188126315789475,87.59223157894736,25.00042105263158,85.62416842105263,22.845978947368426,83.6561052631579,20.691536842105265,81.69018947368421,18.537094736842107,79.72910526315789,16.382652631578953,77.58495789473685,15.191578947368424,76.38726315789474,14.93018947368421,76.75714736842106,15.876042105263156,77.49423157894736,16.55915789473684,78.26513684210526,17.222399999999997,79.0398,17.888
207673,83,5.40202098,40.8827328,6.8188245255276065,39.13011285305551,9.923082954,33.213387520000005,17.516183744893738,21.35724599433204,21.61853688,18.33565696,25.58973858820579,16.777451441319496,29.8933032,17.0243648,30.0555648,25.308627200000004,30.7326,32.8768,32.6420808,32.43748479999999,43.57807708144137,38.602264452759584,48.019428420000004,37.283626240000004,46.80013634732706,32.87021792655181,48.202226700000004,27.16674944,66.2825784,13.829964799999999,68.64327003459046,17.19389053066009,70.4824284,19.517824,70.1964,19.5072,74.1948,19.168,77.40780000000001,18.8992
207673,84,29.3283048,60.25355199999999,30.797196277894734,59.02743469473685,32.342290559999995,57.62725734736843,33.78514777263158,56.2085913263158,37.11404210526315,53.81557894736842,39.158336842105264,52.124631578947366,41.02815789473684,50.580884210526314,42.97045263157895,49.005136842105266,45.33792631578947,47.56682105263158,47.84283157894737,46.54787368421053,50.39068421052631,45.5077052631579,53.15810526315789,44.375578947368425,55.65978947368421,43.35663157894737,58.19046315789473,42.32353684210526,60.97882105263158,41.18433684210526,63.48265263157895,40.16538947368421,65.9982947368421,39.13970526315789,68.79792631578947,37.99713684210526,71.30068421052631,36.97414736842105,73.797,35.9552
207673,85,46.735941,43.43293440000001,48.412182963157896,42.15011125894737,49.97311580526316,40.98344650105263,51.43604463157896,39.919025852631584,52.90896194210527,38.88676257684211,53.19288350526316,38.06079649684211,52.60581015789474,37.17603301052632,51.31543768421053,35.25873717894737,49.6332,34.15343157894737,47.77680000000001,33.408,45.9204,32.659200000000006,44.064,31.913768421052634,42.11096842105263,31.130273684210525,39.940515789473686,30.258863157894737,38.0358,29.494905263157897,36.9095052631579,28.95258947368421,36.95137894736842,28.733642105263158,38.73906315789473,28.995705263157895,40.8204,29.324126315789474,43.074600000000004,29.6832
207673,86,45.4497822,32.398636800000006,45.11076641052632,32.425921010526324,43.97397378,32.04293884631579,42.24197738210526,31.365231865263162,40.09800948,30.487117541052633,37.70091258,29.47268604631579,36.58080167368421,28.934906273684213,35.25150116842105,28.69341877894737,34.37346315789473,28.65751578947368,34.3986947368421,28.73397894736842,34.4309052631579,28.81482105263158,34.45613684210526,28.89128421052632,34.480294736842104,28.964042105263157,34.52592631578948,29.092042105263157,34.64081052631578,29.402947368421053,35.12396842105263,30.671157894736844,35.55558947368421,31.793852631578947,35.974326315789476,32.88016842105263,36.440305263157896,33.71587368421053,37.0362,33.8624
207673,87,45.60196620000001,30.503065599999992,45.72490304210527,30.27232875789473,45.84783988421053,30.041591915789468,45.97077672631579,29.810855073684206,46.20412915894737,29.462153566315788,46.87914395368421,28.641593397894734,47.55415874842105,27.821033229473684,48.2291735431579,27.00047306105263,48.868329540000005,26.221530677894737,49.453697340000005,25.50501497263158,50.039065140000005,24.788499267368422,50.624432940000005,24.071983562105263,51.26429950105264,23.286938408421054,51.94049856947369,22.456206955789476,52.61669763789474,21.625475503157897,53.292896706315794,20.79474405052632,53.45424078947369,20.630938947368424,53.48687112631579,20.63386543157895,53.519501463157894,20.636791915789477,53.5521318,20.639718400000003
207673,88,63.7847106,9.5074048,63.520154810526314,10.0718848,62.41497337578947,11.329563216842105,60.84911736947368,12.949758113684211,59.29911055263158,14.513468631578947,57.76085139789474,16.038185498947367,56.23759681894737,17.53860149894737,54.30505338947368,19.51877658947369,50.83300667368421,23.316647073684212,48.73291578947369,25.520505263157894,47.41013684210527,26.99654736842105,46.792768421052635,27.87907368421053,47.115947368421054,27.97338947368421,47.47455789473685,28.082526315789476,47.8235052631579,28.18762105263158,48.14614736842105,28.282273684210526,48.46181052631579,28.381305263157895,48.77747368421053,28.476968421052632,49.11461052631579,28.576336842105263,49.4904,28.6848
207673,89,48.0746706,41.05552,48.581425872631584,41.40602863157894,50.058234206814106,41.19052388447605,51.77739562305306,40.993410776047966,53.846938642105265,40.61840202105263,56.75264404736843,36.9121952,59.86617058736843,32.62461433263159,64.90603793684211,25.299282189473686,70.10893085160569,17.161342215036363,74.88116046773348,10.446629770426066,78.6567627674811,5.933400415410135,79.08135157894738,4.888185263157895,78.3612378063158,4.963672252631579,77.49465489422697,4.8847325171958556,76.74971817893528,5.414600795156043,76.23908292631579,6.0511909052631525,75.3079408168421,7.0523356968421025,73.03693175368423,9.042394307368417,71.27069298947369,10.504899031578946,70.6452,11.296
207673,90,70.5669048,8.9710976,66.42795358562607,11.60035034401931,65.05440267707165,12.395199542450312,62.53730224546305,13.745027810458893,61.868562447921725,14.413203275962806,62.45625562056121,15.08540072352302,62.87054925563373,15.702336034656355,64.03004574811071,16.27916590678906,63.198802307368425,17.345414467368418,61.61272651894737,20.115331132631578,59.801306371578946,23.130905364210527,57.99285490736842,26.107350298947374,55.23783157894737,31.30037894736842,53.58435789473685,34.42088421052631,53.23809473684211,36.05793684210526,53.547315789473686,36.844126315789474,53.865126315789475,37.656252631578944,54.20172631578947,38.52429473684211,54.50557894736842,39.31183157894737,58.1094,44.096
207673,91,44.3142366,56.9489216,46.75727156210527,57.78693766736843,52.11689269894737,59.708266172631575,58.201420642105255,62.29019722105263,56.57993684210527,62.02947368421052,54.07342105263157,61.39351578947368,51.6587052631579,60.78821052631579,49.43862991913637,60.33217212583838,46.62487942654765,59.633203902499446,44.3779452631579,58.34761768421053,40.165530075334985,53.95377088098312,38.37829236546399,52.478072346142596,37.13998188631579,50.51865872842106,37.3928843368421,48.64034644210527,37.66504395789473,46.86003132631579,38.2296,45.634021052631574,38.57317894736842,44.032336842105266,38.9028,42.516884210526314,39.25818947368421,40.90644210526317,39.5862,39.4048
207673,92,27.6717024,24.727180799999992,26.31380367157895,24.51076473263158,25.047121288421053,24.277129903157896,23.830477313684213,24.01885770105263,22.61223999157895,23.72290701473684,21.214666054736842,23.34294272,19.769880505263156,23.017107536842104,18.346042105263155,22.7392,17.090905263157893,22.470399999999998,15.835768421052633,22.2016,14.479168421052634,21.911578947368422,13.050094736842105,21.6064,11.794957894736841,21.337600000000002,9.6173149967491,20.564078168898376,7.85637262534719,20.03009762447817,6.971170721373713,19.993896421411893,5.88684804776484,19.890819939776353,4.915653269806205,19.857573349898274,4.123651168421052,19.784430484210525,3.5727438000000005,19.5891968
207673,93,2.8052346,19.046016,4.227292563157894,20.429214315789476,7.219526393684211,22.314756042105262,11.666652631578946,24.98458947368421,14.428509680874047,27.03727607934906,16.515753577154417,28.47085277885087,19.123284252631578,29.48644864,22.814783431578945,30.99045173894737,27.068537223181103,32.25934458334717,30.0597141407126,32.65357148053375,34.85972638049577,35.739310612081255,40.16581841188285,39.752318045841065,44.112246164429166,41.282377761014395,46.74585034563157,39.45462002021052,52.32258320668421,40.4303914391579,53.37884625473684,42.564529920000005,52.40169473684211,45.213642105263155,51.02147368421053,47.500126315789466,49.678831578947374,49.722947368421046,52.49693583912234,54.62414106371916
207673,94,55.51938646215897,58.55507535409625,55.441502449712814,58.637290371449474,55.363618437266666,58.7195053888027,55.28573442482051,58.80172040615592,55.207850412374356,58.88393542350914,55.12996639992821,58.96615044086237,55.05208238748205,59.04836545821559,54.979361028947366,59.10547565574737,54.90922099736842,59.15003344336842,54.83908096578948,59.194591230989474,54.76894093421053,59.239149018610526,54.69880090263158,59.28370680623158,54.62866087105264,59.32826459385263,54.53897013710527,59.369665221894735,54.410177998421055,59.404751530778945,54.281385859736844,59.439837839663156,54.15259372105264,59.47492414854737,54.02380158236843,59.510010457431584,53.895009443684216,59.545096766315794,53.766217305000005,59.580183075200004
207673,95,34.277810736000006,57.32928896,33.66454215663158,55.95053197473684,33.28423407221053,53.42132192000001,33.02350026752248,48.10658403599383,32.86172213076005,41.41014482415784,33.137676137096264,38.23761789271152,33.302095971886004,34.55593683436617,33.55445254736842,32.8927161263158,34.84688531368421,32.20785495578948,35.96669778947369,31.698688842105266,37.046830762105266,31.203968741052634,38.2121161263158,30.738019705263156,39.70913684210526,30.433347368421053,40.821473684210524,30.011284210526316,41.92629473684211,29.590905263157893,43.1315052631579,29.133136842105262,44.30933684210526,28.68884210526316,45.414157894736846,28.26644210526316,48.143463157894736,27.664505263157896,53.856,26.6688
207673,96,67.966076590517,22.78061062892471,68.54879044010885,22.5880173955631,68.94275343157895,22.26802762105263,69.21337381894737,21.975111444210526,69.44406303157895,21.744927494736846,69.76511178947368,21.430131368421055,70.02779593263158,21.132539856842108,70.28542216421053,20.83364520421053,70.38329525305777,20.50098406812469,70.33271668676998,20.16329272054617,70.87046157742287,20.109784506681084,71.35615877240984,20.10341846709581,71.72843450278249,20.019311656916027,72.17913075789474,19.917886652631577,73.00505578736843,19.75699651368421,74.92067859789474,17.66196021894737,77.49233835157894,14.73360916210527,80.22870222947367,11.592616218947377,82.96859842105263,8.442997894736846,85.71653640000001,5.2800384
207673,97,21.6904836,11.814060799999993,22.70905484842105,10.790536387368421,26.956843504484088,8.61097766808248,29.672980335497286,9.034897961597482,31.473168315789472,10.069504673684206,31.476334073684214,8.37919616,33.76991412631579,6.923475402105263,35.27696842105263,5.3062736842105265,35.315621052631585,4.718484210526316,35.354273684210526,4.079494736842106,35.392926315789474,3.4913684210526323,35.431578947368415,2.854399999999999,35.47023157894737,2.2585263157894735,35.505126315789475,1.6384000000000007,35.53733684210526,1.031747368421053,30.771700292653954,7.84741349118336,27.62713045519126,14.793403550101,25.577853701052632,19.519291284210528,28.211072602105265,18.317703410526317,31.288663200000002,16.566144
207673,98,42.516341658,7.551662847999994,42.4357315411579,7.617499041684205,42.41113001621053,7.699103669894732,42.8906058183158,7.922624208842103,43.429821066315796,8.044340378947368,44.20799409789474,7.75883907368421,45.06025343368422,7.5564395115789464,46.085380812631584,7.547944016842105,47.051781315789476,7.542627368421052,47.930091505263164,7.542078989473684,49.02397117894737,7.323856168421053,50.3334203368421,6.887958905263158,48.76995789473685,6.238652631578949,45.291221052631585,5.447073684210529,41.41038947368422,4.561178947368423,37.35723157894737,3.6348631578947375,33.7679052631579,2.8163368421052644,30.294536842105273,2.024757894736844,27.339693473684214,1.3511073684210504,24.442464,0.6905599999999936
207673,99,24.442464,0.6905599999999936,24.442464,0.6905599999999936,24.442464,0.6905599999999936,24.442464,0.6905599999999936,24.442464,0.6905599999999936,23.440136842105264,1.9223578947368418,21.174126315789476,4.699284210526315,18.81041052631579,7.605221052631578,20.18415370089972,15.754065560528039,22.664189792799217,25.1983137163951,24.9605934,30.444357389473687,27.119662687456838,31.707626955911913,28.09960850526316,32.43765153684211,31.54344051789473,39.28090010947367,35.7842374693173,50.84096360968393,39.93310699770666,59.00700648118305,40.75218508421053,59.176598298947376,43.2856925431579,59.396338607157894,49.07789340819938,61.0728167953768,49.66251895849056,60.90243545058031
207673,100,34.313816767005555,50.37373927464806,34.21352643306508,50.11300476983375,34.117201167593194,49.83875410502287,34.05656151833868,49.44285800024287,34.01193476494191,49.04537306963793,34.03135959497608,48.641532835733265,33.9900433111579,48.25646914021053,33.80699776168421,47.91521736757895,33.730981864421054,47.30813511410526,33.815510445473684,46.30230713936842,33.97938278652632,45.07229245305264,34.222598887578954,43.6180910551579,34.49297258526316,42.332903781052636,34.781451347368424,41.16039258947369,35.06734497852632,39.995199312842104,35.35213069642106,38.833142285473684,36.10707190736842,36.59486524631579,36.979551991578944,34.08753320421053,37.361526315789476,33.43056842105263,37.689,32.9792
207673,101,38.086800000000004,31.8016,37.442589473684215,31.93296842105263,36.80750526315789,32.06265263157895,36.25455789473685,32.17717894736842,35.7016105263158,32.291705263157894,35.14866315789474,32.40623157894737,34.59571578947369,32.51974736842106,34.04276842105263,32.6309052631579,33.45116842105263,32.751494736842105,32.80158947368422,32.88623157894737,32.200326315789475,33.01086315789474,31.64737894736842,33.12538947368421,29.896200000000004,33.155031578947366,27.346200000000007,33.12808421052631,23.398263157894746,33.00917894736842,18.851210526315793,32.850863157894736,13.69860000000001,32.66829473684211,8.394600000000013,32.479663157894734,4.139052631578952,32.315284210526315,0.0,32.1536
207673,102,6.21312498,31.823648,7.580576448631578,32.42476833684211,9.956143870421053,33.10926635789474,13.860985555427684,34.73253029516141,16.46721209831526,35.11909055493184,19.166030842105265,35.60367932631579,20.774283313533452,35.33450687808779,23.295555522928463,34.868659756211585,25.83298598101827,34.38832849802068,27.332558842105264,34.60833859368421,27.11578919368421,32.682551174736844,26.861210722105263,30.23960259368421,26.463096884210525,27.442805221052627,26.5812,23.43477894736842,27.22326315789474,23.564799999999998,27.99041052631579,23.946778947368422,28.68615789473684,24.288,29.393178947368423,24.633263157894735,30.149052631578947,25.007494736842105,30.8448,25.3504
207673,103,6.60259056,36.5912768,6.703248454736843,36.21232943157895,8.32573801768421,36.97358305684211,10.493039686736843,38.16154344421053,12.720531061894736,39.40356385684211,15.228009731368422,40.80656394105264,17.36016550736842,42.044632589473686,21.477448976842105,44.31834509473684,25.643336842105263,46.59907368421052,28.432231578947366,48.139115789473685,31.60496842105263,49.90248421052632,34.393863157894735,51.446905263157895,35.26354736842105,51.826863157894735,34.383126315789475,51.13970526315789,32.46069473684211,49.8112,30.230115789473686,48.275200000000005,28.25722105263158,46.917052631578954,27.048789473684213,46.03722105263158,26.62468421052632,45.644800000000004,26.673000000000002,45.5488
207673,104,26.8668,45.1648,26.921557894736843,45.056,26.992421052631578,44.93204210526316,27.051473684210528,44.8192,27.10623157894737,44.7104,26.716484210526318,44.665263157894735,25.672326315789476,44.70501052631579,24.319484210526316,44.78181052631579,23.1132,44.85052631578947,21.899936842105262,44.91957894736842,20.695263157894736,44.994021052631574,19.29303157894737,45.073852631578944,18.051315789473687,45.14458947368421,16.846642105263157,45.21330526315789,15.6366,45.28202105263158,14.332610526315788,45.356126315789474,12.9948,45.43225263157895,11.783147368421055,45.502315789473684,10.257763228050056,45.43698477897534,6.3270506664755,44.32335540026568
207673,105,18.084600000000002,29.7024,18.458778947368423,29.62795789473684,18.889326315789475,29.54341052631579,19.27853684210526,29.466273684210528,20.249147368421053,29.65861052631579,21.791494736842104,30.1056,23.673126315789474,30.687326315789473,25.63796842105263,31.294315789473686,27.39183157894737,31.8336,29.079126315789473,32.35435789473684,29.581073684210526,32.503242105263155,29.89405263157895,32.58206315789474,30.157642105263157,32.65178947368421,30.413178947368422,32.7205052631579,30.674084210526317,32.78585263157895,30.95163157894737,32.85692631578947,31.23078947368421,32.93103157894737,31.486326315789473,32.99536842105263,31.765312325525763,33.1219970177102,32.22016709249475,33.68297166824693
207673,106,32.342568,34.1754752,32.972391157894734,33.63363098947369,34.87791543157895,31.16908604631579,37.39826671578948,27.78283809684211,39.68387842105263,24.76275031578948,42.00406383157895,21.749186290526318,44.34646698947368,18.72558713263158,46.368749052631586,15.677046568421053,47.16346863157895,12.566030821052632,46.529715789473684,12.190315789473685,45.66164210526316,12.270484210526316,44.79732631578947,12.350652631578948,43.93301052631579,12.430821052631579,42.9564947368421,12.5184,42.00735789473684,12.603957894736842,41.13606315789474,12.684126315789474,40.27174736842106,12.764294736842105,39.407431578947374,12.844463157894737,38.49211578947369,12.928,37.485,13.0176
207673,107,10.658999999999999,15.4752,8.972242105263158,15.631157894736841,7.244684210526317,15.792168421052631,5.638452631578948,15.934652631578947,3.932368421052633,16.09263157894737,2.225210526315791,16.251621052631577,1.9412210526315785,19.07435789473684,2.9612210526315783,24.747115789473682,3.990884210526314,29.55385263157894,5.754897658396919,25.63844116264932,7.082293145480592,25.188895369184458,8.889202938947369,23.709458189473683,9.160287072,24.907119427368418,10.138206853894735,27.354115166315786,11.123751769263157,29.892311444210524,12.888943755789473,33.1995843368421,15.040705263157891,37.10282105263157,16.47890526315789,40.11183157894736,16.90301052631579,41.792,15.7284,41.504
207673,108,4.0695858,30.303833599999994,4.236516369473684,30.553967359999998,4.403446938947368,30.80410112,4.7704431,31.445277305263158,5.162447460000001,32.13533379368421,5.505850591578948,32.73605295157895,5.8353676578947375,33.31124715789474,6.158658107368422,33.88504966736842,6.478835248421053,34.458156328421055,7.0797845684210525,35.413693978947364,7.905351631578947,36.675176421052626,8.589473684210526,37.75461052631579,9.096789473684211,38.60648421052631,9.579947368421053,39.41793684210526,10.014789473684212,40.14854736842105,10.401315789473687,40.83873684210526,10.618736842105264,41.387452631578945,10.787305263157894,41.89507368421052,10.565052631578947,42.07393684210526,10.3428,42.2528
207673,109,8.7516,40.0704,8.667852631578947,37.19376842105263,4.648515789473684,34.59098947368421,0.9716842105263154,32.65313684210526,2.8683473684210528,31.92016842105263,4.271115789473685,31.465094736842104,5.603021052631579,31.038315789473685,7.034242105263157,30.571452631578946,8.359705263157894,30.140631578947367,9.803273684210525,29.674105263157895,10.448756448097823,29.36380193375476,12.5749820128298,28.782481405990552,14.110072294736844,28.237460749473676,15.733466447368418,26.743002947368424,17.009563484210528,25.33551400421053,20.863294736842107,22.275705263157892,23.188357894736843,20.223663157894737,25.50214736842105,18.17465263157895,27.96893684210526,16.814484210526317,30.355199999999996,16.0192
207673,110,69.84960000000001,45.3632,70.75954736842105,45.24698947368421,71.6694947368421,45.13077894736842,72.57568421052632,45.01221052631578,73.09588421052632,44.89498947368421,72.0893052631579,44.79393684210526,69.97038947368421,44.72589473684211,67.77738947368421,44.660210526315794,65.58385263157895,44.59452631578947,63.33716842105264,44.5274947368421,60.776431578947374,44.4517052631579,58.52974736842105,44.384673684210526,56.33137894736842,44.31898947368421,54.135694736842105,44.25330526315789,51.920147368421055,44.18694736842105,49.35135789473684,44.11115789473685,47.08534736842106,44.04345263157895,44.89073684210527,43.97776842105263,42.692368421052635,43.91208421052632,40.494,43.8464
207673,111,25.242847799999993,43.3879168,26.98749477473683,43.802303595789475,28.952582055789467,44.25344586105263,31.024842401052627,44.723658037894744,33.05886831473683,45.190495730526315,35.34886736210525,45.70724554105263,39.046046115789466,46.295174063157894,43.32423157894737,46.903915789473686,45.91717894736842,47.40378947368421,48.503684210526316,47.907705263157894,51.30707368421052,48.452378947368416,54.267221052631584,49.02568421052632,56.860168421052634,49.53027368421053,59.44721052631579,50.03115789473684,62.03586315789474,50.53305263157895,64.47956842105263,51.02315789473684,64.98312631578948,51.32496842105263,65.43836842105263,51.59646315789474,65.87428421052631,51.85583157894737,66.31020000000001,52.1152
207673,112,53.8254,56.6656,53.81090526315789,56.75048421052632,53.79641052631578,56.83536842105263,53.77762105263158,56.93372631578947,53.75829473684211,57.03376842105263,53.742726315789476,57.12437894736842,53.728231578947366,57.212294736842104,53.71051578947368,57.29818947368421,53.69118947368421,57.38307368421052,53.67454736842105,57.469642105263155,53.66005263157895,57.557557894736846,53.050736842105266,57.885305263157896,51.69789473684211,58.512842105263154,50.25808421052632,59.17170526315789,48.64433684210526,59.89322105263158,47.029515789473685,60.61406315789474,45.410936842105265,61.332547368421054,43.73313884210527,62.07797894736842,41.581588421052636,63.03898947368421,39.430038,64.0
207673,113,5.281629359999997,28.041651199999997,5.3688125178947415,28.006754357894735,5.572335651789475,28.765812277894735,5.8549049848421,30.020474475789474,6.173506515789468,31.41143242105263,6.437640712421042,32.600865953684206,6.6889762282105165,33.76935100631579,7.020457717894731,35.26588362105262,7.669482214736835,37.980235452631575,8.103631578947368,39.84336842105263,8.471905263157895,41.44437894736842,8.809042105263153,42.92513684210527,9.139736842105261,44.40589473684211,9.476336842105264,45.88294736842105,10.007810526315792,46.633431578947366,10.789452631578948,46.41886315789474,11.473389473684202,46.234947368421054,12.151957894736835,46.05103157894737,12.709404287504313,45.84311063193596,13.052696292516401,45.59198040135663
207673,114,15.50880774046712,45.08857056392833,17.905256621052633,44.106329768421055,19.310222014736837,39.519677945263155,20.94084889195566,29.494787777910936,23.36719395789474,23.147478568421057,25.279110625263158,21.92375117473684,27.324550875789463,20.98382531368421,29.933778947368424,20.10745263157895,31.78529230607216,19.096545982501343,34.55963811498868,18.370397620002187,38.25287616823543,12.757423229547062,41.91368636863649,7.174697260569767,44.53717243917176,3.333192261999899,39.2444446179381,7.537540483313536,35.46404050105263,10.456267183157891,35.297090605263165,9.879877052631578,35.3287817368421,9.036351999999994,35.667789473684216,8.45743157894737,35.7960947368421,7.7352421052631595,35.93459999999999,6.988799999999998
207673,115,29.88176700000001,31.384492800000004,29.989899078947378,34.10830568421053,29.96078262244927,36.74018098181249,31.86871894736841,40.314812631578945,40.662566515311106,57.40627241710243,43.049594517473686,58.97694099974737,36.82154629275429,52.144803211846686,32.79154932784313,46.46786385786123,33.963777312631585,44.62379523368421,35.75115090631578,36.89241165473684,37.699200000000005,26.318484210526314,41.88036340974207,25.43929139042191,47.48406829542399,25.176091006974634,63.184580034186574,20.602340613215382,65.25677706947369,18.469214517894738,64.50283473696062,14.131134018725422,68.63699866105263,13.614167039999995,73.82813684210525,13.761684210526315,79.01456842105262,13.84724210526316,86.4552,16.428800000000003
207673,116,97.0122,22.860799999999998,96.07755789473684,27.656421052631583,94.57225263157895,30.74661052631579,91.75114736842106,29.3568,89.18182105263158,28.093642105263157,86.61517894736842,26.828799999999998,83.69475789473685,25.39183157894737,81.11093684210526,24.121600000000004,77.86445949097441,22.50557112091279,73.52777173312234,20.334295098893982,71.41662786582259,19.304909174436997,68.37317245272813,17.659510617451474,66.76148396842106,17.031115452631575,66.09046424526316,17.44048491789473,65.47239921789473,18.25007440842105,65.35182979578947,18.527786846315784,68.60247982105263,15.213472336842113,73.95214736842104,9.416421052631597,78.80627368421051,3.917810526315799,82.263,0.0
207673,117,72.1956,2.3808000000000007,70.17385263157894,2.857094736842106,68.15210526315789,3.336421052631579,66.03372631578948,3.8389894736842107,63.673768421052635,4.395452631578949,62.50023157894737,5.05263157894737,61.688526315789474,5.7687578947368445,61.07974736842105,6.5242947368421085,60.47096842105263,7.283536842105266,59.772,8.147873684210527,59.11061052631579,8.966063157894736,58.50075789473684,9.721263157894738,57.884463157894736,10.480505263157895,57.27407368421053,11.23604210526316,56.62342105263158,12.045136842105263,55.92337894736843,12.918231578947367,55.30708421052632,13.677473684210524,54.61563157894737,14.699452631578945,54.28064210526316,15.258947368421051,54.641400000000004,14.796799999999998
207673,118,45.02906279999999,3.045766400000005,44.78619543157894,3.03545903157895,44.543328063157894,3.025151663157895,44.30046069473684,3.01484429473684,44.200912452631584,3.4698474105263117,44.13002803578948,4.017912623157889,44.059143618947374,4.565977835789466,43.9917753031579,5.1226986778947285,43.926165037894734,5.683747334736833,43.86055477263157,6.244795991578939,44.00322388141853,7.039469869785157,44.354172364255604,8.06776896935549,44.70512084709268,9.09606806892582,44.881826714888355,9.925032846676205,44.710047352601244,10.355328980786695,44.53826799031413,10.785625114897186,44.36765262996032,11.271515274945834,44.20285727927302,12.035375564685271,44.03806192858572,12.79923585442471,43.87326657789842,13.563096144164149
207673,119,7.953348000000005,26.984966399999998,10.07020016842105,27.05814649263158,11.990378084210514,27.130611435789472,13.795009326315771,27.20798918736842,15.583932568421039,27.29864222315789,17.635780673684202,27.43195102315789,21.14334378947368,27.71579924210526,25.242852631578945,28.05692631578947,27.565231578947362,28.20311578947368,29.89405263157894,28.345263157894735,32.4156,28.500884210526312,35.07404210526317,28.667284210526315,37.40393684210527,28.813473684210525,39.73383157894737,28.95595789473684,42.06050526315789,29.099452631578945,44.4108,29.247326315789472,47.124,29.417094736842106,49.563410526315785,29.56665263157895,51.657094736842105,29.37465263157895,53.3256,28.5824
207673,120,78.53999999999999,62.3232,78.11911578947368,61.76,77.69823157894737,61.196799999999996,76.77597694114772,60.030909726090975,75.55290004698406,58.503405287836536,74.56789247456015,57.260825479930645,74.29709286735547,56.87301956307039,74.02629326015078,56.48521364621014,73.76517854103687,56.09336850200044,73.5054473773645,55.700946325312245,73.05002895436446,55.031217587080114,72.39892327203675,54.08418228730405,71.83323211578947,53.26610324210527,71.86544264210526,53.35071797894737,71.89765316842104,53.43533271578948,71.97937095157894,53.61126992842105,72.07759115368421,53.81764796631579,72.1972376368421,54.073017936842106,72.35259458842106,54.41004112842105,72.50795154,54.74706432
207673,121,75.91468319999998,59.187376,74.35043997473684,59.37127292631579,69.96734106947368,57.930640505263156,60.29533057361072,53.584384561223445,55.05942014586982,51.49129804077746,51.33240887368421,50.73664309894737,50.129967930171375,50.817774294734775,48.97567264955222,50.9751622900742,47.98197407368421,51.05900429473684,50.909574463750516,41.918247874836275,52.8088554789166,37.40855161197172,54.42913477894737,33.64059402105263,54.4003480168421,33.25053066105263,54.252646433684205,32.93958662736842,54.00577894736842,32.575326315789475,54.68005263157895,32.417347368421055,61.47056842105263,33.446400000000004,68.08607368421052,33.527578947368426,72.21761052631578,27.2613052631579,75.8064,21.1072
207673,122,84.6396,23.257599999999996,85.23656842105264,23.79654736842105,85.83353684210526,24.3354947368421,86.4305052631579,24.874442105263157,87.02747368421053,25.41338947368421,87.65021052631579,25.975242105263156,88.35025263157895,26.605810526315786,89.0502947368421,27.23637894736842,89.66014736842105,27.78677894736842,90.25711578947369,28.32572631578947,90.85408421052631,28.864673684210526,91.45105263157895,29.40362105263158,92.13302643978625,29.968190187277727,93.41003795807626,30.712111685499558,94.68704947636627,31.45603318372139,95.34433043134838,32.09895869983835,95.79503453189453,32.70821888858702,96.23013116666753,33.27228076984313,96.6392153584853,33.761012138611626,97.04829955030307,34.24974350738013
207673,123,100.9596,37.376000000000005,101.2001052631579,37.52151578947368,101.06374736842105,36.82627368421053,100.57736842105264,35.30037894736842,99.9294,33.39486315789473,99.25297894736843,31.411536842105267,98.5116,29.205894736842108,97.85879999999999,27.303410526315794,97.21351578947369,25.39621052631579,96.5693052631579,23.492042105263156,95.95086315789474,22.03418947368421,95.39308421052633,21.12202105263158,94.91207368421053,20.431494736842104,94.43106315789474,19.736252631578946,93.68431578947369,18.778273684210525,92.57197894736842,17.426863157894736,91.44514736842105,16.07141052631579,90.39723157894737,14.81027368421053,89.34931578947368,13.548126315789476,88.3014,12.281599999999997
207673,124,85.5984,9.0368,84.354,7.539200000000001,83.0994,6.035200000000003,81.651,4.287999999999997,80.0904,4.435200000000002,78.3768,5.408000000000001,76.6632,6.380800000000001,74.664,7.513599999999997,72.9606,8.486400000000003,71.247,9.459200000000003,69.5334,10.432000000000002,64.85159999999999,5.964799999999997,63.7806,5.8048,62.7198,5.6447999999999965,61.659,5.478400000000001,60.4146,5.2928,59.343599999999995,5.132800000000003,58.2828,4.9664,57.222,4.8063999999999965,55.9776,4.614400000000003
207673,125,13.030622400000013,25.918687999999996,12.849385789446078,25.51352109276228,12.605532452443644,25.249697566432648,11.980646478947369,25.281213625263156,12.45731350651618,28.32711496771904,13.084824825723647,32.14097744425417,14.622237162761898,36.01471185538478,15.894660000000004,37.371115789473684,17.69887411578947,38.34077221052632,19.457119515789465,39.26891621052632,21.008285829434147,40.25261680124787,23.40747032153509,41.3277966357823,25.798558294736843,42.37138122105263,28.749659766315787,39.581331469473696,36.806916485788506,28.506814145570015,41.05040945270791,22.19242008804689,45.155631378947376,16.183197978947362,45.63898978421052,16.174819536842104,46.07572184210526,16.71143578947368,46.552800000000005,17.766399999999997
207673,126,59.1804,17.395200000000003,57.62463157894737,17.45178947368421,56.07369473684211,17.51141052631579,54.690789473684205,17.470315789473684,53.72125263157895,17.17322105263158,52.91223157894737,16.635284210526315,52.18427368421053,16.124631578947366,51.50785263157894,15.648336842105262,50.83143157894736,15.172042105263158,49.98107368421053,15.168673684210527,48.8010947368421,15.894905263157897,47.34947368421052,17.243621052631582,46.071789473684206,18.42256842105263,44.80001052631579,19.605221052631578,43.529842105263164,20.786863157894736,42.24410526315789,21.97995789473684,40.75597894736842,23.35696842105263,39.42353684210526,24.592505263157893,38.153368421052626,25.77145263157895,36.8832,26.950400000000002
207673,127,15.922200000000004,46.848,15.618884210526309,47.659789473684214,15.34885263157895,48.39477894736842,15.055200000000005,49.19915789473684,14.780336842105264,49.94458947368421,14.504399999999997,50.69406315789473,14.21235789473684,51.48968421052632,13.94178947368421,52.22703157894737,13.639010526315786,53.04117894736842,13.372736842105265,53.776505263157894,13.096800000000002,54.53372631578947,12.799926315789465,55.32328421052632,12.574452631578945,55.92117894736842,12.925547368421055,54.66172631578947,13.677663157894735,52.59924210526316,14.565063157894738,50.26896842105263,15.456757894736844,47.92690526315789,16.042452631578943,44.5898105263158,16.339326315789478,39.43006315789474,16.524,36.1856
207673,128,5.608810476000002,25.96913024,6.305210526315791,27.648000000000003,7.369231578947372,30.24,8.562631578947363,33.132799999999996,9.635242105263158,35.724799999999995,10.720736842105262,38.34273684210527,12.004863157894738,40.438231578947374,13.666301936235264,40.11372227721094,15.231124317520397,39.65606779503628,16.972078845128273,39.180498659278726,17.843835764210525,38.17683819789473,18.766669275789468,34.70400869052631,19.53179274947369,31.566137532631576,20.581323789473682,27.46386189473685,21.940199999999997,22.470063157894735,22.93604210526317,19.456,24.089178947368413,19.076042105263156,25.38565263157895,18.964884210526314,26.553821052631584,18.864842105263158,27.713400000000007,18.7648
207673,129,33.92986140000001,18.548345599999998,34.39304876842106,18.311074021052633,35.17603754210526,17.838029642105266,36.40674828315789,17.034903343157893,37.60129572947368,16.25920912842105,38.78483012842104,15.496809566315786,39.95702336210526,14.757834711578942,41.11569977052631,14.029441818947364,42.44628807429665,13.084166570970904,45.74224976585654,9.694984622621845,48.0220666104431,7.734053301975946,49.28573860805633,7.201372609033209,50.54768322046488,6.654579700768727,51.93630573057224,5.886308607485789,53.57859810611445,4.6776470014971645,54.761257515789474,4.386698442105271,55.689901591578945,4.386205911578953,56.11452394105263,4.308471781052632,56.534221945263155,4.224000909473681,56.95040256,4.134718079999992
207673,130,75.5718,59.1616,73.52535789473684,57.815915789473685,71.67271578947368,56.60429473684211,69.70787368421053,55.30913684210526,67.77363157894736,54.04058947368421,64.92203903243531,53.39634662445698,62.6824510601857,52.4772586840914,60.81270128174828,51.46589939234889,59.717813412631585,50.07853621894737,59.250289380000005,48.684498593684204,58.82396808631579,47.32973891368421,58.404592294736844,45.894594021052626,58.54477894736842,43.82787368421053,61.19624210526315,38.97532631578949,64.41192631578947,33.2773052631579,66.41971578947368,29.83814736842105,66.36066315789473,30.324884210526317,67.70062105263158,31.242105263157892,71.13587368421054,32.411621052631574,75.0006,33.721599999999995
207673,131,95.9718,38.233599999999996,95.86711578947369,38.006231578947364,95.76243157894737,37.78256842105263,95.65774736842104,37.56025263157895,95.54984210526315,37.33086315789474,95.42905263157894,37.07317894736842,95.3232947368421,36.8485052631579,95.22397894736842,36.626189473684214,95.12412631578947,36.40185263157895,95.0172947368421,36.170442105263156,94.89650526315789,35.91275789473684,94.42676842105263,34.210021052631575,93.89851578947369,32.28496842105263,93.36972631578948,30.35991578947369,92.8404,28.413305263157895,92.2284,26.16488421052632,91.68726315789473,24.17515789473685,91.16384210526316,22.2501052631579,90.63827368421053,20.323705263157898,90.10679999999999,18.3936
207673,132,71.96695679999999,28.537132799999995,72.36739661784804,27.397643400824826,77.1651247532018,18.838535533598748,77.30457699640597,16.18260929453732,77.68040735272677,13.336572199089462,78.4944115831579,9.41535299368422,78.45472456421052,8.514815326315793,78.96444551368421,8.26193734736842,79.44626173263157,8.014568589473683,80.0308330736842,7.770841263157894,80.54622511578948,8.012043789473683,80.9649157894737,8.306863157894734,81.40512631578947,8.259705263157894,82.13548950964592,7.444257877103527,82.56966443029187,7.2836474880393665,82.8331454837833,7.555725645987406,83.0332501440983,7.5462065021943765,83.32408111756786,9.891726936467336,83.78902271424073,11.086616934468784,84.30725607136957,12.214038206591418
207673,133,92.0835804,13.954847999999998,93.99783157894737,13.316715789473687,94.08426315789474,12.298778947368422,90.32958947368421,10.380799999999999,86.48365263157895,8.527494736842106,82.29091578947369,6.5152,78.82828421052632,4.792926315789473,77.55221052631579,3.74602105263158,76.68252631578947,2.8914526315789475,75.7409052631579,1.9671578947368447,74.80357894736841,2.809936842105259,73.75083157894737,5.015915789473689,72.7608947368421,7.10096842105263,70.08795789473685,7.268715789473686,66.48628421052632,6.222821052631582,62.87441052631578,5.172210526315787,59.20938947368421,4.105431578947367,55.65925263157895,3.074357894736845,51.928736842105266,1.9914105263157913,48.4398,0.9791999999999987
207673,134,45.79138836,2.2726361599999976,44.23262790315789,5.013421945263156,42.88563157894737,7.388968421052629,41.71961052631579,9.451452631578947,40.54714736842106,11.513936842105263,39.37468421052632,13.573726315789472,38.173231578947366,15.68572631578947,36.81233684210527,18.09414736842105,35.58189473684211,20.260042105263157,34.67999999999999,21.871494736842106,34.67999999999999,21.99410526315789,34.862526315789474,21.816926315789473,35.11054736842106,21.53633684210526,35.38272631578948,21.22543157894737,35.625378947368425,20.951578947368418,35.86266315789474,20.684463157894736,36.099947368421056,20.41734736842105,36.685105263157894,19.66517894736842,37.78581647170138,17.930353804504293,39.45418549372105,15.096253714263582
207673,135,42.8486802,10.85684479999999,43.32700651578946,10.963556378947372,43.954576386315786,11.18762421894737,44.57717440105263,11.437276362105258,45.19101636,11.71088990315789,45.89007862105264,12.039194273684208,46.93043298947369,12.130017010526316,47.80095789473685,12.269473684210524,48.525694736842105,12.481684210526314,49.32022105263158,12.714105263157895,49.77767057823738,13.402986835055378,50.25301590226268,14.12512605531692,51.223015273817516,14.281913987320062,52.20350848989795,14.521764452987819,54.157124355823235,14.892607436368522,57.756785600520146,14.820168571799934,59.02254849794048,15.14619447536905,60.68803777680006,15.617420926580362,64.16490403642106,16.679106236631586,64.62725406,16.653562880000003
207673,136,31.29974039999999,40.5131136,37.79954397828722,34.35059655343742,39.45265662020713,33.71076260300761,41.220018854122145,33.01294610871877,45.50188176,29.96568704,45.99181019999999,30.279295999999995,48.13970682,30.7168256,49.64524926,31.0084608,51.163042919999995,31.2782336,52.946047799999995,31.586304,56.4672,32.1152,56.528400000000005,31.9232,54.7944,31.2128,52.7646,30.3808,51.0306,29.6704,49.28639999999999,28.96,47.55239999999999,28.2496,45.522600000000004,27.424,43.778400000000005,26.7136,42.0444,26.0032
207673,137,26.903377199999994,26.773574400000008,27.440702248421054,28.170940496842103,28.17128326105263,30.75980136421052,28.773637711578946,33.23962984421052,29.578902694736836,36.03471696842105,31.17710526315789,39.97743157894737,31.964115789473677,42.30602105263158,32.2626,42.54147368421052,32.38688023328804,42.68924572829889,32.49404061293622,42.683418706381026,32.722710662053835,42.565154294737646,33.02798330526316,42.63328101052632,38.982446743126715,49.82153147579236,42.2413029876342,53.32226519259054,45.821595674493416,57.297676084227575,47.5476277730888,58.88825289930091,52.08288932331378,60.6764149923228,53.49709729757973,60.87496370221735,58.61770570898763,60.77735967588808,60.506042949,60.92095526656
207673,138,48.341981999999994,0.679552000000001,48.341981999999994,0.679552000000001,48.341981999999994,0.679552000000001,48.341981999999994,0.679552000000001,48.341981999999994,0.679552000000001,48.341981999999994,0.679552000000001,48.341981999999994,0.679552000000001,48.341981999999994,0.679552000000001,48.341981999999994,0.679552000000001,45.88309668090244,1.4966436208390754,44.918423823642634,1.8900296417032103,44.1901505936842,2.273910029473682,44.35303401789473,2.5482353515789424,44.53514905894736,2.8823298021052577,43.943210526315795,4.947199999999993,41.192968421052626,10.508800000000008,38.67732631578948,15.577599999999993,36.038210526315794,20.905768421052613,33.666442105263165,25.88126315789473,33.79260000000001,27.552
207673,139,17.404447680000004,32.362441472,17.34802777578946,32.74649759326316,19.786985690526308,34.379515102315786,23.740425915789473,36.74934709894737,26.333715789473683,37.81355789473684,27.170115789473684,37.23789473684211,27.968505285045,36.712760950556195,28.87650275288538,36.13773276753152,30.015356399999998,35.3609155368421,30.091644227209088,30.031776463680774,30.36966395055111,28.205680218396584,30.81582308842104,24.52737866105263,31.43278018105263,23.70221082947368,32.12913632842105,22.80679962947368,33.053368421052625,21.91157894736842,34.140473684210534,20.77743157894736,39.093915789473684,16.37928421052631,44.06936842105263,11.827536842105266,42.76806315789474,10.295915789473684,40.0044,9.6832
207673,140,32.4666,8.025599999999997,31.03215789473684,7.7130105263157915,29.758231578947367,7.43545263157895,30.453978947368416,7.600505263157897,30.851242105263154,8.165389473684211,29.309431578947372,8.93877894736842,27.589926315789473,9.793347368421053,26.103947368421053,10.531705263157896,24.61796842105263,11.27477894736842,23.13789473684211,12.014821052631579,21.531663157894744,12.815157894736842,19.874431578947373,13.64042105263158,18.38845263157895,14.383494736842108,16.90247368421052,15.121852631578946,15.42454736842105,15.86021052631579,13.753894736842103,16.691536842105265,12.158936842105263,17.487157894736843,10.676178947368419,18.228884210526314,9.197178947368418,18.967242105263157,7.711200000000005,19.705599999999997
207673,141,18.227400000000003,37.113600000000005,18.90167368421052,38.19789473684211,19.631242105263155,39.364715789473685,20.342021052631576,40.50054736842105,21.01361052631579,41.57877894736842,21.73781052631579,42.73818947368421,21.06717158089484,43.33408243324331,21.283806355709007,44.00685054949882,19.632052318705693,43.68943710465317,18.433697019159727,43.36454833965219,18.579466107734742,43.60680993017421,19.14498877216979,43.7077738112996,19.511874919578943,44.527915964631575,22.423152902079433,49.619182503774944,23.345881515599206,51.024995035001,25.290513774424763,53.445257766992064,26.730806943157884,54.42721616842105,27.6913308505263,54.59302871578947,29.019245658947366,54.70682543157895,30.067192799999987,54.836608
207673,142,32.66040000000001,50.547200000000004,31.82022599879676,49.665033663577425,29.47958443992845,47.067009469328305,28.318834924125607,45.47770575032621,26.966166525491904,43.638056088070314,27.26988119636351,43.404118228250674,28.046321000672393,43.28190720104311,28.642624058526316,43.13795326652632,29.359066529052622,41.51014583915789,30.238773173684205,38.83861271578947,30.94359698526315,35.99041536000001,31.83849473684211,31.52741052631579,32.71623157894737,28.30888421052632,34.01270526315789,27.139705263157897,35.48472631578948,26.783326315789473,37.08290526315789,26.392926315789474,38.81587176813307,26.06126612814479,40.29606362757009,25.76592379361988,42.10131742329939,25.44210988333072,43.52049300000001,24.830003199999993
207673,143,44.06527499999999,5.580991999999995,44.24430244736842,5.272902399999991,44.427097184210524,4.994104926315782,44.613941052631574,4.741807157894736,44.81062523684209,4.506215410526315,45.00270331578946,4.276371536842104,45.227511315789464,4.052409263157894,45.64816736842105,3.8410374736842128,45.51186315789474,3.8548210526315803,44.84295789473684,4.128336842105261,43.22384210526316,4.934063157894733,41.61009473684211,5.743157894736841,39.912063157894735,6.593684210526316,38.02076842105263,7.535157894736841,36.36568421052631,8.361768421052629,34.750863157894734,9.169178947368419,33.13174736842105,9.979284210526316,31.51907368421053,10.785347368421052,29.778094736842103,11.653726315789472,27.886799999999994,12.595199999999998
207673,144,18.366283199999998,19.136230400000002,18.799259671578948,20.588666879999998,19.47268239255578,27.885423477586087,19.986608887288607,30.2168529852113,21.025794694736838,34.0824899368421,21.14488023157894,34.72486534736842,21.149474955789472,35.278376959999996,21.287133726315787,36.1050300631579,21.40335789473684,36.78383157894737,22.47972631578947,38.72,25.941284210526316,43.6352,32.180831069027334,52.78055753225505,34.729296532765105,56.34752583653549,37.14647849268911,59.37550547744456,37.97543926155685,59.2536397370676,38.81239406621052,59.29573613473684,38.92213783105262,57.366485473684214,38.652048493263145,55.09439163957895,37.527410526315784,50.46602105263158,37.0668,48.608000000000004
207673,145,33.034699200000006,52.2611008,32.91229919999999,51.72754290526316,33.034717237894725,49.58125328842105,33.23892080842105,47.24230234947368,33.44365349052632,45.35690650947368,33.6835961431579,43.485563856842106,33.973636042105255,41.31654501052631,34.058925221052625,37.63695056842106,34.11202105263158,34.04867368421053,34.27414736842105,31.714357894736843,34.44325263157895,29.38004210526316,34.863600000000005,27.50113684210526,35.46754736842105,26.477473684210526,36.168126315789465,25.977263157894736,36.86924210526316,25.477052631578946,37.57787368421052,24.97684210526316,38.37025263157895,24.411957894736844,38.942196403810556,23.899425091514946,39.428184039988686,23.440624408072757,40.258593718508514,22.964711217040602
207673,146,42.45700019999999,21.670054400000005,43.164826515789464,21.033422821052635,45.10775692736841,21.45791413894737,47.48027166631579,22.29632397473684,49.89893931157894,23.204531065263154,52.59156456947368,24.263672791578948,54.877781778947366,25.186719663157895,58.96429474736841,26.95644496842105,63.10203157894736,28.72791578947368,66.00795789473683,29.88530526315789,69.32564210526316,31.2090947368421,72.23854736842105,32.36648421052631,75.08434736842105,33.498273684210524,77.38471578947367,34.394273684210525,78.55127368421053,34.795789473684216,79.02637894736841,34.87663157894737,79.44994736842105,34.94938947368421,79.86063157894736,35.020126315789476,80.26916842105263,35.09086315789474,80.67179999999999,35.1616
207673,147,82.5282,34.5216,83.05484210526315,31.86391578947368,83.33185263157894,29.488842105263156,80.00611578947368,28.546694736842106,78.68763157894738,27.704926315789475,78.60764210526317,26.62635789473684,78.53194736842104,25.618189473684215,79.46658947368422,24.081852631578947,83.07094736842105,21.382736842105263,84.07645263157895,18.338694736842108,82.09496842105264,15.059200000000004,80.14784210526317,11.819115789473686,78.11804210526317,8.466526315789475,76.20956842105264,5.336926315789476,73.62574736842106,4.097010526315792,70.84812631578947,3.8416842105263154,64.87522105263159,9.324799999999993,58.85614736842107,15.349221052631567,53.86405263157896,20.716799999999996,55.202400000000004,21.209600000000002
207673,148,65.3106,29.9456,60.589073684210526,33.44976842105263,54.829273893675364,38.10449405950556,46.139491170542684,44.395799479652155,41.94080444926068,48.078607521716386,38.56171361052632,51.05436463157895,38.44064417368421,48.96046231578947,37.973881241202754,43.66926891157685,37.60565751553569,40.22295811789531,36.58572693938475,35.83050338991605,37.58014372105263,35.28332665263158,41.36087529157895,36.16506179368421,45.32059780421052,37.09027381894737,50.899127905263136,38.30909844210526,55.612010526315785,39.36,60.142957894736846,40.3877052631579,64.37756842105263,41.345684210526315,69.04702105263156,42.4,73.31062105263157,43.36909473684211,77.5506,44.3264
207673,149,41.1541338,9.385331199999996,40.5296584028548,9.197716732590749,40.54643950976591,8.786220087600796,38.14415232914363,12.452602327792775,35.98884184686057,20.818579588300345,34.45457677894737,26.94218745263158,34.57652658315789,27.907364345263154,34.740412027743226,29.084156597823537,35.43911603849309,30.048297746386588,36.855298737425024,27.931765284550593,40.48655534552517,20.428277462120775,43.6695491968421,14.925052766315789,44.09417949157895,14.877684682105262,44.84109612631578,14.609496926315787,45.51830526315789,14.367663157894738,46.15661052631579,14.18037894736842,46.79706315789473,13.98703157894737,47.402621052631574,13.81018947368421,53.29231578947367,14.360926315789474,61.506,15.257599999999996
207673,150,60.1729314,18.507392000000003,59.592336663157894,18.883307789473687,58.585952965263154,19.966291536842107,57.43871140105263,21.292498189473683,56.310915707368416,22.60077406315789,55.197020144210526,23.90083637894737,53.92948455789473,25.40635621052632,52.024727968421054,27.89398905263158,50.16252631578948,30.331621052631576,48.92617894736843,31.849431578947367,48.29002105263159,32.59216842105263,47.926042105263164,32.98896842105263,47.62809473684211,33.30526315789474,47.34625263157894,33.60168421052632,47.06494736842105,33.89507368421052,46.79115789473684,34.19317894736842,46.47227368421053,34.527663157894736,46.58017894736842,35.68505263157894,47.17016842105263,37.76471578947368,48.0318,40.422399999999996
207673,151,53.535892278,58.4031733888,53.4250379908421,58.426738463663156,53.31418370368421,58.45030353852631,53.20332941652631,58.47386861338947,53.09247512936842,58.49743368825263,52.91578808542105,58.58677951225263,52.541602771105254,58.87346758366316,52.167417456789465,59.16015565507368,51.79323214247368,59.44684372648421,51.41904682815789,59.733531797894734,51.02200987942104,60.003310683284205,50.60212129626315,60.25618038265263,50.18223271310526,60.50905008202105,49.76234412994736,60.76191978138947,49.342455546789466,61.01478948075789,48.80746700431578,61.30883492311579,48.23411180873684,61.61660561313684,47.66075661315789,61.92437630315789,47.08740141757895,62.23214699317895,46.514046222000005,62.5399176832
207673,152,25.642799999999994,49.7536,25.908,47.8208,26.00785259707972,38.3300386724912,27.275261053119777,34.06511228035853,28.38953760000001,29.471539200000002,29.008794659479022,29.266792772685967,29.37277133438144,28.910418392020787,29.40260160000001,28.6842624,32.13632808,23.26790912,36.53920163314528,13.025108698578151,41.971561799999996,4.235897600000001,43.1056303880897,3.428347231941224,43.793128188000004,3.001983615999997,50.1403700218487,8.50407367566212,57.50860011,13.829979968000004,58.86938466,12.477068159999995,57.76545396,13.211144959999999,57.069,15.104,55.9164,16.4544,54.8556,17.695999999999998
207673,153,43.146,10.489600000000003,40.84616842105263,6.767494736842105,38.56512631578947,5.019284210526319,36.49398947368421,5.956715789473681,34.47546315789473,6.870568421052631,32.33131578947369,7.84538947368421,30.34177894736842,8.74543157894737,28.158442105263155,9.731705263157897,26.16890526315789,10.636463157894735,22.051525631005454,18.43829981052592,21.64083978238334,23.751228302836836,20.908409873684217,32.77352522105264,22.91462500421051,32.625347334736844,26.502165461052616,31.70664683789474,32.22502105263158,31.029221052631577,36.49613684210527,30.22753684210526,41.16505263157895,29.355452631578945,45.43616842105262,28.55646315789474,50.10508421052631,27.68303157894737,54.376200000000004,26.886400000000002
207673,154,34.3956852,51.93104,35.441347541052636,52.43870484210527,36.48700988210526,52.946369684210524,37.532672223157896,53.45403452631579,38.57833456421052,53.96169936842105,39.62686718526315,54.46853305263158,40.68401064631579,54.972873263157894,41.74115410736842,55.47721347368421,42.798297568421056,55.981553684210525,43.85544102947369,56.48589389473684,44.917575618947374,56.989936,45.98470133684211,57.49368,47.05182705473684,57.997424,48.11895277263157,58.501168,49.18607849052631,59.004912,50.39307616421052,59.569648842105266,51.646697823157886,60.15471663157895,52.90031948210525,60.73978442105263,54.15394114105263,61.324852210526316,55.407562799999994,61.90992
207673,155,42.5136,60.736,42.29564210526316,60.957642105263155,40.95192631578948,61.05498947368421,38.89045263157895,61.084631578947366,36.59813684210526,61.11764210526316,34.6128947368421,61.14627368421053,32.98196842105263,61.08025263157895,31.7262947368421,60.908126315789474,30.93713684210526,60.60631578947368,30.032021052631578,60.26004210526316,29.17146315789474,59.92993684210526,28.37586315789474,59.62408421052631,27.586705263157903,59.32227368421052,26.79164210526316,59.02046315789473,25.940210526315788,58.69642105263158,25.02543157894737,58.346105263157895,24.23627368421053,58.03957894736842,23.44174736842105,57.73642105263158,22.64775789473684,57.43292631578947,21.85860000000001,57.126400000000004
207673,156,18.278400000000005,53.9264,17.28738947368421,53.532294736842104,16.37153684210526,53.16648421052631,15.51956842105263,52.82526315789474,14.661157894736833,52.48808421052632,13.807042105263148,52.150905263157895,12.934136842105255,51.80429473684211,11.94312631578947,51.40581052631579,11.043915789473685,51.04976842105263,10.187115789473687,50.71258947368421,9.33568421052632,50.37541052631579,8.48425263157895,50.03486315789474,7.587726315789477,49.67713684210526,6.589736842105264,49.28303157894737,5.715757894736843,48.937094736842106,4.864326315789476,48.59823157894737,4.012894736842109,48.25667368421053,3.161463157894742,47.91915789473684,2.242389473684214,47.5557052631579,1.2443999999999988,47.1616
207673,157,38.493574775999996,29.609442816000005,39.07095912189474,30.280987095578944,40.30266731606958,36.06424407763691,42.09336148454488,44.292380122234775,42.922563648990725,50.615028686840255,43.32061270084062,53.04922702762784,43.32930756103603,54.135293620545696,43.29381327852631,55.14072466189474,41.44102774964952,53.63435713736169,36.87070811561492,47.9839290982813,34.20838077173715,45.01325936555211,31.567963894736838,41.8432764631579,31.788210347368413,42.094647343157895,32.08809947368421,42.349145263157894,32.61896115789474,42.64502265263158,34.59249473684211,38.92143157894736,36.867094736842105,34.17094736842105,39.31992631578947,29.067115789473693,41.661631578947365,24.187957894736847,42.9216,21.9968
207673,158,46.1256342,19.1961024,48.360863220000006,16.04331583999999,52.75848409738322,8.101626944524313,55.99403220000001,3.386259199999998,56.53074701999999,3.3785427199999987,56.34674412,3.7434483199999917,56.028600000000004,4.422400000000003,52.4484,7.187199999999997,44.83884515051449,12.822654243101425,41.07763380000001,15.851379200000004,40.66356972480929,16.308548048263532,40.227691629213936,17.04232215410933,39.2819442,18.093203200000005,38.471261459999994,22.594892159999993,37.491313799999986,27.358764799999996,37.077,32.9664,37.852199999999996,33.721599999999995,38.5662,34.419200000000004,39.759600000000006,34.6496,45.48179999999999,29.1008
207673,159,86.7816,0.0,87.29857894736843,0.0,87.81555789473684,0.0,88.26382105263158,0.0,88.7034947368421,0.0,89.14692631578947,0.0,89.59143157894736,0.0,90.03271578947368,0.0,90.4723894736842,0.0,90.95501052631579,0.0,91.4719894736842,0.0,91.95461052631579,0.0,92.39428421052631,0.0,92.83395789473684,0.0,93.27363157894737,0.0,93.71437894736842,0.0,94.15888421052632,0.0,94.61090526315789,0.0,95.12305263157894,0.0,95.6352,0.0
207673,160,44.7238584,17.526220799999997,45.62327722105263,18.9843456,46.40302105263158,20.253978947368424,46.86363157894737,21.02096842105263,47.36611578947369,21.856673684210524,47.903494736842106,22.749642105263156,47.643663157894736,23.488,47.12453684210526,24.18661052631579,45.784042105263154,24.83132631578947,44.44354736842105,25.474694736842103,43.10305263157894,26.115705263157892,40.368518284287795,28.21223976546746,36.83738987388291,31.140502254059175,35.7342800278432,31.508585848649133,34.86852644239264,31.61693545143995,33.97826767562899,31.708562593435417,32.622705146596736,32.18867992017547,30.70877810284216,33.134985468609024,29.934267473684205,33.059460378947364,29.587037999999993,32.6007488
207673,161,4.399174116000012,45.394781439999996,4.432534074947361,46.01310086736842,7.867206041385128,42.56607490925374,9.620821963511489,41.323778758943504,11.773041040007861,39.639375063545,11.756723896451572,38.85862349576095,11.885312608421051,37.25522425263158,12.985982883789458,33.550207744,14.34707934442105,30.345274839578952,15.833022711520933,22.587733696324275,17.53276189201232,20.16796468105209,19.076932446315784,18.837808235789474,20.6826002336842,18.322831023157896,22.08705831157894,17.72069146947369,23.79606315789474,17.305936842105265,25.348610526315795,16.80538947368421,26.756210526315783,16.34458947368421,28.24326315789473,15.863915789473685,29.72333684210526,15.386947368421056,31.140600000000006,14.924799999999998
207673,162,39.806346600000005,12.191903999999994,40.59024344210527,11.883962947368419,41.42536613368421,11.448327242105261,42.545172274736835,10.782610357894734,44.30554002631579,9.719044210526315,45.804974008421055,8.842605810526312,47.26548785052632,8.00894686315789,48.97481254736843,6.992047157894733,51.64827656842105,5.225205894736842,53.78245263157895,3.901642105263159,55.60503157894737,2.8311578947368434,57.09852631578947,2.068547368421052,57.94781052631579,2.0779789473684196,58.79118947368421,2.0911157894736854,59.69415789473684,2.1052631578947394,60.66852631578948,2.1190736842105276,61.510294736842106,2.1285052631578947,62.35206315789473,2.1413052631578933,63.19383157894737,2.153768421052631,64.0356,2.1632000000000033
207673,163,63.79771560000001,19.098201600000003,64.01662220210527,19.12246959157895,64.23552880421053,19.146737583157897,64.4544354063158,19.171005574736846,64.67334200842106,19.19527356631579,65.14699553994298,19.216552588270655,66.38488985971487,19.22886470135327,67.62278417948677,19.241176814435885,68.86067849925868,19.253488927518497,70.09857281903058,19.26580104060111,70.79807616417688,19.2905284089118,70.95918853469759,19.327671032450567,71.1203009052183,19.364813655989334,71.28141327573901,19.4019562795281,71.44252564625972,19.439098903066867,71.60790981336059,19.462919740938762,71.77471791265485,19.48229998358837,71.9415260119491,19.501680226237976,72.10833411124335,19.52106046888758,72.27514221053761,19.540440711537187
207673,164,60.298677,16.050239999999995,60.117009631578945,15.937465263157888,59.935342263157885,15.82469052631578,60.802679399999995,15.712090947368415,61.80114209999999,15.59951326315789,62.7209276368421,15.48260884210526,63.61823398421052,15.36446821052631,64.43262560526315,15.249187368421047,65.2055598631579,15.13533642105263,65.97918798947369,15.013763368421051,66.75337121052631,14.886012631578945,67.52573131578947,15.001178947368418,68.29581252631579,15.419991578947366,68.54668421052632,15.472842105263156,67.75913684210526,14.79376842105263,66.99628421052633,14.136252631578945,66.31986315789473,13.55418947368421,65.72289473684211,13.036463157894737,65.76154736842105,13.033431578947368,65.8002,13.0304
207673,165,65.8512,14.700800000000001,65.5919052631579,16.929684210526315,65.37985263157896,18.75671578947368,65.36857894736842,18.848673684210528,65.98855455248933,17.11290449288502,66.73987282522775,14.676436831018162,66.9766569945528,12.987634139326733,68.01405462571483,8.116570181347772,68.54036235789475,6.192437894736841,70.01641874526317,6.816033684210523,71.68163166315789,7.772227368421045,73.37536292210525,8.785785263157894,75.4974022736842,10.182602105263156,78.44927368421052,12.295747368421052,80.41089473684211,13.547789473684212,82.37842105263158,14.79983157894737,84.54672631578947,16.178863157894735,86.6098105263158,17.49456842105263,88.57357894736843,18.74795789473684,89.6274,19.4816
207673,166,33.43158120000001,44.3916032,34.698878482105265,44.843566618947364,36.277572208421056,45.37819971368421,38.10574408421053,45.977810189473686,39.724718898947366,46.50683257263158,41.36313426947368,47.03460675368421,43.253517663157886,47.63289061052631,46.4628982736842,48.623268378947365,49.00616842105262,49.42517894736842,51.179305263157886,50.120084210526315,53.105494736842104,50.73751578947368,55.031684210526315,51.358315789473686,56.957873684210526,51.978778947368426,58.88406315789473,52.596210526315794,61.0818947368421,53.298863157894736,62.824484210526315,53.818273684210524,63.759663157894735,54.019705263157896,62.858842105263165,53.453136842105266,61.80502105263158,52.82054736842105,60.751200000000004,52.1856
207673,167,37.639275,28.103046400000004,38.82001575328063,26.887729804175535,40.00075650656126,25.672413208351063,41.18149725984189,24.457096612526595,42.36223801312252,23.241780016702126,43.31591662236371,22.295314436696387,43.588408799486565,22.15540190414685,43.86090097660942,22.01548937159731,44.13339315373227,21.87557683904777,44.40588533085513,21.735664306498233,44.67392986380852,21.592160148246013,44.93752675259245,21.44506436429111,45.20112364137638,21.297968580336203,45.4647205301603,21.1508727963813,45.72831741894423,21.003777012426397,46.34144677674965,20.41517048121067,47.07108695756224,19.679393700908,47.800727138374825,18.943616920605333,48.53036731918741,18.20784014030266,49.2600075,17.472063359999993
207673,168,12.73688279999999,12.459679999999999,11.991253888421058,12.536571789473687,14.163176898357257,12.504055123979246,20.42740886611365,12.05895595062723,22.3833389104975,12.338996369206834,25.341538831348764,12.59832730281539,29.179617252631576,12.749723957894739,29.94598496526316,13.05331971368421,31.634460110526316,13.516038231578946,33.01080027789473,13.88754755368421,34.25809224631579,14.194804479999997,36.60386602105263,14.76158787368421,39.03056842105263,15.369431578947369,40.735042105263155,15.806315789473684,42.150157894736836,15.976757894736842,42.41857894736842,14.765810526315791,42.3240947368421,12.907789473684218,42.245715789473685,11.229305263157903,40.591493380204874,7.757156428361187,41.031496683001365,6.403995052995718
207673,169,41.578106999999996,2.9705152000000012,41.64628594736842,2.982473094736843,41.714464894736835,2.994430989473685,41.78264384210526,3.006388884210527,41.87563482631578,3.0811571536842104,42.06787395789473,3.407166922105261,42.260113089473684,3.733176690526312,42.452352221052635,4.059186458947362,42.881372702523244,4.60322167142939,43.665565208831325,5.474295050002884,44.44975771513941,6.3453684285763785,45.23395022144749,7.216441807149874,45.60028896678604,7.715490067121848,45.68805853814489,7.966521581359473,45.77582810950374,8.217553095597099,45.86359768086259,8.468584609834723,45.93163109783246,8.719884292662199,45.99473047620508,8.971251017637139,46.0578298545777,9.222617742612076,46.12092923295032,9.473984467587016
207673,170,68.3484966,46.6779712,69.53275138157511,46.5397925820803,70.71700616315022,46.40161396416061,71.90126094472532,46.26343534624091,73.08551572630043,46.12525672832121,74.01577964309016,46.06700902877448,74.18407096552369,46.24855408434662,74.35236228795722,46.43009913991877,74.52065361039077,46.6116441954909,74.6889449328243,46.79318925106305,74.85779179250751,46.97761385963136,75.02719418944041,47.16491802119585,75.1965965863733,47.35222218276034,75.3659989833062,47.539526344324834,75.5354013802391,47.726830505889325,76.05410406797668,47.89211333581512,76.68924018598251,48.050055721861334,77.32437630398834,48.20799810790756,77.95951242199418,48.36594049395378,78.59464854000001,48.52388288
207673,171,23.8555968,53.5101376,14.621500885620335,48.66342205586844,14.274946920000005,46.39956416,14.34569187599999,43.123414847999996,16.79939999999999,34.1952,18.12870234579775,25.45361904172635,20.83939559999999,21.352591999999994,25.83068399999999,20.680159999999994,31.9872,20.089599999999997,37.13151061419266,19.35464264739545,43.5070902,18.69599360000001,53.15347092,23.82518655999999,52.2342,28.102400000000003,42.92422610983929,31.51009307411607,39.14201040000001,33.01135359999999,46.27227552,28.766151679999993,56.946600000000004,23.424,66.42240000000001,18.496000000000002,73.5318,13.196800000000003,65.1882,2.2976000000000028
207673,172,58.958560200000015,4.194188799999999,59.417818260000004,5.397021439999996,60.108599999999996,6.284799999999997,60.8532,7.295999999999999,62.421707101637566,9.076121474634618,62.2608,9.546681600000007,63.02151700561407,5.632310761109167,61.23470562975486,2.5045364242028327,61.492979903999995,2.323698304000004,58.19731391994776,8.89928525051318,55.722306181705754,13.650942553023697,53.734103472,16.74208,50.8863006,21.837560319999994,48.60746865516347,30.826078586737857,49.9858242,31.828172799999997,49.51000746,26.524144640000003,48.705000000000005,16.294400000000003,51.561,16.607999999999997,54.2538,16.9088,57.33335827170298,16.104387441765212
207673,173,44.57580540000001,37.0774528,45.905464462105265,35.139178576842106,47.57640484105262,32.44024333473684,49.449099341052616,29.463162071578946,51.45552663157894,25.844978526315796,53.78567368421052,21.377010526315793,56.17417397355941,17.368797110926774,59.21240930910282,12.352321309068582,60.60230690085708,9.379847531669899,62.180323073684214,6.012319663157899,63.86176644631579,5.379485574736844,66.04793330526316,5.328979536842106,68.17326586105263,5.393549338947361,69.82093692631578,5.622695073684209,71.84021052631579,5.735073684210527,73.71593684210526,5.796378947368419,76.16608421052631,9.32210526315788,79.4402842105263,16.432842105263138,82.365,22.847663157894726,85.2924,29.260800000000003
207673,174,46.711297800000004,16.6110336,46.690706201052635,15.950312623157897,46.976211394736836,15.87900463157895,47.29158957172801,15.717398982573735,47.51387631013907,15.663618044247583,47.80529313432565,15.937085114989783,48.0196008,16.27263124210526,47.36594304903275,23.909033246253614,47.356511515304796,26.40584496649372,47.140324509473686,32.550047191578955,47.71016715789474,33.206393128421055,49.15790952631579,33.12662706526316,50.81611547368421,32.95360114526316,53.240242105263164,32.68581052631579,55.14281052631579,32.50795789473684,57.001894736842104,32.33347368421053,58.78152631578948,32.16741052631579,60.76354736842105,31.981136842105265,62.54264210526316,31.814736842105262,64.3212,31.648000000000003
207673,175,61.4142,23.4048,59.19596842105263,21.14021052631579,56.8590947368421,18.750989473684214,54.19904210526316,17.1008,50.747684210526316,16.865684210526315,47.22653684210527,16.6272,43.84926315789475,16.396126315789473,40.27067368421053,16.154947368421055,36.94708421052632,15.928252631578946,33.3684947368421,15.68538947368421,29.994978947368427,16.63831578947368,27.40371137646903,17.655675483209485,28.881028124612474,16.096685885619383,28.649807617894737,16.365475166315786,28.51320078947368,17.575713684210523,29.0759052631579,19.395705263157893,29.235347368421056,20.865010526315785,29.384052631578946,22.33465263157894,29.546715789473676,23.84033684210526,29.6922,25.273600000000002
207673,176,58.425599999999996,16.940800000000003,60.21596842105263,14.92378947368421,58.20764210526316,13.524210526315791,56.09892631578948,12.741389473684212,53.87156842105263,11.915452631578946,51.7709052631579,11.135326315789472,51.37471578947368,8.934400000000002,52.293252631578945,6.320505263157892,51.14226315789474,9.407326315789472,49.603136842105265,11.962947368421052,46.64137894736842,12.53018947368421,41.47856842105263,14.238315789473685,40.18907368421053,12.854568421052635,40.238463157894735,10.65128421052632,40.29697894736842,8.294063157894737,40.347442105263156,6.045305263157891,40.40434736842105,3.7335578947368426,42.43897894736841,2.8648421052631594,47.91836677923177,4.322265218377565,53.430027599999995,6.217899520000003
207673,177,51.4404717,4.222856895999996,50.394443984210525,3.3501534955789443,49.28628887368421,2.4596586509473632,47.87074736842105,2.725389473684212,45.46623157894737,2.2369684210526306,42.586073684210525,3.1808000000000014,42.32516842105263,3.70256842105263,42.064263157894736,4.230063157894738,41.78295789473684,4.821557894736843,41.522052631578944,5.349052631578946,41.98373684210526,5.480421052631581,42.56835789473684,6.058442105263158,43.11486315789474,6.585936842105266,43.680157894736844,7.143747368421052,44.2578,7.704926315789473,47.13258947368421,8.72421052631579,50.86095789473684,9.95098947368421,54.400894736842105,11.115115789473682,57.381442105263154,12.14821052631579,58.1298,12.735999999999997
207673,178,57.4668,20.2048,56.87305263157895,21.251705263157895,56.221326315789476,22.407747368421052,55.56315789473684,23.575915789473687,54.96941052631579,24.62282105263158,54.38264210526316,25.669726315789475,53.792115789473684,26.71663157894737,53.17904210526316,27.799915789473687,52.495105263157896,29.016589473684206,51.888473684210524,30.08774736842105,51.29848421052632,31.134652631578945,50.71117894736842,32.180884210526315,50.11743157894737,33.223073684210526,49.45282105263158,34.406063157894735,49.12964210526315,35.61734736842106,49.3416947368421,36.82593684210527,50.258621052631575,38.17465263157895,51.17017894736842,39.52336842105263,52.13595789473685,40.951242105263155,53.2032,42.5216
207673,179,21.438033599999997,45.023072,20.718235705263155,45.16427621052632,21.823996446315792,44.788613557894735,23.227076665263155,44.347890357894734,24.655155688421047,43.91147418947369,26.154839999999997,43.46144842105263,27.63713406315788,43.012752842105265,31.38599267368421,41.56355031578948,33.41788421052631,40.85423157894737,35.40527368421052,40.18021052631579,37.33790526315789,39.525389473684214,39.12451578947369,38.92176842105263,40.911126315789474,38.31814736842105,42.69773684210526,37.71452631578948,44.775777408790034,39.03848303936668,46.04652235728507,39.32585905939812,46.65459318130219,39.69146406893412,46.926785594193085,40.89179130528786,47.18214697894738,42.479501810526315,47.615915400000006,42.338297600000004
207673,180,71.50979279999999,16.12174720000001,72.44808543157895,15.957435621052637,73.38637806315789,15.793124042105266,74.36812656,15.832713229473683,75.35530704,15.897790012631571,76.27282517052632,15.963631461052625,77.17043977263158,16.029691385263156,78.07672029473684,16.103421810526314,78.9873337768421,16.18098748631579,79.98462149052631,16.270671562105264,81.05124858947369,16.370050357894733,82.01038357894737,16.461037473684208,82.83515343157895,16.541534989473682,83.6781157894737,16.619452631578948,84.55746315789474,16.69221052631579,85.2618,16.94551578947369,85.3536,17.830736842105267,85.4266105263158,18.753347368421053,85.34930526315789,19.97507368421053,85.27199999999999,21.196800000000003
207673,181,33.1656162,43.2792576,33.516912467368414,42.608862854736834,33.863218196842105,41.99941618526315,34.21524231473685,41.427969212631574,34.588493706315795,40.86687137684211,35.05354686947367,40.24303373473685,35.70485788421051,39.32720370526316,36.41561052631579,38.294905263157894,36.85152631578947,37.625263157894736,37.28744210526316,36.955621052631585,37.7008105263158,36.45574736842105,38.072305263157894,36.174147368421046,38.32784210526316,36.183578947368424,38.58337894736842,36.196715789473686,38.84213684210527,36.20884210526316,39.10733684210526,36.21861052631579,39.40045263157895,36.23275789473684,41.848018578362826,36.999244649502494,43.9453264077333,37.74054281780034,43.86096551249626,37.894817172288036
207673,182,57.89732160000001,48.2795584,58.186303705263164,48.21919629473684,58.47528581052632,48.15883418947368,58.90846885894737,48.13643156210526,59.70215426526316,48.208927629473685,60.49583967157895,48.281423696842104,61.28860772210526,48.35293901473684,62.08068775578948,48.423718770526314,62.872767789473684,48.49449852631579,63.66320122105263,48.56933877894737,64.45336021894737,48.644855781052634,65.26192688842106,48.72253163789474,66.18093958736843,48.8131606231579,67.0999522863158,48.90378960842105,68.25012833684211,49.055307452631574,69.70852218947368,49.28801044210526,71.16691604210526,49.52071343157894,72.24123157894736,49.662989473684206,73.16191578947368,49.769094736842106,74.0826,49.8752
207673,183,96.9612,48.0768,97.56353684210526,47.418273684210526,98.0934,46.84564210526316,98.27163157894736,46.744252631578945,97.76592631578947,47.56614736842105,96.87691578947368,48.92362105263158,95.98038947368421,50.29557894736842,95.1617052631579,51.54795789473684,94.34785263157895,52.79629473684211,93.51843157894737,54.0570947368421,92.56016842105264,55.517305263157894,91.73933684210526,56.7781052631579,90.91957894736842,58.02644210526316,90.10465263157894,59.27477894736842,89.20651578947368,60.64774736842105,87.57827368421053,60.795621052631574,85.48297894736842,60.30383157894737,83.91325263157896,61.34467368421053,82.2509425263158,62.442442105263154,79.894254,64.0
207673,184,70.48328192913422,61.942606616241754,69.46352976317955,61.57899272641291,68.37564236848625,61.20869201578281,66.19165655254957,60.579706149421376,64.477158,60.08653510736842,64.24206195789475,59.96512493810526,64.14052525263158,59.836418421894734,64.13690049473684,59.653387476210526,64.11285548518511,59.338451059277475,64.11219674551195,59.084399566133364,64.06402887637346,58.8398614634663,63.97166450366642,58.516688630136436,63.966888858536954,57.90471731100078,64.34009572683256,56.070537719007,64.42901637195047,55.05937154047889,64.53393399262131,53.893351900656896,64.66430685777337,51.75557714165185,64.85540578105262,49.7441524352,65.22217528736842,49.14288301810526,65.98915602,48.67382144
207673,185,27.9174,52.812799999999996,27.603347368421055,52.1397894736842,27.28929473684211,51.46677894736842,27.013894736842108,50.87730526315789,26.743326315789474,50.29827368421053,26.47275789473684,49.71924210526316,26.202189473684207,49.14021052631579,25.931621052631574,48.5632,25.66105263157894,47.9872,25.36632631578947,47.355621052631584,25.05227368421053,46.67957894736843,24.561329661863944,45.02987891087616,23.849271401057806,42.16310646034751,23.31531979235108,39.9757900206925,23.13758148784318,39.14738560278476,22.95870747098258,38.31426940354648,22.775858460887537,37.464661969651324,22.569569754445002,36.49403055323165,22.175763477222496,34.555207276615825,21.781957199999994,32.616384
207673,186,66.590139,35.715897600000005,67.03276531578948,35.606929178947375,67.47539163157894,35.49796075789474,67.91801794736843,35.38899233684211,68.34166931052631,35.325131418947365,68.68942086315789,35.44170051368421,69.03717241578947,35.55826960842105,69.38492396842105,35.674838703157896,69.7616913,35.82322381473684,70.18198229999999,36.019332951578946,70.6022733,36.21544208842105,71.02256429999998,36.41155122526315,71.43816786315789,36.61344047157895,71.85064646842105,36.819183124210525,72.26312507368421,37.0249257768421,72.67560367894737,37.23066842947368,73.08140289473684,37.44384842105263,73.48553226315789,37.65888774736842,73.88966163157895,37.87392707368421,74.293791,38.0889664
207673,187,42.05118300000001,17.154348799999994,42.9892775368421,18.797012479999996,43.7901866368421,20.240849145263155,44.546472615789476,21.645331974736845,45.38173612105263,23.22757884631579,46.079594621052635,24.57149581473684,47.25677984210526,26.51913869473684,48.65561052631579,28.741389473684208,49.519926315789476,30.259873684210525,50.506642105263154,31.992589473684212,51.44611578947368,33.63604210526316,52.31687368421053,35.15452631578948,53.181189473684206,36.67301052631579,54.08684210526316,37.73945263157895,55.12616842105263,38.17936842105264,56.316347368421056,37.95065263157895,57.34601052631579,37.75258947368421,58.375673684210525,37.554526315789474,59.402652631578945,37.35646315789474,60.4248,37.1584
207673,188,46.24932960000001,23.499392,46.70285424,24.732068378947368,47.11633647157895,26.157759326315787,47.321583663157895,27.57981642105263,47.68757637350432,28.98957503997858,48.27072723081432,30.422374498146354,48.521113326315785,31.669959410526314,49.0550875136842,34.40685325473684,50.96444097473684,37.90139661473684,54.18259755789474,42.397714863157894,56.97710567242572,48.72291036902352,60.157016069812634,52.07730549252722,62.58838964210526,54.262320235789474,63.48912828947368,53.90230905263158,64.11701049473685,53.556916008421055,64.48815789473684,52.67233684210527,65.10337894736843,52.16707368421052,65.71537894736844,51.66416842105263,66.34992631578947,51.14475789473685,66.9426,50.656
207673,189,69.6558204,49.241984,69.72854414526316,47.10577987368421,70.93338448225795,38.30497763225304,70.86476642931197,36.172302120695875,70.7925795141337,30.705301368638725,71.01160971473684,29.852924766315788,71.93915627052631,29.28477076210526,72.63047164664953,28.636081736546334,74.01329450845519,27.709232965103908,74.98795199999999,27.030621305263157,79.6517699368421,24.177447477894734,83.18262341052632,21.746436614736837,84.94902290526315,20.41395664842105,84.61544210526316,18.348463157894738,82.96196842105263,18.225852631578945,81.1146947368421,18.084042105263155,79.45531578947369,17.96143157894737,77.8048271655147,17.80617804532881,76.17175094264427,17.17762512029105,74.23306526604506,17.31750196533882
207673,190,27.018066000000005,63.68240128,27.018066000000005,63.68240128,27.018066000000005,63.68240128,26.084621052631586,60.31225263157895,24.05364700441242,53.41352491187286,21.87039845362668,46.02031403834232,21.99711562421052,42.60230767157895,23.73458614736842,40.57737835789474,25.589115789473688,37.97288421052632,27.665303088960307,36.6494431031733,29.5018062631579,33.30947098947369,32.65445391408552,25.77890296221473,38.11953900293906,16.683898668687704,39.97459924163917,13.166681329271215,39.78324372222587,9.322440628581752,43.086539475789465,6.44054992842105,50.80997185263156,3.565857010526322,55.91210526315789,1.8593684210526316,56.65724210526316,2.1638736842105284,56.74250223280174,2.293165409118913
207673,191,65.96987822400001,8.779051007999996,66.55642982526317,9.405272387368413,66.38788539707737,9.46113081325332,65.9124009639575,9.120092272300383,65.71831100384821,8.578982082979936,65.68234322781024,8.144270686106212,65.52782857605096,7.719180968238419,65.59238030262854,7.086178446346199,66.81962824822833,5.6868767959618385,66.7778303471885,4.959293812540769,66.56256645772663,4.443311782871257,66.3419315015202,3.9445008282080627,65.86082022873886,2.950829268036713,65.73523133621052,2.642887363368417,67.46424061578946,2.527797456842101,71.32890782526316,2.4255888168421005,72.49141105894736,2.3896997726315745,73.68847296631579,2.349414265263157,74.91985873263157,2.3061824673684215,76.1881452,2.2608127999999965
207673,192,92.5164888,17.63265280000001,92.59089511578948,16.664501221052635,92.69610951157895,16.04284759578947,92.82509720842106,15.643453776842103,92.97072915789474,15.318462315789471,93.14977909894736,15.047078804210518,93.34423404631579,14.813886383157886,93.51244901052631,14.62529616842105,93.5491561263158,14.506562021052634,95.60298947368422,13.737768421052632,97.41053684210526,13.358147368421053,98.46811578947369,13.61886315789474,98.52072631578947,14.736505263157895,98.59105263157895,16.002357894736843,98.65976842105263,17.225768421052635,98.71935789473683,18.33903157894737,98.77196842105263,19.45667368421053,99.33457894736843,20.90105263157895,100.39913684210526,22.757389473684213,102.0,25.119999999999997
207673,193,44.2884,16.863999999999997,40.36709910711293,16.77022548076206,36.17065944602051,16.481529186950954,31.88357927368421,16.651489684210524,26.797259406315778,18.155181810526315,20.35252633407701,21.447038813532547,14.04589063392686,23.980000813467026,11.280491905263153,25.338148715789472,10.317111407368417,22.72914132210526,13.333296126315794,19.643886484210526,21.31424210526316,16.546694736842106,29.82372631578948,13.691957894736841,34.98063157894736,12.238484210526318,36.65504210526315,12.336168421052633,39.82294736842105,11.078736842105263,46.46046315789474,6.712589473684203,52.94658947368421,2.3744000000000023,52.19232631578948,2.3302736842105247,50.89477894736842,2.5714526315789463,49.6842,2.7967999999999975
207673,194,53.75315340000001,50.6037568,54.743466031578954,50.75270837894737,56.11228502157528,51.54087806235553,58.4904543006846,54.03362935765915,60.12148296239111,55.42195190462419,61.129894442928624,55.88991716130708,62.08583531743738,56.401109590851185,63.13944463293314,57.00577694861685,65.28633970502955,58.44913320446211,66.82894918421051,59.45740874105263,67.31405887578947,59.70429301894737,67.50056061473684,59.88376987284211,67.51642923789474,60.024728198736845,67.44661356631579,60.171192309894735,67.36572048,60.32214039242105,67.27353696,60.49078874273685,67.33452308210526,60.572933733052636,67.57931277473683,60.55127469136842,68.44503208421052,60.13519181473684,69.5436,59.5712
207673,195,77.9200644,55.0794432,78.33536545263158,55.094129515789476,78.75066650526315,55.10881583157895,79.16596755789473,55.12350214736842,79.58126861052631,55.138188463157896,80.01565343368421,55.145983090526315,80.50728956842106,55.13310265263158,80.9989257031579,55.12022221473684,81.49056183789473,55.107341776842105,81.98219797263158,55.09446133894737,82.43878926947369,55.08140459789474,82.86033572842105,55.06817155368421,83.28188218736841,55.054938509473686,83.70342864631579,55.04170546526316,84.12497510526315,55.02847242105263,84.55111832842104,55.01452119578948,84.97879380631579,55.00033057684211,85.40646928421053,54.986139957894736,85.83414476210527,54.97194933894737,86.26182024,54.95775872
207673,196,71.8386,55.8144,69.04648421052632,58.17970526315789,66.30483157894737,57.52825263157895,63.56371578947369,56.33212631578947,60.669599999999996,55.06896842105263,57.26057269280397,52.819563639797316,54.3396535253158,51.75910504221492,51.96165637578948,51.24546192842105,48.192941088115276,49.11389208073048,46.2172053910793,47.48259124118984,43.811946726315796,44.64317844210526,43.31216675052631,44.63465471999999,42.922095236842104,44.716341894736836,42.5269523368421,44.70464943157895,42.227999999999994,44.654821052631576,41.85006315789473,44.67233684210526,41.49574736842105,44.683452631578945,41.441526315789474,45.3109894736842,42.80671578947368,48.83402105263157,44.47200000000001,52.9088
207673,197,31.798775399999997,51.7642624,31.446686729292136,51.76414989808227,31.197697487037274,51.27734414376373,31.342986318315404,51.04716180299998,31.438742967688917,50.72552397302362,31.310023181052625,50.21139220210526,32.56624626947368,50.02456185263158,32.37914428736841,48.03636429473684,32.26342088526315,46.384660378947366,32.17381007368421,44.632180210526315,31.60490453684211,41.74526484210527,30.97095789473685,38.869894736842106,30.681063157894737,36.81515789473685,30.35627368421052,34.537094736842114,30.050273684210527,32.37928421052632,29.76037894736842,30.31949473684211,29.47048421052631,28.263410526315795,30.166231578947357,27.096252631578945,31.074568421052625,26.394947368421057,31.977000000000004,25.728
207673,198,66.52497324000001,10.756143360000003,68.10127404631578,10.563991444210526,69.70293242842105,10.305460985263155,71.25810130421053,10.026867233684207,72.66182755894737,9.79030767157895,74.08362998526316,9.571609397894736,76.06831935789474,9.327535494736841,78.36767368421053,9.061389473684208,80.27668421052633,8.78787368421053,81.94733684210526,8.550736842105266,83.58202105263157,8.317305263157897,85.22046315789474,8.082189473684211,86.85890526315791,7.851115789473685,88.37333684210527,8.646400000000002,89.69933684210527,9.852968421052635,90.8191894736842,11.234694736842108,91.93904210526316,12.616421052631582,93.0588947368421,13.998147368421053,94.24585263157896,15.462400000000002,95.5536,17.075200000000002
207673,199,13.73835960000001,22.536230399999994,15.371541854872726,22.24161971195004,17.295655973235714,22.130664042217877,18.862534942105253,19.559432454736843,25.600416399156344,13.001212114817413,29.845854957633115,9.395244759598862,33.07686379894736,7.362440993684209,34.18110197559421,8.078254555763554,35.37159395636154,8.980626347706483,36.831658082810485,10.475204722642637,41.50832373728545,12.920884090292294,44.610151855471905,15.685490715431719,45.221900188421046,15.615670231578944,45.53547470842105,14.739536842105261,45.96319434621955,13.466008538680269,46.03499763869101,12.799194786619307,46.03289526315788,12.270336,48.52681942105263,10.220846484210531,52.366455198685934,7.1464089989511645,56.270558447743824,3.375471856397823
207673,200,76.0399188,6.851955200000006,77.43259458947368,6.6633236210526325,78.81372966947369,6.728058677894735,80.17865136631579,6.929785465263154,81.51906836842105,7.122093473684203,82.70855446736842,7.312605237894729,83.90005941473684,7.5131913431578905,84.96173532631579,7.775337094736843,85.50989191578948,8.235117136842108,86.61893684210527,8.5312,87.73503157894737,8.781136842105262,88.76576842105263,9.011536842105262,89.80294736842104,9.237894736842106,90.83422105263158,9.467957894736843,91.93796842105263,9.7152,93.06265263157894,9.972884210526313,93.1753894736842,10.086063157894737,92.96065263157895,10.158821052631579,92.61492631578948,10.213726315789474,92.2692,10.2656
207673,201,34.4412792,9.233382399999996,34.899312884210524,9.069879242105264,35.35734656842105,8.90637608421053,35.81538025263158,8.742872926315798,36.360617494736836,8.659301726315794,36.92329544842105,8.591716917894736,37.48597340210526,8.52413210947368,38.35852434947368,8.437274004210522,39.38601179368421,8.340779250526312,40.41349923789474,8.244284496842104,41.518929069473685,8.134175528421052,42.702301288421054,8.010452345263158,43.885673507368416,7.886729162105263,45.00461994947368,7.766460362105263,45.99471483789473,7.65310032842105,46.98480972631579,7.539740294736837,48.10770517894736,7.451901305263151,49.89460345263158,7.4916675368421,51.68150172631579,7.531433768421048,53.4684,7.5711999999999975
207673,202,39.117,3.187199999999997,39.7392,3.3212631578947347,40.36837894736842,3.455326315789472,38.557596415933034,4.5648141336213435,40.83514651578946,5.628791242105261,42.32991636,9.278300025263153,43.45307368421053,14.804547368421055,44.68512631578947,19.978105263157893,46.051537352643,24.23138884482796,47.24727934736842,29.719330694736836,49.382068137820255,38.321896083069944,54.69919588421053,44.99291823157895,57.1099872505263,47.503091604210525,59.60772631578947,48.97212631578947,61.68783294045383,51.979249176946524,64.36440988421053,53.10885254736842,72.14327164945314,43.808734965539145,80.52580721726262,34.59192969680603,83.6906563131284,40.29044224746271,88.14865806,41.7924512
207673,203,29.090400000000002,57.536,28.663610526315793,59.04168421052631,28.24272631578948,60.55107368421052,27.820231578947368,62.06181052631579,27.055231578947364,63.0784,24.93738947368421,62.1184,23.270494736842107,61.42248421052632,22.253178947368422,61.227115789473686,21.544547368421057,61.27258947368421,20.820884210526323,61.31873684210526,19.999515789473687,61.369263157894736,19.27585263157895,61.41541052631579,18.567221052631584,61.457852631578945,17.858589473684216,61.499957894736845,17.142442105263154,61.545768421052635,16.32107368421053,61.596294736842104,15.589894736842103,61.64277894736842,14.881263157894738,61.68825263157895,14.172631578947376,61.732378947368424,13.463999999999999,61.772800000000004
207673,204,73.3584,45.6768,73.25371578947369,45.14256842105263,73.13775789473684,44.55646315789474,73.01321052631579,43.9333052631579,72.90154736842105,43.39907368421053,72.79417894736842,42.862147368421056,72.68842105263158,42.32353684210527,72.57675789473684,41.78492631578948,72.45543157894737,41.18568421052632,72.33464210526316,40.5797052631579,72.22995789473684,40.041094736842105,72.11990526315789,39.50248421052631,71.86436842105263,38.96252631578947,71.28511578947368,38.41953684210526,67.73441712828202,38.09077559310431,64.82749673507877,37.60280683572408,63.81504223381704,36.79778512684732,62.79927202122719,36.064459236024675,61.21854738015174,35.27363786279441,58.9790316,34.40876800000001
207673,205,57.561613079999994,34.3818304,57.17198821894736,34.680916884210525,57.453988585263154,34.23813187368421,58.311529642105256,33.16861978947369,59.167413789473684,32.20906105263158,60.05921052631579,31.150147368421056,60.97237894736842,30.028463157894738,61.87964210526316,28.90307368421053,62.89803157894737,27.650357894736846,63.92876842105263,26.383494736842106,64.83603157894737,25.258105263157894,65.74866315789473,24.136084210526313,66.53191578947367,22.885726315789476,67.02044210526314,21.344336842105264,66.94796842105262,19.11006315789474,67.2324947368421,17.681178947368423,68.25142105263158,17.742484210526314,70.13583435678964,18.84337705745859,71.52232315388848,19.405772610165897,72.24375545777123,19.23885030452155
207673,206,77.0508,11.8784,76.5612,11.573894736842105,76.0716,11.26938947368421,75.62763157894737,10.991831578947368,75.21104210526316,10.730442105263156,74.79337894736842,10.469052631578945,74.3724947368421,10.207663157894737,73.95161052631579,9.946273684210528,73.53448421052632,9.682526315789476,73.1178947368421,9.418442105263159,72.6648,9.134147368421054,72.1752,8.82964210526316,71.74486831431379,8.49576842645206,71.7294148288241,7.956315838068514,71.71396134333442,7.416863249684967,71.31224572757063,7.122975148796146,70.78177606838213,6.9109418770722355,70.25251622292673,6.709294418232209,69.72527273369315,6.5249566475319885,69.19802924445958,6.340618876831769
207673,207,30.241827000000015,11.2111296,30.367448052631577,11.580982231578947,30.315822363157892,12.755759595789469,30.180661089473677,14.970410408421051,29.200244385944384,20.5647434772309,29.048677954972046,23.457757956175858,29.253687425657926,26.294710321651216,29.325042396405024,29.470706616295445,29.491745942039934,30.980879054632215,29.78774807900446,31.25460875114592,30.05764296941561,31.35114378307893,30.370555019185726,31.422253653988935,30.59835929242105,31.43512701978948,31.627538981052627,31.584720303157898,34.81304254578947,32.23194315789474,37.894154398421065,32.89931157894737,40.970404367368424,33.57519578947368,44.50698304736841,34.359776842105255,51.55885263157895,35.88378947368421,54.641400000000004,36.556799999999996
207673,208,54.5496,36.985600000000005,54.143747368421046,37.68353684210526,53.7378947368421,38.381473684210526,53.314863157894735,39.1130947368421,52.848884210526315,39.928926315789475,52.438736842105264,40.635284210526315,52.03288421052632,41.33322105263158,51.62703157894737,42.03115789473684,51.221178947368415,42.72909473684211,50.763789473684206,43.528084210526316,50.26023157894736,44.197726315789474,49.68258947368421,44.67132631578947,48.885915789473685,44.845810526315795,48.08924210526316,45.02029473684211,47.23781052631579,45.20488421052632,46.32195789473684,45.40126315789474,45.51776842105263,45.575747368421055,44.718947368421055,45.75023157894737,43.92227368421052,45.92471578947369,43.1256,46.099199999999996
207673,209,12.8112,26.3872,14.35044936,22.470545920000003,17.1564,15.294652631578948,20.040995362299473,8.511593245317227,23.049423470154988,4.666083361846303,26.291639178947367,3.5259624421052593,28.426673640618645,4.006517110310543,34.930136063725286,6.316229339070127,40.07002699434673,6.502442498178437,41.86612890947368,6.93375872,42.628147095918024,8.950158555040757,43.52780296127529,11.52712512324684,44.663353610526315,14.681144589473687,46.2668272168421,16.34558032842105,49.334091656842105,17.597644261052626,53.815646115789484,18.694944336842102,51.33690097697502,19.392666706926416,52.4422987719476,23.332976371040868,53.86616693052631,25.85919110736842,55.635720479999996,26.11487744
207673,210,24.3573552,3.7280960000000007,20.556295781052626,4.888682273684205,15.571608606315776,8.195752084210518,6.683258388675904,15.448502699007031,2.6578961892806725,18.99049252859662,2.5814499123157875,21.032096134736843,3.455445881877061,23.30654299391142,4.162661137084027,26.03913093192029,6.026071957894741,28.246418829473683,12.177618039744104,31.838289074978306,17.138801015955725,33.62127896755849,20.143865842789,34.97785327243611,20.744557987300936,35.29964130982588,22.110113962105245,33.009050543157905,26.421449264210523,27.195033667368413,32.780652631578945,19.230652631578945,34.848568421052626,17.500968421052633,35.196978947368414,18.51957894736842,35.555589473684215,19.60858947368421,35.903999999999996,20.627200000000002
207673,211,37.55639999999998,27.299103999999993,38.95776189473684,23.3339488,42.028411201098194,10.32765957228543,43.47204455351497,2.6426534436061577,45.91636695094827,2.3583092263630507,44.85910670554579,4.368147140442119,40.040762879170934,8.613482178688654,37.23364658205998,11.623681401230403,37.82024194823936,13.60905673960465,37.408278176842096,18.122277322105262,35.714356032067144,27.87437149655361,35.853661926315795,34.53813692631579,37.54780394645372,36.4570081452356,39.383371389473666,39.07825347368421,42.01361307157894,41.824907284210525,44.779835999999996,44.621187368421054,47.96308421052631,45.62964210526316,50.97047368421052,46.408421052631574,53.901094736842104,47.16934736842106,56.9568,47.961600000000004
207673,212,73.861413,44.1912832,74.13147140179805,42.496712634542924,74.17976094469168,41.051745899012474,73.91757408511909,39.956224525379305,73.84443787989922,39.67072081638282,73.72681558160399,39.40943287389235,73.362304611471,38.73478163213794,73.39073287275579,38.38905881251322,73.64015289821053,38.22241024,74.15931655673685,38.216472064,74.980506,38.50078639157895,76.10372122799998,39.07535322273684,77.06425085542105,39.52871407831579,78.02846631457895,39.975080852210525,79.02963263731579,40.429496912842104,80.91979235842105,39.82663356631579,83.0861806030258,38.8355648386874,85.15205580118057,37.66560155081176,86.64306420340415,36.53621677883588,87.72345346567685,35.43581666107411
207673,213,43.9929468,21.8304064,43.83189416842105,20.961353768421056,45.13537868842105,19.35857788631579,46.72779560210526,17.740401953684213,48.04852606736842,16.411572075789476,49.39623220421052,15.090830854736842,50.97683311578947,13.586179031578949,53.361747726315784,11.454012968421056,55.135294736842106,10.709894736842104,55.39995789473684,12.508631578947366,55.65764210526316,14.307368421052628,55.9572,16.36884210526316,56.23421052631579,18.288842105263157,56.457,19.658105263157893,56.606242105263156,20.125305263157895,56.70287368421053,19.98888421052631,56.81238947368421,19.832252631578946,56.91653684210526,19.68404210526316,57.02057527942154,19.40424253583636,57.144982577252335,18.730152045222688
207673,214,57.7258902,18.643647999999992,57.62050809473684,18.697509052631574,57.01539400736842,18.850064505263155,55.97998631684211,19.085792673684207,54.92115577578947,19.304451031578942,53.950114379999995,19.48771941052631,53.03119374947368,19.644467873684206,52.09716214105262,19.777009852631576,50.49369884210526,20.292143157894735,48.99596842105264,20.858610526315793,48.84243157894737,21.029389473684212,49.26868421052632,21.109221052631582,49.86887368421053,21.163115789473686,50.46906315789474,21.220042105263158,51.063347368421056,21.273263157894736,51.69682105263158,21.32917894736842,52.39471578947368,21.390484210526317,53.002421052631576,21.443705263157895,53.602610526315786,21.498273684210528,54.202799999999996,21.5552
207673,215,31.10406359999999,15.490796799999998,32.17089834947368,15.45028675368421,33.53426545894736,15.395563755789471,35.13400854947367,15.334104353684205,36.912841092631574,15.275544151578941,38.44154676631579,15.254908698947363,41.02451917894737,15.478003536842103,44.09728421052632,15.803284210526318,46.01381052631579,15.841010526315792,48.19446315789474,15.886821052631582,50.261305263157894,15.929263157894738,52.17031578947368,15.966989473684208,54.07932631578947,16.004715789473682,55.98833684210526,16.042442105263156,58.03585263157895,16.08218947368421,60.24495789473684,16.124294736842106,62.15396842105263,16.16202105263158,64.06297894736842,16.19974736842105,65.9719894736842,16.237473684210524,67.881,16.275199999999998
207673,216,80.223,18.5664,80.73836842105263,18.80724210526316,81.25373684210525,19.048084210526316,81.7691052631579,19.288926315789475,82.28447368421052,19.52976842105263,82.79984210526315,19.77061052631579,83.3152105263158,20.011452631578948,83.83057894736842,20.252294736842103,84.6875551572154,20.693613460829987,86.05694305025386,21.435647112904956,87.42633094329234,22.177680764979925,88.79571883633082,22.919714417054898,89.54715792205346,23.30008181769446,89.88663113623221,23.43933838404375,90.22610435041096,23.578594950393043,90.5655775645897,23.717851516742332,90.86116090755773,23.83509187768312,91.14577178272307,23.946828187271784,91.43038265788842,24.058564496860445,91.71499353305376,24.170300806449106
207673,217,28.378052400000016,14.825177599999996,28.09019766315791,14.497430231578946,27.8023429263158,14.169682863157895,27.85046781473685,13.958217027368422,28.738541766315798,14.037455023157893,29.626615717894744,14.116693018947363,30.645623741052635,14.240083469473678,31.762832317894738,14.396588261052628,32.88004089473684,14.553093052631576,34.00062577894736,14.739483957894736,35.12177338105262,14.930855882105261,36.548138591842495,15.163564234558818,39.80580945474003,15.644291156470548,43.063480317637556,16.125018078382276,45.8008015940163,16.60006154769109,47.84432342170332,17.06752708019601,49.887845249390345,17.534992612700933,51.2034072281699,17.82808650349448,52.22778526738647,18.051431737603473,53.252163306603045,18.27477697171247
207673,218,77.9994,32.0064,80.23266315789473,32.31730526315789,82.29306315789474,32.60463157894737,84.2052947368421,32.871410526315785,86.11752631578948,33.134147368421054,88.03405263157896,33.39957894736842,89.8985052631579,33.65456842105263,91.46178947368422,33.84286315789474,91.87515789473684,33.83713684210527,91.77745263157894,33.744168421052635,91.67974736842106,33.64783157894737,91.5874105263158,33.5514947368421,91.49024210526315,33.45111578947368,91.37857894736842,33.341642105263155,91.27872631578947,33.24328421052631,91.18102105263158,33.14863157894737,91.08331578947369,33.05667368421052,90.99205263157896,32.960673684210526,90.89166315789474,32.85827368421053,90.78,32.7488
207673,219,30.86883119999999,29.4388992,34.09637768842106,26.43025354105263,37.17697331368421,23.585678282105263,39.16638947368421,22.515873684210526,38.46822880731444,23.969087430934874,37.65263437560045,25.298270248171555,36.87612908972368,26.9905933222252,37.149742105263144,28.981119999999997,38.813955047368424,33.32119191578947,40.788316468224984,41.8241648128878,43.226574074543336,47.23254424913782,45.524412915789476,52.122263915789475,48.08877188526316,53.313129869473684,50.96125084421052,54.30105754947368,52.988463157894735,54.684294736842105,55.57818947368422,55.48261052631579,58.004715789473686,56.237136842105265,60.5004947368421,57.004799999999996,63.0215052631579,57.78357894736842,65.4228,58.528
207673,220,32.082274200000015,9.748185600000006,31.21774053350908,10.54612433488234,30.75015568604982,11.513490030513161,30.173580705789465,12.271180227368419,31.138781957368415,13.521992926315784,32.65270066421053,14.938144673684207,35.52552631578948,17.80783157894737,32.119800000000005,20.037052631578945,27.815400000000007,22.527663157894736,19.07665590091087,25.82118378350281,17.15166942288439,27.881456867700358,14.208663347368423,30.138360589473688,14.939831235789466,30.757365692631577,16.01763850105262,31.25394378105263,17.79033751578947,31.760634610526314,19.975894736842104,32.39444210526316,21.495157894736842,32.911831578947364,23.10353684210526,33.461557894736835,24.671652631578944,33.99983157894737,26.183400000000006,34.5216
207673,221,66.5186778,32.94279040000001,68.31751242757677,31.20048460062601,72.31740189727152,27.313904621074133,74.76387284396495,25.5901417659892,77.50725470642448,23.586720404246975,80.89354553052632,20.968927865263158,82.68014907789474,20.42932870736842,83.63517336,20.132332395789472,84.53620227789474,19.880222517894733,85.44788450526316,19.62683351578947,85.67244341052631,19.28820075789474,85.8270947368421,18.932884210526318,86.49277894736842,18.624336842105265,87.13162105263157,18.32926315789474,87.73288421052632,18.05305263157895,88.33414736842104,17.77684210526316,89.01271578947369,17.457515789473685,89.62847368421052,17.173221052631582,90.22973684210525,16.897010526315793,90.831,16.620800000000003
207673,222,54.5394,0.11520000000000152,58.28913961477482,0.9886993928878577,57.27999183157895,2.2697951663157867,54.187726644261545,2.8947511482499273,51.40876070526316,4.442358568421056,54.02999675368421,11.229335444210516,55.350520432682735,16.381005405807525,54.50989515789474,18.702972294736842,52.17028143157894,23.339226307368417,49.29874736842105,30.803873684210522,49.980536842105266,35.83023157894737,53.1114,39.64766315789474,57.0588,44.428799999999995,68.85836742520205,55.89244617348516,74.03106064083025,58.9712698440401,71.41942657893823,58.429032267554796,71.37448963894737,55.25567678821053,74.74354174736841,50.75019846736843,76.36471578947368,53.29381052631579,77.3262,55.1488
207673,223,46.104,42.6304,45.829392378947375,41.328474273684215,45.00132631578947,37.41473684210526,44.32007368421053,34.184084210526315,43.577084210526316,30.646905263157894,42.56003144055777,27.270033945315276,42.733371167907286,26.33544718296515,43.13942419394308,25.906186907128276,43.82384851578947,25.253367915789475,45.44539249578946,22.51488619789474,47.371131827368416,19.215971166315796,51.32001952702081,11.965590155178022,52.84705933586168,8.43711854632087,54.76290832093635,4.676749596455333,55.85828438448219,3.773125799632288,57.395774712765636,3.321828957388993,58.711508201052624,3.1706441835789447,62.17580850312555,9.828569985241902,63.0532545924687,12.126453640078296,64.12860513000001,16.393023232000004
207673,224,65.66941152,15.038509439999999,65.44421184000001,15.635252479999998,65.23030560000001,16.194963200000004,64.4538,17.196800000000003,63.9438,18.169600000000003,63.5154,19.008000000000003,62.8626,19.827199999999998,61.7508,20.620800000000003,60.4656,21.5488,59.364000000000004,22.342399999999998,58.2522,23.129600000000003,57.150600000000004,23.9232,55.8654,24.8512,54.7536,25.638399999999997,53.652,26.432000000000002,52.550399999999996,27.2256,51.2652,28.153599999999997,50.153400000000005,28.940800000000003,49.0518,29.7344,47.950199999999995,30.528
207673,225,5.994965339999993,29.966067200000005,6.928905674526307,30.80073269894737,7.8776401588420955,31.647833128421052,8.833869672947364,32.50231046736842,9.788289331263163,33.357959343157894,10.868768808631579,34.31935016421052,12.481087361052628,35.868477305263156,14.30201052631579,37.65456842105263,15.451926315789478,38.715621052631576,16.60184210526316,39.78071578947368,17.845705263157896,40.93372631578947,19.15667368421053,42.14905263157895,20.30658947368421,43.214821052631585,20.98595928924655,43.00800921936283,21.66990124369779,42.92663155081016,22.527152805337867,43.429925267011285,23.333779703626334,43.34392086708061,24.073213515019937,42.84001124381449,24.737164547368423,42.47361852631579,25.313625599999995,42.655648
207673,226,32.7114,47.2,33.41305263157895,49.167157894736846,34.03095789473685,50.87191578947369,34.63657367503183,52.54474154187531,35.20567592413005,54.29732476725451,35.71225445134468,56.162057458732264,35.893479140068706,57.71249371535055,36.84424190526316,59.17916429473684,38.8382508568421,59.25458647578947,40.543755868421044,58.99731536842105,42.219130402105264,58.69800986947368,43.88285658947368,58.113220715789474,45.1962,56.4570947368421,46.69935789473684,55.87941052631579,48.205200000000005,55.30644210526316,49.834515789473684,54.6816,51.428399999999996,54.066526315789474,52.9278,53.49153684210527,54.43632631578948,52.91284210526316,56.1612,52.2496
207673,227,77.1867354,44.69488,78.70295396526316,43.62030231578947,80.82590513611066,43.277148885515835,83.56084871674337,43.696124491827376,85.07104454423464,43.05833936467858,86.87079472256885,42.625259878455346,88.6797894,42.601664336842106,92.79232734631579,40.38587866947369,98.17306119473685,36.704294568421055,98.07406122947368,35.33944643368421,96.97260564000001,34.67726639157895,95.67496067368421,32.63183764210527,93.88348421052632,30.66408421052632,92.06036842105264,29.63065263157895,90.34247368421053,28.653810526315787,88.61652631578947,27.67696842105263,86.66456842105264,26.570778947368424,84.89406315789473,25.56968421052632,79.63624014604352,24.53131510247623,78.58782859938076,23.349973252514204
207673,228,27.375188400000013,13.766118399999996,27.66637155789475,13.753722610526316,27.957554715789485,13.741326821052633,28.77575630526316,13.822174989473687,29.910168953684206,13.958969532631581,31.036069648421044,14.092759174736845,32.136434482105265,14.217534113684211,33.23679931578948,14.34230905263158,34.328544290526324,14.45612355368421,35.41905785684211,14.568372277894735,36.503786842105264,14.67570526315789,37.58273124631579,14.778122509473677,38.85205983157894,14.92328825263157,41.454077684210525,15.367693473684206,44.05609553684211,15.812098694736843,45.72123157894737,16.05658947368421,47.074073684210525,16.234442105263156,48.428526315789476,16.412294736842103,49.78566315789474,16.59014736842105,51.1428,16.768
207673,229,65.44381200000001,0.679552000000001,65.44381200000001,0.679552000000001,65.44381200000001,0.679552000000001,65.44381200000001,0.679552000000001,65.44381200000001,0.679552000000001,65.44381200000001,0.679552000000001,65.44381200000001,0.679552000000001,65.44381200000001,0.679552000000001,65.44381200000001,0.679552000000001,65.44381200000001,0.679552000000001,65.44381200000001,0.679552000000001,65.44381200000001,0.679552000000001,65.44381200000001,0.679552000000001,65.44381200000001,0.679552000000001,63.90091705263158,1.1652581052631585,59.45204210526315,2.558989473684211,55.068189473684214,3.9309473684210494,50.82982105263158,5.262484210526313,46.85504210526316,7.045389473684207,46.5222,11.200000000000003
207673,230,54.717237000000004,12.171692799999995,55.30761058421053,12.061950686315784,55.9273089,11.996963065263152,56.57332294736842,11.969918652631574,57.23349996315789,11.937860816842102,57.90054211578947,11.911622804210523,58.59720426315789,11.946257178947365,59.43317747368421,12.295684042105261,60.159063157894735,12.433515789473683,60.834410526315786,12.478315789473683,61.504389473684206,12.526484210526313,62.179736842105264,12.574652631578944,62.89105263157895,12.62416842105263,63.67967368421053,12.676715789473686,64.3738105263158,12.725557894736845,65.04808421052631,12.773726315789476,65.71806315789473,12.821894736842106,66.39448421052631,12.86602105263158,67.12297894736842,12.915873684210528,67.91159999999999,12.9728
207673,231,74.3410068,19.9285504,74.54409416842105,19.555026189473683,74.41906246105263,19.258703225263154,74.0059944568421,19.029124581052628,73.51142995578947,18.80640781473684,72.92395913052631,18.458573338947364,72.25884579789474,18.002204025263154,71.48606416421052,17.37898522947368,70.11225536842105,16.379297684210528,68.6358,15.297684210526317,67.70760000000001,14.500715789473686,66.91897894736843,13.78122105263158,66.52394938783797,13.241578373634175,66.92028489831138,13.054308087945248,67.04435741154023,12.795807010935082,67.12161423382541,12.540570235120029,67.2031697316173,12.311278025965155,67.30927588527011,11.933503639266176,67.46478738947368,11.738177684210525,67.6755516,11.770143999999995
207673,232,30.3444492,52.832416,30.88533576631579,51.33269877894737,31.35038275578947,50.14966214736842,31.75067166315789,49.23833936842105,32.153927804210525,48.330296757894736,32.56431578526316,47.42659671578947,32.898166294736846,46.23961094736842,32.78654501052632,43.47962610526316,32.945463157894736,41.79368421052632,33.008706889194066,40.39170029126949,32.3522367423684,38.345068220103904,32.636068549349154,37.09653254735841,33.21848286259421,36.03530282216018,33.83800399611459,34.85679641000972,34.17057316409815,33.43235727630204,34.59812459999999,32.322620294736836,35.26112459999999,31.787950821052632,35.42403234315789,31.63773446736842,35.534730634736846,31.51773308631579,35.63313798,31.39560512
207673,233,41.9133402,17.51813759999999,42.66330862105263,17.263148126315784,43.63365489661792,16.921846559705074,46.58740186279717,15.803736156755836,49.15452346120272,14.727943554960206,50.17514358851344,13.821422157779002,51.25436276060932,12.884441248317204,52.47031303720388,11.876388143534015,54.11479974565312,10.618667935261133,56.40209110188437,8.986447071753709,57.85650420631579,7.7788585768421035,58.47803905894737,6.995902450526318,59.268664357894735,6.318885052631582,60.17201662105263,5.71249347368421,61.45176525789473,4.894427789473681,62.89282662631579,3.9856446315789418,64.18664938421053,3.2008261052631566,65.44366248947367,2.44699873684211,66.72056478947368,1.710762105263158,67.999677,0.9764799999999951
207673,234,22.114293599999996,28.377030400000002,23.287199759999993,28.92396864,27.306452007695682,29.61213526588103,30.480292799999987,31.064224000000003,30.34094755390595,31.076885510791,30.41242444799998,30.31086144000001,30.238385519999994,26.529874239999998,31.262737629453014,19.17620815780198,32.720693970855564,14.686047312548837,33.581154,11.068134399999998,35.91246696314232,9.821320779917613,38.38499272664064,9.25094340512662,41.5645614,9.006092800000005,46.44247782000001,8.29608064,52.9652646,7.248499199999998,53.652,7.155200000000001,51.7344,7.68,50.8674,8.371200000000002,50.2554,9.190399999999997,49.6842,9.951999999999998
207673,235,37.9637982,31.054803200000002,37.822501357894744,31.4221632,38.208050030526316,31.685586425263157,38.90460362842104,31.894518602105258,39.646939657894734,32.11157978947368,40.336829595789474,32.285352016842104,41.04366543789474,32.452868648421045,41.82793667368421,32.6211072,42.83844208421053,32.8000384,43.71075789473684,33.003452631578945,44.49615789473684,33.196799999999996,45.21767368421053,33.37532631578947,45.93918947368421,33.54981052631579,46.660705263157894,33.727999999999994,47.43375789473684,33.91730526315789,48.26693684210527,34.118399999999994,48.988452631578944,34.297599999999996,49.49121735650898,34.62996681126168,50.04709639395397,34.9164929473952,50.85608196039728,35.010225764189585
207673,236,53.02142580000002,35.3124096,57.05498815263158,32.797555200000005,62.938777357894736,27.72846618947368,69.34098075789474,21.795015410526318,75.2904947368421,14.61658947368421,74.56158885962661,23.047716302351667,75.16135143437398,27.134429078920835,75.71038149473685,30.82633768421052,76.61536189263158,26.647764547368418,77.76600542687116,21.570427657633875,78.93322757447197,11.89749517525317,79.45131675858893,6.9205974311941105,79.95159206526316,5.193166753684207,80.22123786947368,4.639690913684213,80.55734311578946,4.17913397894736,81.89687368421053,7.813052631578959,85.4148,15.149810526315788,89.00573684210526,22.661726315789466,92.6568,30.277389473684202,92.6058,37.344
207673,237,33.2432484,55.2626688,33.98370462315789,55.038241414736845,34.72416084631578,54.81381402947368,35.464617069473675,54.58938664421053,36.16537972421052,54.401990332631584,36.858203665263154,54.22200023578947,37.551027606315785,54.04201013894737,38.181462334736835,53.87545492210526,38.7807024568421,53.71561714526316,39.379942578947364,53.55577936842105,39.98006237052631,53.39025354105263,40.58106183157894,53.21903966315789,41.18206129263157,53.04782578526316,41.89867206315789,52.61914812631579,42.84650545263158,51.67554290526316,43.79433884210527,50.73193768421053,44.71143157894737,49.88597894736842,45.474821052631576,49.528252631578944,46.23821052631579,49.17052631578947,47.001599999999996,48.812799999999996
207673,238,52.301101800000005,20.102361599999995,52.86237022105263,19.27120370526316,54.30510487263158,18.50118784,55.8499709968421,17.838113751578945,57.15220054105263,17.26999322947368,58.48229154631579,16.694448976842104,60.05683285263158,15.992348968421052,61.897657989473686,15.543880084210526,63.64370526315789,15.14543157894737,65.06096842105264,14.625010526315792,66.47823157894737,14.104589473684214,68.09788421052632,13.509726315789475,69.60855789473683,12.954947368421053,71.02582105263157,12.434526315789471,72.44254736842106,11.914105263157893,73.85175789473685,11.393684210526315,75.45423157894737,10.804547368421053,76.98047368421052,10.244042105263159,78.39773684210526,9.724968421052633,79.815,9.209600000000002
207673,239,87.5878860517912,4.877910846628154,88.08502765367759,4.459483235118746,88.55954292195555,4.029419658888492,88.97372130061112,3.5683268434026507,89.50760314736843,3.298713936842102,90.14123788421053,3.1886676210526317,90.25724189368421,4.148175393684207,90.24717460105263,5.430462416842098,90.12668479263158,7.563755082105259,90.00790879894737,9.59824966736842,89.89213198105263,11.459847612631577,89.82895854947368,13.02546681263158,89.79584419578947,14.42195530105263,89.27628969473685,16.27600943157894,88.83502105263159,17.924042105263155,88.96493684210526,18.439073684210523,89.0868,18.922105263157892,89.199,19.36673684210526,89.3112,19.808673684210525,89.4234,20.2496
207673,240,39.768484199999996,16.93819520000001,39.42139497523089,17.790327888549168,41.623008753394444,20.976973150217944,42.40459441734218,21.55282071413577,43.4715492721551,22.282238886969985,45.15944220631579,23.459477153684215,46.54714232842105,23.021514778947367,48.93983465368421,22.955389810526313,51.10165142842105,22.9235299368421,53.3074756736842,22.93548294736842,56.34519565263157,23.241042526315788,59.48747368421052,23.55536842105263,62.11370526315789,23.655073684210524,64.02915789473684,22.95275789473684,65.47111578947369,23.332715789473685,66.90985263157894,24.368505263157896,68.54614736842106,25.540715789473683,70.02192631578947,26.597726315789473,71.46066315789474,27.634526315789472,72.8994,28.665599999999998
207673,241,31.530790800000005,31.864595200000004,29.30588444842105,31.133928993684208,27.957579947368426,31.467748210526313,26.80143432,31.876268395789474,26.1830843368421,32.74288976842105,24.917526315789477,33.01962105263158,23.072936842105257,32.0576,21.09628421052632,30.950400000000002,19.040715789473687,29.791999999999998,17.131705263157894,28.7232,15.064863157894743,27.558400000000002,13.099484210526306,26.457599999999996,11.197452631578946,25.3824,9.077463157894735,24.192,7.168452631578948,23.116799999999998,5.236894736842099,22.029473684210526,3.741877897787406,22.1535100104493,2.6887892717064847,22.70844156448063,3.4971688219288883,26.28171936322626,4.709928539999993,30.4069248
207673,242,2.736464159999997,33.2212672,2.786390475789469,33.18034088421053,2.836316791578941,33.13941456842105,2.8862431073684136,33.09848825263158,3.1461114492631483,32.83973837473685,4.245747895578938,31.709694248421055,5.345384341894727,30.579650122105264,6.445020788210515,29.449605995789472,7.870740798315778,27.98669066105263,9.785586154105253,26.024468513684212,11.700431509894727,24.06224636631579,13.615276865684205,22.100024218947368,15.35793582821052,20.306423848421055,16.985803861894727,18.62523799578948,18.61367189557894,16.944052143157897,20.24153992926315,15.262866290526318,23.70129721263157,11.784180884210533,27.61902680842104,7.8561205894736945,31.53675640421052,3.928060294736847,35.454486,0.0
209425,1,30.621991199999997,11.310304,30.013990888421052,11.34823545263158,29.35419411789474,11.439684884210527,28.629742446315795,11.557698189473685,27.81559304842105,11.667790652631577,27.092809237894734,11.755324968421053,27.01331709473684,11.876939789473685,27.219505263157895,12.019873684210527,26.723463157894734,12.142484210526316,26.162999999999997,12.277221052631578,25.62937894736842,12.406905263157894,25.13441052631579,12.52884210526316,24.645884210526315,12.646736842105264,24.151452631578948,12.76463157894737,23.6232,12.892631578947368,23.057905263157895,13.032757894736841,22.56937894736842,13.155368421052632,22.075484210526316,13.27461052631579,21.582126315789473,13.392505263157895,21.093600000000002,13.5104
209425,2,15.308904599999998,14.2617344,15.597940389473683,14.469768084210527,15.886976178947366,14.677801768421054,16.23743019473684,14.649486147368421,16.62473514631579,14.479360943157895,17.076825451578948,14.26914048,17.723271817894737,13.93863424,18.369718184210527,13.608128,19.421039346896578,12.647200299470427,20.53019976620695,11.59621239029377,21.32299409740537,10.959621335378563,21.799422340491837,10.737427134724804,22.312336912413144,10.468428092174262,23.08065578617838,9.871795156346227,23.848974659943615,9.275162220518192,24.766451164158106,8.6705898434366,25.73364687852235,8.063370985937155,26.409812621052634,7.696591831578948,26.600928410526315,7.730545515789474,26.7920442,7.7644991999999995
209425,3,58.071211199999986,45.8685696,56.54182100783199,46.12989310669725,55.059696895316854,47.00356102264329,52.2578255185335,47.52666840122398,47.038320002754055,47.834675366654274,45.47314259216249,48.87116820611647,40.664157857720845,48.485814027462574,40.90725649945263,48.54350831202745,41.542288823186475,48.42999407107392,42.215027264210526,47.844069261473685,42.476430367894736,49.44638088421053,43.60196791578948,51.677892715789476,44.84974352526316,53.52506957473684,45.94235362105263,56.031163957894734,43.77678947368422,56.47258947368421,42.01487368421053,56.44025263157894,41.503263157894736,56.37018947368421,40.34905263157895,55.386947368421055,39.06492631578948,54.19183157894737,37.7808,52.992
209425,4,52.1424,4.4096,52.26641052631579,4.524463157894736,52.39042105263158,4.639326315789473,52.51443157894737,4.75418947368421,52.63844210526315,4.869052631578947,52.762452631578945,4.983915789473684,52.90095789473684,5.113936842105264,53.04107368421053,5.245642105263157,53.16508421052632,5.360505263157894,53.29124210526316,5.475368421052631,53.421157894736844,5.590231578947368,53.54355789473684,6.009263157894737,53.66166315789474,6.6021052631578945,53.79587368421053,8.299789473684207,53.92847368421052,10.060799999999997,54.04657894736842,11.609599999999999,54.16468421052631,13.158399999999997,54.28278947368421,14.707199999999995,54.40899605979156,16.40530640471536,54.53824064200496,18.15940271119899
209425,5,59.3553402,57.856185599999996,59.28716125263158,57.99681717894737,59.21898230526316,58.13744875789474,59.15080335789474,58.27808033684211,58.96449933789474,58.407072303157896,58.30569502736842,58.48950581894737,57.64689071684211,58.57193933473684,56.98808640631579,58.654372850526315,56.412717129473684,58.729583730526315,55.9625004031579,58.7939606568421,55.5122836768421,58.8583375831579,55.062066950526315,58.922714509473685,54.61996099578948,58.99589504,54.18326222210526,59.07494464,53.74656344842106,59.15399424,53.30986467473685,59.23304384,53.01153394736843,59.289069473684215,52.747795231578955,59.33933911578948,52.484056515789476,59.38960875789474,52.220317800000004,59.439878400000005
209425,6,56.36602620000001,61.992444799999994,57.02980397684212,61.875864959999994,57.69358175368422,61.75928512,58.36939043052632,61.644785195789474,59.05241764736843,61.531533221052634,59.73954537157895,61.422044749473685,60.43897461789474,61.323846787368424,61.13840386421054,61.22564882526316,61.950641728421054,61.12458944,62.778995109473684,61.02312128,63.608883,60.786537263157896,64.4403054,60.41483738947368,65.2349052631579,60.07713684210526,65.77174736842105,59.97743157894737,66.30858947368421,59.877726315789474,66.65986986379279,59.90664747364733,66.94929634884986,59.9784441051771,67.2854944723626,59.98947804119342,67.69964532663484,59.899240818020665,68.11379618090707,59.80900359484791
209425,7,73.3471655677413,60.780933955515266,74.83641906351087,61.51100874467244,76.05516204505264,61.55417203738947,76.97940891157896,61.0503284648421,77.54312453810527,60.13301147418947,78.45769990421053,59.43924309221053,79.20918243473685,58.79221081263158,79.81489252421053,58.17585317052632,80.40882929052633,57.590734046315795,80.72213377894738,56.57547469473684,81.09966315789474,55.803284210526314,81.55490526315789,55.41726315789474,81.81044210526316,55.45970526315789,82.07188421052632,55.502147368421056,82.33493684210526,55.54661052631579,82.60067368421052,55.59376842105264,82.9013052631579,55.64092631578948,83.16972631578948,55.68808421052632,83.36621052631578,55.72345263157895,83.4564,55.7376
209425,8,91.4932656,40.2675328,90.65387818105265,39.82088245894737,89.82127816421054,39.36628392421053,88.99472685473684,38.897207848421054,88.17387036631578,38.40297707789474,87.19710977684211,37.797224151578945,85.3810390736842,36.93657532631579,83.2218,35.988884210526315,82.0794,35.39941052631579,80.93700000000001,34.805894736842106,79.69689473684211,34.164547368421054,78.387,33.490189473684204,77.2446,32.900715789473686,76.09629473684211,32.307536842105264,74.9496,31.71536842105263,73.79324210526316,31.118484210526315,72.45543157894737,30.425263157894737,71.2572,29.80614736842105,70.1148,29.21498947368421,68.97240000000001,28.6208
209425,9,88.07922359999999,5.22299456,88.07600254736842,5.058952454736842,88.07278149473684,4.894910349473684,88.06956044210526,4.730868244210526,87.96779976631579,4.553650388210526,87.47188059789474,4.323729529263158,86.97596142947368,4.09380867031579,86.48004226105263,3.8638878113684214,85.93996654105263,3.6266358467368427,85.3336559936842,3.378387223578948,84.7273454463158,3.130138600421053,84.12103489894737,2.8818899772631577,83.50966697684211,2.6374825566315794,82.89492747157895,2.395635937684211,82.2801879663158,2.1537893187368424,81.66544846105262,1.9119426997894742,81.04353631578947,1.6744092631578953,80.41983101052632,1.4379541221052639,79.79612570526317,1.201498981052632,79.17242040000001,0.9650438400000001
209425,10,46.065668808000005,51.542791936,46.05043507578948,52.508079730526326,46.763020174736845,51.90668971789474,47.26727306526316,52.391514341052634,47.88320317894737,52.0749632,48.39597688142032,52.190956896688085,49.00866200085258,53.330926970922526,49.52243263545565,52.90583286651708,50.03544753883747,52.608875558134436,50.413945042105254,52.7843264,52.469972624210534,50.86707951157896,55.45856635995028,47.93085982176129,59.51052271826151,43.83703021647424,61.98669117825895,41.17256538443894,65.34234857164559,37.53767561875163,65.94275477863773,37.0760618740943,65.54411992270498,36.53998790072416,65.18033055185086,36.647437846897425,64.32079785565755,36.2567270435451,61.8280446,33.9021376
209425,11,53.0706,2.8224,53.14575789473684,2.7823157894736843,53.220915789473686,2.7422315789473686,53.292852631578945,2.703494736842105,53.35673684210526,2.6681263157894737,53.42062105263158,2.632757894736842,53.48235789473684,2.598736842105263,53.54248421052631,2.565726315789474,53.602610526315786,2.5327157894736843,52.88968421052631,2.3461052631578947,52.047915789473684,2.1338947368421053,51.18574736842105,1.9169684210526312,50.20117894736842,1.6717473684210524,49.21661052631579,1.4265263157894736,48.29163157894737,1.1964631578947367,47.44610526315789,0.9866105263157892,46.60057894736842,0.7767578947368421,45.75773684210527,0.5652210526315793,44.91596842105263,0.35301052631578966,44.0742,0.1408
209425,12,43.4928,0.4544,42.5909052631579,0.9495578947368422,41.67344210526316,1.4527999999999999,40.61586315789474,2.0287999999999995,39.588347368421054,2.588631578947368,38.681084210526315,3.08378947368421,37.77543157894737,3.578947368421052,36.87353684210527,4.074105263157894,35.96949473684211,4.569263157894737,35.06223157894737,5.0644210526315785,34.07981052631579,5.6,33.02223157894736,6.175999999999999,32.054842105263155,6.703494736842104,31.147578947368427,7.198652631578946,30.24407368421053,7.693810526315788,29.34217894736842,8.188968421052632,28.435989473684213,8.681431578947368,27.528726315789477,9.173221052631579,26.486178947368423,9.743831578947368,25.4286,10.3232
209425,13,36.412725,3.9991801599999994,36.45824921052632,3.8245612126315787,36.8737797631579,3.9190040151578946,37.283258763157896,4.0597461254736835,37.6586188763915,4.145069488674835,38.0758027188243,4.221147574601372,38.53880246773874,4.448165056698163,39.00714376181312,4.697143912637753,39.51876634304537,4.816345405692158,39.8601006,5.060113818947368,39.619549383157896,7.631129121684207,38.2844172193903,10.735298964590674,35.968942124387254,10.053425451606886,35.92187635402032,9.496524822505476,35.82281089955301,8.929511360867956,35.11529235377588,8.306191480934077,34.98229632631579,7.7031191578947364,35.34889474105263,7.217763031578948,35.548932900000004,6.869429052631579,35.77907754000001,6.4825888
209425,14,3.0192,1.7728,2.9912842105263158,1.8516210526315788,3.026573680949867,1.9146323008996189,3.0997640870510783,1.970339837370185,2.9776544766269306,2.1010179628674654,2.882590132549027,2.2191477624677853,2.7990110764979117,2.342154811503777,2.6856330015289203,2.5351216027067665,2.708243229473684,2.5593296842105207,3.0012269343157882,2.722077305263152,3.9939914096842086,3.596636294736838,4.904525202947368,4.372362442105262,5.794613493473683,5.11451654736842,6.694205113263157,5.8478457263157875,7.72587928168421,6.683769936842103,9.240510785942112,7.983359539478102,11.489450013391602,9.994967942121171,12.583106027511791,11.08294762614903,13.570791712410635,12.099727941497164,14.547164547847148,13.123239563250987
209425,15,55.717275599999994,55.8014144,55.715099877508294,55.71845896121499,55.71292415501659,55.63550352242999,55.71130821894387,55.53146732879088,55.711091748918605,55.37472924801652,55.71087527889335,55.21799116724217,55.73695565088395,55.04554490118706,55.78275865438645,54.861317496171395,55.82856165788895,54.677090091155726,55.640555244702455,54.489786463142615,55.413580595401136,54.301970131296585,55.270410293052635,54.12428981221052,55.63006607242105,54.00742556968421,55.98972185178947,53.89056132715789,56.371252572631576,54.09527627789473,56.78194988210526,54.72876348631579,57.19264719157894,55.362250694736844,57.423877111578946,55.76394379789474,57.58332007578947,56.07291925894737,57.74276304,56.381894720000005
209425,16,30.9264,8.8064,32.2116,8.320673684210526,33.50163157894737,7.837978947368421,34.85662105263158,7.334063157894737,36.3672947368421,6.772884210526316,37.67557894736842,6.2817684210526314,38.964000000000006,5.798736842105263,40.250810526315796,5.316715789473684,41.54352631578948,4.83098947368421,43.02306315789474,4.280589473684211,44.372147368421054,3.797221052631579,45.49092631578947,3.447578947368421,46.19741052631579,3.4334315789473684,46.903894736842105,3.4192842105263157,47.66191578947369,3.4031157894736843,48.48006315789474,3.3845894736842106,49.18654736842105,3.370442105263158,49.89303157894737,3.356294736842105,50.599515789473685,3.3421473684210525,51.306,3.328
209425,17,53.376599999999996,3.2832,52.955715789473686,3.419957894736842,52.162800000000004,3.6021894736842106,51.118105263157894,3.8204631578947366,49.960673684210526,4.065684210526316,48.9498,4.275873684210526,47.95449473684211,4.4833684210526314,47.13473684210527,4.6777263157894735,46.94684210526316,4.823915789473684,47.14547368421053,4.957978947368421,47.38597894736842,5.078231578947368,47.60393684210526,5.187368421052631,47.821894736842104,5.300547368421053,48.045757894736845,5.413726315789473,48.68030526315789,5.94122105263158,49.890884210526316,7.053473684210527,51.49926315789473,8.586105263157894,53.102273684210516,10.11873684210526,54.70582105263158,11.653052631578948,56.31420000000001,13.1904
209425,18,87.3910194,42.7066432,86.84149858736842,42.92503181473684,83.6750630368421,41.929689768421056,79.07384228526315,40.40675567157895,74.90818617473685,39.02109352421053,66.04553684210526,35.99191578947368,59.919631578947374,33.95637894736842,54.499136842105266,32.15124210526316,49.07864210526316,30.350484210526314,42.99192631578948,28.324042105263157,34.646955370650716,24.974444019614097,30.178275739285066,23.613640598440966,25.09991690488915,21.92347046379332,21.30969075789474,20.987156210526315,19.674630972631583,21.290147031578947,18.516454471578946,21.657953010526317,17.349218437894738,22.0880896,16.57771427368421,22.584373894736842,15.755242105263159,23.046736842105265,14.657399999999999,23.5136
209425,19,83.16133440000002,19.809216000000003,84.10080808421054,20.364736,83.22053133473685,21.449930442105263,81.30625202526316,22.834587957894737,79.33439747368422,24.232244210526318,77.59856533894738,25.4297344,75.87324070736842,26.609372294736843,73.52392345263156,28.005376000000002,68.90766543157895,30.201472,67.49447368421053,31.76825263157895,66.42723157894737,31.888505263157896,65.1720947368421,30.666442105263158,63.916957894736846,29.440336842105264,62.66182105263158,28.217936842105264,61.3164947368421,26.907621052631576,59.86594736842105,25.493557894736842,58.61081052631579,24.272168421052633,57.36104210526316,23.04741052631579,56.11073684210526,21.82298947368421,54.855599999999995,20.6016
209425,20,52.795199999999994,18.4896,52.99812631578947,17.084294736842104,53.19622105263158,15.675957894736841,53.402368421052635,14.201263157894736,53.63535789473684,12.564884210526316,53.83345263157894,11.138694736842105,54.03315789473684,9.73136842105263,54.23447368421053,8.326063157894737,54.42988421052632,6.920757894736842,53.48504210526316,7.556715789473684,52.19608421052632,8.910147368421052,50.75305263157894,10.64084210526316,49.310021052631576,12.371536842105264,47.866989473684214,14.105936842105262,46.320884210526316,15.96261052631579,44.654526315789475,17.960757894736844,43.211494736842106,19.696168421052633,41.768463157894736,21.428210526315787,40.32543157894737,23.158905263157894,38.8824,24.8896
209425,21,25.5408,29.536,26.968799999999998,28.06938947368421,28.3968,26.60277894736842,29.893515789473682,25.066105263157894,31.562021052631575,23.354273684210526,32.239515789473685,22.745936842105262,32.59597894736842,22.489263157894737,32.77045263157895,22.433684210526316,32.950831578947366,22.381810526315792,33.15697894736842,22.31781052631579,33.34863157894737,22.258863157894737,33.52256842105263,22.206315789473685,33.70294736842105,22.149726315789472,33.88332631578947,22.093136842105263,34.07336842105263,22.034526315789474,34.27468421052632,21.973557894736842,34.455063157894735,21.91696842105263,34.63544210526316,21.863747368421052,34.813136842105266,21.81018947368421,34.986000000000004,21.7536
209425,22,43.7988,17.9712,45.80551578947368,17.664673684210527,47.81706315789474,17.355115789473682,49.829147368421054,17.04522105263158,51.83586315789474,16.738694736842106,54.15663157894736,16.384,56.3082947368421,16.055242105263158,58.31501052631579,15.747705263157894,60.32172631578947,15.436463157894735,62.33488421052631,15.129263157894737,64.51446315789474,14.796800000000001,66.81107368421053,14.445136842105262,68.81778947368421,14.133894736842105,70.82450526315789,13.82635789473684,72.83122105263158,13.519831578947368,74.8620947368421,13.2096,77.20702105263157,12.8512,79.31573684210527,12.526484210526316,81.32728421052632,12.216926315789474,83.33399999999999,11.9104
209425,23,97.05862570800001,26.184162559999997,92.79761864463157,25.390367124210528,89.10612631578947,24.700968421052632,85.90278947368422,24.10105263157895,82.69945263157895,23.501136842105264,79.49611578947369,22.903915789473682,76.2101052631579,22.292884210526314,72.46938947368422,21.59663157894737,69.1007052631579,20.96707368421053,65.89736842105263,20.367157894736845,62.69403157894738,19.767242105263158,59.49069473684211,19.170694736842105,56.12415789473685,18.544168421052635,52.39042105263159,17.847915789473685,49.10548421052632,17.233178947368422,45.902147368421055,16.63326315789474,42.6988105263158,16.033347368421055,39.49547368421054,15.437473684210527,36.04411578947369,14.79343157894737,32.303399999999996,14.0928
209425,24,43.0644,0.768,42.05513684210526,1.0536421052631577,41.04587368421053,1.3392842105263156,39.934610526315794,1.6552421052631578,38.762147368421054,1.9893894736842106,37.63048421052632,2.3114105263157896,36.62122105263158,2.5970526315789475,35.61195789473684,2.8826947368421054,34.6026947368421,3.168336842105263,33.59343157894737,3.453978947368421,32.58631578947369,3.7409684210526315,31.58134736842105,4.0293052631578945,30.554905263157895,4.323031578947369,29.378147368421054,4.654484210526316,28.20138947368421,4.9859368421052634,27.153473684210525,5.2830315789473685,26.148505263157894,5.568673684210526,25.141926315789476,5.8553263157894735,24.132663157894736,6.1436631578947365,23.1234,6.432
209425,25,17.746276199999993,29.421401600000003,14.651778978223916,33.21149838782931,14.19418985892762,36.05353576130903,13.882965041908061,37.64033574036342,13.356581169473687,37.751447174736846,12.255158077647792,40.47034565034816,12.69101216778622,43.32387015245087,11.543926714736841,42.79468746105263,9.422505644210526,39.31590575157895,4.335000000000004,34.95545263157895,0.0,32.990652631578946,2.506515789473684,33.857684210526315,3.013831578947368,33.84387368421053,3.562484210526314,33.830063157894735,4.08697894736842,33.80985263157895,4.635631578947368,33.79604210526316,5.168715789473683,33.78223157894737,5.699115789473683,33.768421052631574,6.2499157894736825,33.74821052631579,6.7728,33.7344
209425,26,47.1546,14.208,48.182115789473684,12.32202105263158,49.16936842105263,10.509810526315789,50.049252631578945,8.894315789473685,50.92913684210526,7.27882105263158,51.80902105263157,5.663326315789474,52.56811578947368,4.284294736842106,53.232189473684215,3.09018947368421,53.214473684210525,3.219873684210526,53.19675789473684,3.3441684210526312,53.17904210526315,3.4590315789473682,53.499536842105265,3.5125894736842103,54.013294736842106,3.531115789473684,54.14052631578947,3.485642105263158,54.143210526315784,3.4176,53.759368421052635,3.2768,53.39968421052632,3.1444210526315794,53.06898947368421,3.022147368421053,52.776947368421055,2.8783157894736844,52.4994,2.7264
209425,27,35.58972779999999,20.0119616,33.88400955473684,20.407112993684212,31.468368249473684,20.988096909473686,28.532230231578946,21.7051324631579,26.652197422105264,22.14336744421053,26.960495804210527,21.924695376842106,28.55128007368421,21.311055831578948,29.673348252631577,20.783213136842104,31.75313684210526,19.96294736842105,34.176442105263156,19.04404210526316,36.32595789473683,18.229557894736843,38.47547368421052,17.415073684210526,40.62498947368421,16.60058947368421,42.77450526315789,15.786105263157896,44.06775789473684,15.345852631578948,44.01622105263158,15.47216842105263,42.06211578947369,16.39612631578947,40.10156842105264,17.32412631578947,38.1437052631579,18.250442105263158,36.1896,19.1744
209425,28,73.0728,33.024,73.25532631578947,32.15663157894737,73.43785263157895,31.289263157894737,73.62037894736841,30.421894736842106,73.79807368421052,29.579115789473686,73.95644210526315,28.834694736842106,74.1148105263158,28.090273684210526,74.27317894736842,27.34585263157895,74.47165572477954,26.175624660552646,74.73029503672838,24.366686311934252,74.9889343486772,22.55774796331586,75.24757366062605,20.748809614697464,75.43818218528044,19.730871961716108,75.58343685173854,19.24026810582611,75.72869151819664,18.749664249936114,75.87394618465476,18.259060394046113,76.02669442165046,17.71298159659331,76.18131605128056,17.153034063749804,76.33593768091067,16.593086530906298,76.49055931054079,16.03313899806279
209425,29,79.61099999999999,3.9936,79.3866,5.0048,79.24380000000001,6.8864,79.0806,9.0816,78.94800000000001,10.9632,80.172,11.424,82.08959999999999,11.168,84.32339999999999,10.8736,86.2308,10.624,88.1484,10.368,90.066,10.112,90.2394,10.2208,90.03540000000001,10.2016,90.2292,10.0736,90.41279999999999,9.9456,90.63719999999999,9.792,90.83099999999999,9.664,91.0248,9.536,91.2186,9.408,91.4328,9.2544
209425,30,42.890561399999996,24.338175999999997,42.2092014,25.687935999999997,41.30121474,27.0078336,40.26270582,28.4651648,39.19556244,30.0034816,38.105904599999995,31.640704000000003,36.730199999999996,32.7552,35.638799999999996,34.1632,34.55556835691045,36.926880421347036,33.48445094060835,37.83559403382302,32.26013778181221,38.976122207831246,31.3591044,39.9902848,30.3003444,41.0219648,28.005104969665947,46.07220039252829,26.898875446527015,47.159467761078325,25.943418602521177,48.152680577842936,24.81467015999999,50.277649919999995,23.87580299999999,50.86939519999999,22.3307733,50.978952320000005,21.1072119,51.105765760000004
209425,31,39.4246218,29.5206912,39.28482811578947,29.89182383157895,38.70684839052632,31.61029564631579,37.99027058210527,33.87451405473684,37.53578928947368,35.631794526315794,37.54725672,36.34696784842105,37.59527456210526,37.007899216842105,37.60193279999999,37.81833835789474,37.4549916,39.10569229473684,37.50486315789473,39.89591578947368,37.583778947368415,40.55376842105263,37.65893684210526,41.16143157894737,37.7340947368421,41.765052631578946,37.80925263157894,42.37237894736842,37.887631578947364,43.02315789473684,37.96976842105263,43.72311578947368,38.04492631578947,44.32673684210526,38.120084210526315,44.93372631578948,38.195242105263155,45.540378947368424,38.270399999999995,46.144
209425,32,29.049599999999998,11.0464,30.49048421052631,10.409094736842105,31.97807368421052,9.7536,33.590210526315786,9.0496,35.20556842105263,8.3456,36.82361052631579,7.6416,38.65424210526316,6.843621052631579,40.5084947368421,6.035200000000001,42.12653684210526,5.331200000000001,43.74243157894737,4.627200000000001,45.35456842105263,3.9232,46.86900000000001,3.4243368421052627,48.3276,3.0426947368421056,49.6842,3.294315789473684,50.99624210526316,3.6005052631578947,52.153673684210524,3.867284210526316,53.30842105263157,4.134063157894737,54.45994736842105,4.400842105263157,55.61576842105263,4.670315789473684,56.773199999999996,4.9408
209425,33,23.624403599999997,55.4409216,23.607976231578945,55.4601216,23.591548863157893,55.479321600000006,23.57512149473684,55.498521600000004,24.655386627350193,55.367442989645916,25.954990260170426,55.206308657221015,27.25459389299066,55.045174324796115,27.917944985510633,54.82052400662043,28.26316980788048,54.56411569556936,28.608394630250327,54.307707384518295,28.950331426957533,54.05262364693527,29.2889801980021,53.79886448282028,29.627628969046665,53.545105318705296,30.20220928057885,53.20336478624194,31.248652673086262,52.68566151708184,32.295096065593675,52.16795824792174,33.18583427957875,51.692324086367094,33.29804660095213,51.42703546283973,33.4102589223255,51.16174683931238,33.522471243698874,50.89645821578502
209425,34,33.88502097599999,50.427060223999995,29.91138421404637,54.25541836807399,28.93867366929668,55.54121259786338,28.2229170056008,56.83263291195826,26.541217517792653,59.07053550993971,25.71587957494737,60.101940914526324,25.128797960210527,60.43757171873685,24.549766335789474,60.48554182736842,23.975890768421053,60.42374433684211,23.380985538947368,60.33071339789474,23.036630210526315,59.967255578947366,22.784652631578947,59.55233684210526,22.32082105263158,59.394694736842105,21.85698947368421,59.23705263157895,21.371684210526315,59.07267368421052,20.847726315789473,58.89616842105263,20.383894736842105,58.73751578947368,19.920063157894734,58.574484210526315,19.4514,58.415494736842106,18.9006,58.2336
209425,35,30.060082379999987,9.030008896,30.074209272631567,9.116480400842105,30.088336165263147,9.20295190568421,30.102463057894727,9.289423410526316,29.857904261052624,9.903403243789475,29.561608326315785,10.622884742736844,29.265312391578945,11.342366241684212,28.869267972631576,11.959084800000001,28.423349311578946,12.524421888000003,27.977430650526316,13.089758976000002,27.372242666281753,13.378367480500602,26.60778535884526,13.3902474015018,25.843328051408765,13.402127322502997,25.229829612371056,13.404664662355572,24.91824891013092,13.388516839910903,24.606668207890788,13.372369017466232,24.26469112218433,13.359346135853357,23.770732119146274,13.361947958399464,23.276773116108213,13.364549780945572,22.782814113070152,13.367151603491678
209425,36,16.4934,2.9504,15.862073684210527,4.1926736842105266,15.230747368421053,5.434947368421053,14.599421052631579,6.677221052631579,13.968094736842104,7.919494736842106,13.336768421052632,9.161768421052631,12.705442105263158,10.404042105263159,12.074115789473684,11.646315789473684,11.3526,13.067789473684211,10.618200000000002,14.514863157894737,9.935336842105265,15.859536842105262,9.304010526315789,17.10181052631579,8.672684210526317,18.344084210526315,8.041357894736842,19.58635789473684,7.410031578947368,20.828631578947366,6.778705263157894,22.070905263157893,6.147378947368422,23.31317894736842,5.447599992713024,24.537586912132525,4.633733306614417,25.73221867781926,3.8198666205158105,26.926850443505998
209425,37,41.4664068,18.607097600000003,41.71152890526316,18.624680757894737,41.95665101052632,18.642263915789474,42.20177311578948,18.659847073684208,42.53138182105263,18.66135932631579,42.877887846315794,18.659657397894737,43.224393871578954,18.657955469473684,43.521380292631584,18.666320943157896,43.793606911578955,18.67972011789474,44.06583353052632,18.693119292631582,44.216966255130416,18.761367314790885,44.24700508539123,18.884464184372654,44.277043915652044,19.00756105395442,44.333579145766144,19.124310742843605,44.443107175586825,19.228366070347636,44.552635205407505,19.332421397851668,44.643245743876534,19.45595644690453,44.639268825587344,19.676890103701545,44.635291907298146,19.897823760498557,44.631314989008956,20.118757417295573
209425,38,73.8684,14.4768,74.30216842105263,14.474105263157895,74.73593684210526,14.47141052631579,75.21802105263158,14.467031578947369,75.7290947368421,14.461642105263158,76.2637894736842,14.447494736842105,76.86934736842105,14.407073684210525,77.4749052631579,14.366652631578946,78.3810947368421,14.260210526315788,79.33023157894736,14.144336842105263,79.9272,13.706442105263157,80.172,12.946526315789473,80.32070526315789,12.07578947368421,79.79674736842105,10.429305263157897,79.27278947368421,8.78282105263158,78.80358947368421,7.31418947368421,78.35264210526316,5.904842105263159,77.9000842105263,4.495494736842108,77.44484210526315,3.086147368421054,76.9896,1.6768
209425,39,88.23783564000001,2.79184896,88.44259237263158,2.7838790063157894,88.64734910526316,2.7759090526315786,88.86076349052631,2.7620120252631577,89.07937246736843,2.7445587536842107,89.40078928421053,2.739693136842105,90.03062962105263,2.7725904842105265,90.66046995789473,2.8054878315789473,91.25778947368421,2.7270736842105263,91.85046315789474,2.632757894736842,92.44313684210526,2.538442105263158,93.03581052631579,2.4441263157894735,93.62848421052631,2.3494736842105266,94.22115789473685,2.2524631578947374,94.81383157894737,2.1554526315789477,95.48058947368422,2.0483368421052632,96.17204210526316,1.9378526315789475,96.75397894736842,1.8455578947368423,97.15338947368421,1.7835789473684212,97.5528,1.7216
209425,40,50.898,58.6304,51.27378947368421,58.21069473684211,51.64957894736842,57.78795789473684,52.0404,57.34467368421053,52.4688,56.85423157894737,52.84834736842106,56.42947368421053,53.22413684210527,56.007073684210525,53.59831578947369,55.58366315789473,53.96658947368421,55.16395789473684,54.392842105263156,54.68362105263158,54.7986947368421,54.226189473684215,55.17341052631579,53.80244210526316,55.54168421052632,53.38273684210526,55.91586315789474,52.963031578947366,56.31742105263158,52.51301052631579,56.82849473684211,51.99898947368421,58.316621052631575,51.17844210526316,59.965799999999994,50.304,61.57203157894737,49.46694736842105,62.98500000000001,48.736
209425,41,80.6072034,43.516582400000004,80.36755708421052,43.605508715789476,79.36801801578946,44.01577330526316,77.30462909368421,44.87591147789474,75.63842119263158,45.5919843031579,73.99148619157894,46.3169494231579,72.16406127789473,47.15503063578948,70.53094614947369,47.9529942231579,68.80959404210527,48.77249077894737,65.04893134736842,50.04949692631579,62.182957894736845,51.09423157894737,60.211673684210524,51.90669473684211,57.93922105263158,52.84513684210526,56.03870404477999,53.68474816577814,54.93681617911995,54.30379266311257,54.62993365938931,54.47874158483474,54.593137613774786,54.5108571387685,54.58176502885848,54.568965146447354,54.60401990640632,54.54035318925066,54.65029439999999,54.44979839999999
209425,42,69.1401696,57.7394304,69.3160390736842,57.78227671578948,69.2806042736842,57.89703309473685,68.94934349052633,58.11246356210526,68.64378026526316,58.336829103157896,68.33849727157894,58.57710336,68.01863643789474,58.85974272000001,67.64458805052632,59.19459152842106,67.23136522105263,59.53056741052632,66.6852550736842,59.5917891368421,66.23504210526315,59.731536842105264,65.88072631578946,59.949810526315794,65.35515789473683,60.27553684210527,64.64652631578947,60.722863157894736,63.60290526315789,61.393852631578945,62.67524210526315,61.99511578947368,61.78515789473684,62.573136842105264,60.8897052631579,63.15115789473684,60.169332947368424,63.616,59.574018,64.0
209425,43,18.37169939999999,61.7286144,17.578515189473674,61.82259334736842,17.41950132315789,61.89377603368421,17.476261316842105,61.95870544842106,17.514090486315787,62.0298582231579,17.544006817894736,62.116595738947375,17.584232557894737,62.25452597894737,18.197630494736842,62.22207865263158,18.647210526315792,61.87957894736842,18.14043157894737,60.72488421052632,15.805168421052633,56.465515789473685,13.141894736842103,51.58433684210526,10.655242105263158,47.03494736842106,8.32266315789474,42.772210526315796,6.417947368421053,39.02416842105263,10.428157894736842,42.434694736842104,16.16485263157894,47.73288421052631,21.86074736842104,53.06374736842104,27.145421052631576,58.010273684210524,32.436,62.9568
209425,44,19.4208,33.1392,20.375305263157895,31.34248421052632,21.32981052631579,29.542736842105263,22.284315789473684,27.741305263157894,23.238821052631582,25.939873684210525,24.346863157894738,23.858189473684213,25.37223157894737,21.92741052631579,26.326736842105262,20.12597894736842,27.281242105263154,18.32454736842105,28.23574736842105,16.523115789473685,28.89337894736842,15.539873684210527,29.24662105263158,15.37818947368421,29.554768421052632,15.236715789473685,30.00464210526316,15.458357894736842,30.647778947368423,16.18122105263158,31.50672631578947,17.455157894736843,32.4912947368421,18.921768421052633,33.37923157894737,20.240168421052633,34.07283157894737,21.08665263157895,34.486200000000004,21.1904
209425,45,59.75519040000001,49.23337600000001,59.868195663157906,49.043902315789474,59.98120092631579,48.85442863157895,60.09420618947369,48.664954947368415,60.043443044210534,47.87499334736842,59.33760626526316,44.68308008421052,58.63176948631579,41.49116682105263,57.925932707368425,38.29925355789474,57.28691473263158,35.39668193684211,56.74812496421053,32.92812277894737,56.20933519578948,30.459563621052638,55.67054542736843,27.9910044631579,55.133748202105274,25.518955452631587,54.59827933894738,23.04457987368422,54.062810475789476,20.570204294736847,53.52734161263158,18.095828715789477,53.071834736842106,15.944210526315793,52.636318357894744,13.873281684210532,52.200801978947375,11.802352842105268,51.765285600000006,9.731424000000002
209425,46,75.11280000000001,29.92,76.47530526315788,30.52631578947368,78.4218947368421,29.3632,80.15374736842104,28.26307368421053,81.8464105263158,27.17877894736842,83.54497894736842,26.09818947368421,85.4480842105263,24.8832,87.24221052631579,23.741305263157894,88.93702105263158,22.65835789473684,90.63344210526316,21.573052631578946,92.93327368421052,21.206231578947367,96.52796842105262,23.07503157894737,100.26707368421052,26.84025263157895,100.81465263157895,29.35242105263158,98.12292631578947,29.402273684210527,97.69345263157895,29.56193684210526,97.31658947368422,29.707452631578946,96.93972631578947,29.852968421052633,96.55964210526315,29.99983157894737,96.12480000000001,30.1696
209425,47,87.8866272,32.7373504,87.8670324631579,32.89667671578947,87.84743772631579,33.056003031578946,87.8278429894737,33.21532934736842,87.09405048,33.65531893894737,83.50346688,35.21796163368421,79.91288328,36.780604328421056,76.32229968000001,38.3432470231579,72.73427960842106,39.9013929431579,69.15010482947369,41.452793701052634,65.56593005052633,43.00419445894737,61.981755271578955,44.55559521684211,58.404279637894746,46.10039936,54.831270101052645,47.64080576,51.25826056421054,49.18121216,47.68525102736843,50.721618559999996,43.64574631578948,52.46746105263158,39.489617810526326,54.264662568421045,35.333489305263164,56.06186408421053,31.1773608,57.8590656
209425,48,93.55520172,62.6585536,93.72001224631579,62.475648336842106,93.90620441401843,62.265105531547555,94.28483135420282,61.80582484702312,94.56576439834397,61.344495801634224,94.45592185831222,60.874973312787525,94.38562036010033,60.441675857243546,94.40758129280144,60.092903479405926,94.35578663464902,59.56856649213423,94.19335859021635,58.780882590711414,94.3146211711579,58.46703878736842,94.71957437747369,58.62703508210526,94.37933470610527,59.36549807157894,93.5422997829474,60.489605524210525,92.36635359884212,61.11177236210526,91.0451597314737,61.51882179368421,89.56913042242107,62.01000468210526,88.05439225294738,62.52222093473684,85.16011233473685,63.249180294736846,82.11255,64.0
209425,49,72.72051056400001,47.776993152,72.99843303473685,48.04551737263158,72.04250731421052,47.74381775157895,70.30682683736842,47.07739077052632,68.33543751315788,46.29112294736842,66.38812660421053,45.53565904842105,64.4523316831579,44.79774831157895,61.862342905263155,43.72421793684211,56.847067863157896,41.378327242105264,54.05624210526316,40.17818947368421,51.63615789473685,39.16901052631579,49.21607368421052,38.160505263157894,46.79598947368421,37.15604210526316,44.062926315789475,36.01448421052632,41.41522105263158,34.90829473684211,38.99513684210526,33.89911578947368,36.57505263157895,32.889936842105264,34.15496842105263,31.884126315789473,31.592621052631575,30.81734736842105,28.7742,29.6384
209425,50,68.2909365837224,50.71730170047884,68.31516238168031,50.71972714959291,68.31560073091448,50.75139608497565,68.28075920305567,50.69587949364942,68.30838397263159,50.79966750315789,68.06299165326317,50.1228699991579,67.30323776021054,47.929458684631584,66.27016622400001,44.92531411536842,65.39342380673683,42.48779928926316,64.43735051368421,39.87791959578947,62.13125280631579,34.293306644210524,60.75012631578948,30.639494736842103,59.58464210526316,27.521347368421058,58.60758947368421,24.79932631578948,58.34990526315789,23.485305263157894,58.57215789473685,23.03494736842105,58.802463157894735,22.570442105263158,59.00538947368421,22.14804210526316,59.21422105263158,21.730021052631578,59.415,21.312
209425,51,99.26639999999999,8.384,99.49080000000001,8.895326315789474,99.7211052631579,9.406652631578947,99.96912631578947,9.962442105263158,96.1264105263158,9.702063157894736,96.80899216526436,15.779505329835986,96.91897329625068,17.29868296455765,97.21721269324472,19.685531116640252,97.26441346736843,21.08588362105263,95.56552939389474,21.091266728421054,92.01196318294738,21.212333776842108,88.91380149347368,21.492147671578948,83.9699123431579,21.349808168421056,78.20876842105264,21.04016842105263,74.02354736842105,21.024673684210526,69.98756842105263,21.00917894736842,65.75188421052631,20.993684210526318,61.359978947368425,20.97818947368421,57.32238947368422,20.96774736842105,53.2848,20.9536
209425,52,65.6982,49.2416,64.8924,47.7696,64.0968,46.2976,63.1584,44.5824,62.352599999999995,43.1104,61.9854,42.5216,62.2098,43.7504,60.639,42.1248,59.29260000000001,40.7296,57.9564,39.3344,56.61000000000001,37.9392,55.039199999999994,36.3072,53.6928,34.912,52.346399999999996,33.5168,51.724199999999996,32.8512,51.846599999999995,32.9216,51.9486,32.9792,52.0404,33.0432,52.1424,33.1008,52.264799999999994,33.1712
209425,53,79.23360000000001,27.6288,79.19279999999999,28.512,79.152,29.3888,79.101,30.272,78.591,30.8544,77.163,30.3936,75.735,29.9264,74.3682,29.8688,72.9198,30.7328,71.6754,31.4752,70.431,32.2176,70.1454,29.536,70.0332,25.6192,69.9312,22.2592,69.8292,18.8992,70.89,19.2064,72.11399999999999,19.5712,73.16460000000001,19.8784,74.2152,20.1856,76.12259999999999,20.2496
209425,54,79.83539999999999,20.256,78.0691894736842,20.93978947368421,76.30244210526317,21.62357894736842,74.53086315789474,22.30736842105263,72.7013052631579,23.01338947368421,70.63983157894737,23.808336842105263,68.66532631578947,24.56993684210526,66.89374736842105,25.253726315789475,65.12431578947368,25.937515789473686,63.358105263157896,26.621305263157897,61.589210526315796,27.305094736842104,59.81763157894737,27.988884210526315,57.87211578947369,28.739368421052628,55.81064210526316,29.53431578947368,53.95585263157895,30.251452631578946,52.189642105263154,30.935242105263157,50.41913684210526,31.619031578947368,48.64755789473684,32.30282105263158,46.88081052631579,32.98357894736842,45.1146,33.664
209425,55,74.028927396,47.200314496000004,74.48726428863158,47.724495622736846,74.50060353189474,48.18403751410527,74.0457409203158,48.600016730947374,73.03842596242106,48.996865977263155,71.2841673183158,49.197883136,69.70604817410526,49.420997813894736,67.75362325894737,49.60724291368421,63.786352907368425,49.556105364210524,61.41581052631579,49.8074947368421,59.461705263157896,50.09044210526316,57.65791578947368,50.35452631578947,55.85412631578947,50.618610526315784,54.05033684210527,50.87898947368421,52.117705263157895,51.15856842105263,50.03475789473684,51.46206315789473,48.23096842105264,51.72614736842105,46.432547368421055,51.98686315789474,44.63358947368421,52.24791578947368,42.8298,52.512
209425,56,74.61837846,2.701272959999999,73.56507932526316,3.0587313515789467,72.43764202736843,3.4349446063157885,71.11882025052633,3.8859632505263155,69.91989195789475,4.478062484210526,68.8355052631579,5.008505263157895,67.76772631578947,5.424168421052632,66.64626315789475,5.858357894736843,65.42816842105263,6.332968421052631,64.35985263157896,6.750989473684211,63.282947368421056,7.169010526315789,62.21463157894736,7.581642105263158,60.79361052631579,9.903831578947365,59.425736842105266,12.58273684210526,58.11154736842106,15.239747368421053,56.793063157894736,17.896757894736844,55.39566315789474,20.711410526315788,53.91183157894737,23.70997894736842,52.589589473684214,26.36698947368421,51.275400000000005,29.024
209425,57,66.53707554,2.702617599999999,66.30639502421053,2.44254854736842,66.44052217894738,2.2164345263157887,66.55314542526317,2.013429221052631,66.46230240000001,1.7903696842105261,66.2623314,1.437898105263158,65.89575789473683,1.2304842105263158,65.51728421052631,1.0334315789473685,65.1388105263158,0.8343578947368423,64.7334947368421,0.6437052631578948,64.15370526315789,0.5274947368421053,63.050494736842104,0.9323789473684214,61.86675789473684,1.4174315789473684,60.68033684210526,1.9007999999999994,59.475663157894736,2.386526315789474,58.090610526315785,2.952421052631579,56.866610526315796,3.4495999999999993,55.67857894736843,3.9322947368421044,54.48893684210526,4.417347368421052,53.30519999999999,4.9024
209425,58,63.21759876,45.4173792,63.28826704421053,45.43372698947368,63.34983295578947,45.400715115789474,63.27262282105263,45.46875957894737,63.090221052631584,45.65322105263158,63.10632631578948,45.75932631578947,63.88152631578948,45.20050526315789,64.99010526315789,44.36176842105263,66.23504210526315,43.40682105263158,67.49876842105265,42.464,68.91603157894737,41.6,70.01924210526316,41.953347368421056,71.06930526315789,42.49397894736842,72.11883157894736,43.0362947368421,73.18499999999999,43.58770526315789,74.409,44.21928421052631,75.49127368421053,44.77810526315789,76.54241052631579,45.31873684210527,77.59730526315789,45.859368421052636,78.65220000000001,46.4
209425,59,88.2712998,27.2040128,87.87068658631578,26.495975107368423,87.38984570210526,25.717084328421056,86.83923107368422,24.88047023157895,86.27653041157896,24.079950922105265,85.74528397263158,23.327747435789476,85.05072852650365,22.500743641322575,83.34984964877734,21.096252509919296,82.4213941593564,20.036996410153694,81.82832309229431,19.124960025127166,81.20886915412419,18.192196716434314,80.39451643199165,17.25437877930408,79.67923585263158,16.289055663157896,79.3184242736842,15.265257768421055,76.63365188842106,13.28915759157895,73.52355872210528,11.139478029473688,70.40901363157896,8.98910484210527,67.29615250736843,6.8438433010526385,63.946560012631586,4.539475132631583,60.3206172,2.0489856
209425,60,69.7374,40.9344,70.2593279204839,39.790754024320364,70.03807428983393,38.53303461149574,69.69388923515555,37.16090514615548,69.65393724585097,38.06489618569922,69.53761409242107,39.98978151073685,68.64927904768423,41.49157177600001,67.0033214696842,43.408236914526306,65.12935659003048,45.127727952178766,62.865419717227304,46.377645233554205,61.195508687930115,47.29016462865733,58.65937068631579,48.34493436631578,56.22818715789474,48.85544336842106,53.98969000421054,49.40786115368421,52.35928421052631,49.04589473684211,50.40356842105263,49.27831578947369,48.38504210526317,49.51747368421053,46.26988421052632,49.768757894736844,44.31524210526316,50.007578947368415,42.1464,50.2656
209425,61,39.9652524,47.7250368,38.36687772,47.13280367157895,36.76850304,46.5405705431579,35.56686992210526,45.7622198231579,35.35709070947369,44.51857512421053,35.14731149684211,43.27493042526316,34.954256418947374,42.12975235368421,34.77374444210527,41.05842425263158,34.59323246526316,39.98709615157895,33.58056955240693,37.47457123126938,32.429214816881675,34.72184684108365,31.40540141551391,32.18965213696577,31.14683601909106,30.98063554925497,30.888270622668212,29.771618961544174,30.746338549401255,28.660152990078767,30.759917573675484,27.67875450694055,30.773496597949716,26.697356023802335,30.670494182546996,25.492271915825256,30.520859191273495,24.19771355791263,30.37122419999999,22.9031552
209425,62,32.299318979999995,24.965914880000003,32.57329801263158,23.022440286315792,32.21015439157895,21.229546981052632,31.661326105263157,19.462346105263162,31.248668835255266,17.925940412683506,30.809927416754526,15.914515194066103,30.273729915789474,13.904394442105264,26.299385448600017,11.841170933983875,20.17536725380817,9.40826826765378,14.95259089909512,8.069538678493233,11.81058,7.329650256842106,10.639512631578949,6.9436809431578945,9.73563157894737,6.56169660631579,8.388157894736844,11.88479999999998,7.22643157894737,18.423578947368412,5.9884736842105255,25.544421052631584,7.636042105263153,27.491705263157897,11.82609473684209,25.509052631578953,15.995747368421044,23.53448421052632,19.9818,21.6512
209425,63,84.73137960000001,27.5511616,84.7490953894737,27.66737212631579,84.73345468592201,27.76386137612145,84.41760554514212,27.682859137335953,84.15164309776503,27.640385537182354,84.08522742399916,27.75202649155636,84.04930670392366,27.904405126242633,84.08454087579237,28.15183834832419,83.86252661282653,28.163079578084048,83.25463969760884,27.82003281936135,83.44882880842104,28.235846534736844,84.44509394526314,29.410520724210524,80.0244865263158,31.99649131789473,71.99263073684213,35.523326181052624,63.96404431578949,39.03633222736842,55.93685905263159,42.543411637894735,47.93144810526317,46.04909544421052,39.931480736842126,49.554430349473684,23.02818407368423,56.58155991578947,5.1356285999999995,64.0
209425,64,57.575782716,47.98767539199999,57.494952912631575,48.039908446315785,57.41412310926316,48.09214150063157,57.333293305894735,48.14437455494736,56.932933632,48.65654573136842,56.468667984,49.260704532210525,56.004402336000005,49.86486333305264,55.82059236631579,50.451049128421054,55.777010235789476,51.02824842105264,55.73342810526316,51.605447713684214,55.55704777263158,52.23505037473684,55.24786923789474,52.91705640421053,54.9386907031579,53.59906243368422,54.64691057684211,54.25044971789474,54.38992726736843,54.84059951157895,54.132943957894746,55.43074930526316,53.87146534736843,56.07011233684211,53.58751023157895,56.95554155789473,53.30355511578948,57.840970778947366,53.019600000000004,58.7264
209425,65,35.4828624,23.862995199999997,35.508534189473686,23.323394357894735,35.75662771578948,23.04858162526316,36.126085673684216,22.866680623157897,36.54408650526316,22.686195267368422,36.97119003157895,22.526800404210526,37.46603336842106,22.356171115789476,38.04880768421053,22.31174972631579,38.61022105263158,22.268631578947367,39.077273684210525,22.13221052631579,39.544326315789476,21.99578947368421,40.08116842105264,21.837473684210526,40.58043157894737,21.690947368421053,41.05822105263157,21.696,41.567147368421054,22.1248,42.21135789473684,24.5248,42.94575789473684,27.24412631578947,43.64257894736842,29.8330947368421,44.28678947368421,32.236799999999995,44.931,34.6368
209425,66,46.163384493364084,48.478649658519515,43.30736791894737,49.48104151578947,36.708908186963654,55.29055151372431,32.22773425263157,59.26724715789473,31.103241050526318,59.4959420631579,29.86790197894737,58.91222905263158,28.885326315789474,57.89709473684211,27.203213842821953,58.29672780304944,26.778801543531635,56.92399656930011,23.931264855789475,57.14228847157896,18.42814256560644,59.797960734923464,14.173279242325272,61.85876473651868,10.376151773707432,54.58653793819471,7.864535587153247,46.96393363740481,6.107152294736838,40.47417242947368,5.719015452631577,37.47918127157895,6.210189473684211,32.294736842105266,6.13878947368421,28.790231578947374,6.073294736842105,25.073178947368422,6.0078000000000005,21.344
209425,67,69.67584560042924,42.75977300812614,69.45235509473684,42.65574298947368,68.78191038315789,41.53379880421053,67.55790791368422,40.013150282105265,66.43654149473686,38.51667570526316,65.99768381052631,36.571702231578946,68.1649894736842,36.030652631578945,70.77887368421052,35.67056842105263,73.34605263157894,35.31553684210526,70.05868040981518,32.85154643779769,66.61995590651297,30.142777945539784,65.92746361364806,28.429320125660173,66.14087248421053,27.10275469473684,67.59902744210525,25.20872370526316,69.44312055157896,23.202950804210534,71.13605170105264,21.43395765894737,74.87397612631578,17.602959494736854,76.08931578947369,16.158315789473683,75.5514,16.315957894736844,76.857,17.1776
209425,68,96.90953495999999,27.3892416,96.68969811789474,27.6964416,94.11080241978948,28.14088047157895,91.06089234568421,28.573006383157896,88.3715373903158,28.942843755789475,85.35605910189476,29.347952134736843,82.82892885473686,29.688576336842107,77.56903236631581,30.375433768421054,72.24928421052633,31.072673684210525,68.84248421052632,31.532463157894735,64.9611157894737,32.05793684210526,61.554315789473684,32.517726315789474,58.225357894736845,32.96741052631579,54.89962105263158,33.4170947368421,51.53630526315789,33.871831578947365,47.646884210526316,34.3973052631579,44.208410526315795,34.862147368421056,40.87837894736843,35.31183157894737,37.546736842105275,35.761515789473684,34.221000000000004,36.2112
209425,69,46.666162799999995,31.071494400000002,46.605879082105254,29.164577414736844,46.5711513031579,25.894486130526317,46.526388978947374,22.97431730526316,46.465163962105265,19.901094602105264,46.5414264631579,15.640259705263158,46.65104210526315,11.480926315789475,46.654799999999994,8.137431578947368,42.30914626444065,4.947297259156885,40.972156617614246,3.5697668760018413,40.255120626201254,2.454579730751987,38.49712702261001,0.9370947828392848,38.98116096944333,0.4861235445712299,39.17142758887985,0.40479101102513143,39.35046299436929,0.3918917409477677,39.29441567557894,0.45195929815578945,38.21952452052631,0.6593467499789474,36.46788131210526,0.9989455818105262,34.6110699031579,1.3683527248842107,32.478090300000005,1.799834624
209425,70,10.1964402,5.6746944,8.781217042105263,5.93170492631579,8.017837177894735,6.800261018947369,7.61349833368421,8.250674762105264,7.201424131578948,10.306363789473684,6.897426606315791,12.065852496842107,6.637329290526316,13.791125760000002,6.5493792,15.92552555789474,6.9947724,19.591490694736844,6.8844631578947375,22.261557894736843,6.69281052631579,24.5888,6.668115789473686,26.387536842105263,7.577526315789474,26.076294736842105,8.65818947368421,25.379705263157895,9.866084210526317,24.521431578947368,11.167389473684212,23.59713684210526,12.287242105263159,22.79545263157895,13.412463157894736,21.993768421052632,14.539831578947368,21.192084210526318,15.6672,20.3904
209425,71,58.02611496,15.77679552,56.827840863157896,16.440033515789473,55.990515562105266,16.48439558736842,55.51199168842106,15.941612261052631,55.62646875789474,14.718665094736842,55.40898328421053,13.091458357894737,55.067652631578945,11.258947368421053,55.18629473684211,9.686905263157897,55.36291578947368,8.117894736842107,55.63133684210526,6.908968421052632,56.119863157894734,6.8958315789473685,56.60838947368421,6.882694736842105,57.096915789473684,6.8682105263157895,57.58544210526316,6.850694736842105,58.138926315789476,6.836884210526316,58.674694736842106,6.823747368421053,59.16322105263158,6.810610526315789,59.651747368421056,6.793431578947368,60.140273684210534,6.777936842105263,60.628800000000005,6.7648
209425,72,42.01391219999999,57.072556799999994,41.612891147368416,57.43634627368421,41.05159593789473,57.522851267368424,40.371010171578945,57.486282812631586,39.58802558526316,57.42092469894737,38.67434421157895,57.342088993684214,37.829147463157895,57.286198905263156,37.07512695789474,56.96447562105263,36.342600000000004,56.63663157894737,35.56149473684211,56.496842105263156,34.675705263157894,56.335157894736845,33.8946,56.19098947368421,33.129599999999996,56.05254736842105,32.3646,55.914442105263156,31.59101052631579,55.77162105263158,30.697168421052634,55.60993684210526,29.906400000000005,55.46846315789474,29.141400000000004,55.329347368421054,28.3764,55.18922105263158,27.6114,55.0528
209425,73,42.942,26.1888,43.31242105263158,26.067536842105262,42.00574736842105,28.906778947368423,40.8144947368421,31.719073684210528,40.44085263157895,33.32075789473684,40.02211578947368,35.12454736842105,39.655989473684215,36.69254736842105,39.29362105263158,38.240336842105265,38.93125263157895,39.78846315789474,38.56136842105263,41.373305263157896,38.14263157894737,43.17709473684211,37.77274736842105,44.75755789473684,37.41037894736842,46.306694736842104,37.050694736842104,47.85616842105263,36.69154736842105,49.41978947368421,36.264757894736846,51.22863157894737,35.88950526315789,52.827284210526315,35.53143157894737,54.37608421052631,35.144905263157895,55.53381052631579,34.669799999999995,55.6096
209425,74,57.324000000000005,20.512,56.37056842105263,20.78147368421053,55.41713684210526,21.050947368421053,54.54691578947368,21.29684210526316,53.72662105263158,21.52858947368421,52.9074,21.760336842105264,52.0914,21.992084210526315,51.275400000000005,22.22383157894737,50.4594,22.455578947368423,49.6434,22.687326315789473,48.75653684210526,22.937936842105263,47.79881052631579,23.20741052631579,46.8588,23.472168421052633,46.0428,23.703915789473683,45.226800000000004,23.935663157894737,44.40757894736842,24.16741052631579,43.58728421052632,24.39915789473684,42.768600000000006,24.629894736842104,41.952600000000004,24.858947368421052,41.1366,25.088
209425,75,90.85188959999999,27.9669376,90.81349867484622,31.61089681933826,90.32266058158257,33.57431507290332,89.19839645296513,33.18497597438589,88.07512956755471,32.76404090929104,86.53917862945511,32.36855051409119,83.76457718736378,32.06835170852279,82.52801006526316,31.510254012631574,82.09445160315789,30.812402930526314,82.03479964105263,29.995708496842106,81.97849209789474,29.219971098947372,81.92552897368422,28.485190736842103,81.86955003157895,27.64002762105263,81.82508447368421,26.837389473684212,81.80419401473684,26.139870854736845,81.840006,25.425542736842107,81.81473684210526,24.73128421052632,81.38955789473684,24.16538947368421,80.37814736842105,23.755115789473685,78.94800000000001,23.456
209425,76,94.86372198,30.302022399999995,94.54505250631578,30.516590821052628,93.49636860852631,31.245851924210527,92.15389830347368,32.19835105684211,91.09087090263156,32.994094315789475,90.08004874989474,33.817294012631585,89.12082974463158,34.66327464421053,87.75711597473683,35.66160303157895,84.7793894968421,37.161700378947366,83.19442105263158,38.15612631578947,81.84157894736842,39.06627368421052,80.48873684210527,39.97642105263158,79.1358947368421,40.88656842105264,77.5999894736842,41.91898947368421,76.11401052631578,42.918063157894736,74.76116842105263,43.828210526315786,73.40832631578947,44.738357894736836,72.05548421052632,45.65187368421053,70.62211578947368,46.618947368421054,69.04379999999999,47.68
209425,77,91.05869270353784,5.27975255045076,87.75989965958345,5.752912157499492,83.68221396193546,6.554989584912141,80.95699089410526,7.205364291368416,80.08700651368422,8.078135915789474,79.46515395789474,9.00930357894737,78.82820389894736,9.977272589473685,83.77724899387299,17.63569877057354,86.01339723354393,21.299228177622602,88.15917770910701,24.777155727029058,90.00149251578947,27.96628412631579,88.31680344947368,28.460431427368423,85.62481402736843,28.879946240000002,82.7387122168421,29.33512501894737,77.97065425263159,29.513201178947366,73.88826315789473,29.72766315789474,70.38751578947368,30.05237894736842,66.61566315789474,30.40303157894737,63.206715789473684,30.718315789473685,59.79240000000001,31.0336
209425,78,59.06925264000001,17.181660800000003,57.78175581473685,17.393159242105263,56.4983523031579,17.593515115789476,55.15548000000001,17.79620210526316,53.658250560000006,18.02019267368421,51.37298071578948,19.147765894736843,49.530126315789474,19.88715789473684,48.06615789473684,20.282273684210526,46.60809473684211,20.673684210526318,44.93744210526316,21.121684210526315,43.35536842105263,21.546105263157894,41.89623157894737,21.937515789473682,40.430652631578944,22.328926315789474,38.97097894736842,22.72033684210526,37.40662105263158,23.14004210526316,35.71825263157895,23.592757894736845,34.26018947368421,23.984168421052633,32.79675789473684,24.37557894736842,31.333863157894736,24.76698947368421,29.875799999999998,25.1584
209425,79,49.425579,50.886533760000006,49.77641605263158,51.17432572631579,50.127253105263165,51.46211769263158,50.481163578947374,51.70982359578947,50.83691810526316,51.93347786105264,51.207430421052635,52.155649280000006,51.622216105263156,52.37337216000001,52.037001789473685,52.591095040000006,52.37538947368421,52.65695393684211,52.70286315789473,52.701117978947366,53.04053684210526,52.8282947368421,53.38841052631579,53.03848421052631,53.71927214794284,53.4139413093402,53.93104933148559,54.94627178406182,54.14282651502834,56.47860225878344,54.654736946305015,57.19777751848759,55.266691793493,57.64590103985258,55.839348824026445,58.068284338956474,56.34650949346899,58.4477672676252,56.853670162911534,58.82725019629393
209425,80,66.453,52.9856,67.65767368421052,53.054315789473684,68.86234736842104,53.12808421052632,70.22055789473684,53.211284210526316,68.03561052631579,48.8026947368421,66.81536842105264,45.325810526315784,68.19720000000001,44.85625263157895,69.65150526315789,44.36311578947368,71.22659999999999,43.82753684210527,72.60521052631577,43.40345263157894,73.84638947368421,43.706947368421055,74.8212947368421,45.45482105263158,75.90732631578946,47.54762105263158,76.91122105263157,49.47671578947369,77.60106315789474,50.38181052631579,77.67353684210526,49.14627368421053,77.23708421052632,46.06753684210527,76.80277894736842,42.84867368421053,76.50987847990538,39.837035277904896,76.07364555910114,34.208635140096476
209425,81,90.7479516,36.9816,88.75772717052631,36.011855157894736,86.76750274105264,35.04211031578947,84.77727831157895,34.072365473684215,82.78705388210527,33.10262063157895,80.55044458736843,32.00316378947369,77.57468069684211,30.514570947368423,74.5989168063158,29.02597810526316,71.62315291578948,27.537385263157894,68.64738902526315,26.04879242105263,65.68226942526316,24.556489263157896,62.72779411578947,23.060475789473685,59.77331880631579,21.564462315789477,56.81884349684211,20.06844884210527,53.86436818736843,18.572435368421058,47.4438015663158,15.324995368421055,39.867871174736855,11.493746526315796,32.29194078315791,7.6624976842105355,24.71601039157896,3.8312488421052677,17.14008,0.0
209425,82,52.262933399999994,24.760896000000002,55.683894757894734,23.95565136842105,58.311252631578945,23.33877894736842,60.28361052631579,22.87696842105263,62.55874736842105,22.33835789473684,64.63632631578947,21.850947368421053,66.59043157894736,21.394863157894736,68.54453684210526,20.93507368421053,70.49864210526316,20.47528421052632,72.52683157894737,19.998315789473686,74.80196842105262,19.46408421052632,76.8247894736842,18.987115789473687,78.77406315789473,18.528673684210528,80.72816842105263,18.073263157894736,84.69821062785337,17.62559308386124,87.92858213255447,17.118835272676034,89.38902613029096,16.51528531411143,90.69316386414907,16.03669731413417,92.17931271142189,15.57189105051295,93.8930043,15.1110144
209425,83,88.19799051241974,24.245798910356903,87.75285863419363,24.18525787586461,87.60463048421053,24.595959915789475,86.65093735578948,24.888814080000003,84.57794261052632,24.837853642105266,82.20342126315789,24.733733052631585,79.84966153263159,24.65647548631579,77.52724608000001,24.608408791578945,73.75925355789475,24.115155536842103,68.19558947368421,23.0528,65.2000105263158,22.7648,62.204431578947364,22.4768,59.20885263157895,22.1888,56.04685263157895,21.88564210526316,52.5852947368421,21.5552,49.589715789473686,21.2672,46.594136842105264,20.9792,43.594263157894744,20.691200000000002,40.45964210526316,20.389726315789474,36.9648,20.0512
209425,84,1.9176000000000073,54.4832,1.9363894736842133,54.64825263157895,1.9551789473684194,54.81330526315789,1.9739684210526267,54.98576842105263,1.992757894736838,55.176757894736845,2.0115473684210494,55.36774736842106,2.0281894736842085,55.54391578947369,2.0432210526315786,55.70896842105263,2.0582526315789487,55.874021052631576,2.301978947368418,56.34627368421052,2.583821052631571,56.86972631578947,2.8839157894736727,57.41911578947368,3.2935263157894625,58.124126315789475,3.703136842105253,58.829136842105264,4.144957894736834,59.582652631578945,4.62972631578947,60.40084210526316,5.114494736842104,61.219031578947366,5.6447390526315795,62.12311578947368,6.193173726315791,63.06155789473684,6.741608400000004,64.0
209425,85,6.823799999999991,15.424,8.77575789473684,14.829810526315788,10.61497894736842,14.270989473684208,12.29636842105263,13.761684210526315,13.97238947368421,13.252378947368419,15.647336842105263,12.743073684210524,17.322284210526316,12.23376842105263,19.1862,11.667873684210525,21.120978947368414,11.08075789473684,22.79592631578947,10.571452631578946,24.474094736842105,10.064168421052633,26.155484210526325,9.558905263157897,27.83096842105264,9.049936842105264,29.531684210526322,8.432842105263159,31.28393684210527,7.600168421052635,32.036052631578954,7.079747368421053,32.45049473684211,6.9194105263157875,32.84346315789474,8.039073684210525,33.23643157894737,9.15637894736842,33.629400000000004,10.271999999999998
209425,86,37.395984600000006,21.817561599999998,37.62709512631578,21.75743528421053,37.485236908421044,21.29118026105263,37.17505737789473,20.598996277894734,37.00743911368421,20.054714071578942,37.559534782105274,20.45973402947368,38.16514512631579,20.959321599999996,38.83750550526316,22.05015376842105,39.546473684210525,23.217515789473683,40.279263157894746,24.08016842105263,41.11673684210526,25.065431578947372,41.84254736842106,25.92808421052632,42.556010526315795,26.771873684210526,43.272694736842105,27.615663157894737,44.00118947368421,28.457094736842105,44.89503157894737,29.26551578947368,45.711568421052625,29.892042105263158,46.50877894736842,30.473094736842107,47.30813684210526,31.054147368421052,48.1134,31.635199999999998
209425,87,93.2382,55.9552,94.1154,55.3856,93.6258,55.6992,93.177,55.7568,92.7894,55.8016,92.3916,55.8528,92.004,55.8976,91.5552,55.9552,91.1676,56.0,90.78,56.0512,86.8326,56.3968,82.2324,56.8,78.285,57.1456,74.33760000000001,57.4912,70.3902,57.8432,65.78999999999999,58.2464,61.8426,58.592,58.4664,58.873599999999996,57.9462,58.803200000000004,57.334199999999996,58.72
209425,88,61.199999999999996,45.2992,60.633631578947366,45.63267368421052,60.067263157894736,45.966147368421055,59.500894736842106,46.29962105263158,58.95063157894737,46.62366315789474,58.46478947368421,46.90997894736842,57.97894736842105,47.196294736842106,57.493105263157894,47.48261052631579,57.007263157894734,47.768252631578946,56.52142105263158,48.052884210526315,56.03557894736842,48.337515789473684,55.54973684210527,48.622147368421054,55.107378947368424,48.887578947368425,54.69401052631579,49.14021052631579,54.280642105263155,49.392842105263156,53.867273684210524,49.64547368421052,53.72447368421052,49.77818947368421,53.64931578947368,49.88092631578947,53.57415789473684,49.98366315789473,53.499,50.0864
209425,89,71.553,16.665599999999998,71.44772209805365,16.32801068487808,71.80403838907144,16.97989531672983,72.07219552387197,18.869834772236608,72.37588882459367,21.19493807880431,72.40402087551608,22.278172573210316,71.67853619196273,23.12714381146278,71.29635967894737,23.207440168421055,69.94249561689473,23.766488562526312,68.20678097542105,24.550656390736837,66.01789069231579,25.812571648000002,62.89118107105263,28.569863410526317,60.45647368421053,30.461642105263156,58.39929473684211,31.82888421052631,56.0855052631579,33.37296842105263,54.04228421052631,34.72909473684211,52.00443157894737,36.08522105263158,49.76365263157896,37.5770947368421,47.635610526315794,38.99587368421053,45.593999999999994,40.352000000000004
209425,90,61.216422,12.533759999999994,61.46138305263158,12.548210526315785,63.13095525391997,15.158449631995879,65.83790127188175,19.741335332673657,66.34018984659696,21.296440499862225,66.86000520820897,22.794118663656597,67.50128902855948,24.574954083708338,68.750401042014,28.110559737343138,69.24287876842105,29.34559124210526,69.18673426421051,29.411717658947364,68.42278867578948,28.989751781052625,67.90899916105263,28.65756645052631,67.47619759263158,28.34254093473684,67.0567635536842,28.005523132631577,66.58280444842106,27.604573237894737,65.70381644210526,27.248712757894737,64.19264403157896,26.983593768421056,63.49661052631579,26.684294736842105,62.8685052631579,26.38214736842105,62.2404,26.08
209425,91,18.528687600000012,14.489222400000003,17.303613915789477,14.680211873684208,16.382387602105258,14.741789608421048,15.618446469473673,14.717052530526312,14.825708052631574,14.656266947368422,14.12133567157894,14.531352117894732,13.418872408421052,14.366890644210518,12.846047494736851,14.282504084210519,12.762005936842106,14.586913010526317,12.183094736842108,14.61018947368421,11.566800000000004,14.591326315789473,10.995600000000003,14.576505263157895,10.424399999999995,14.557642105263161,9.853200000000001,14.542484210526316,9.243347368421057,14.526315789473683,8.557698142967132,14.661431874997083,7.556672144507023,16.798278124956216,7.194236469306586,18.040933085924433,7.0810723273022536,18.90290096498185,6.956811912303948,19.723449824673295
209425,92,81.8599368,28.2950976,82.06754502315789,28.80964032,82.31680897263158,29.866922071578944,82.5312415931659,30.736577361309433,82.74206362688274,31.68576729109811,83.03805581932649,32.660466392089084,83.12145851568663,33.57127094786459,82.39962631578948,34.45394890105263,77.65139210526316,34.39677914947368,74.17619842105263,34.33979853473684,70.46798842105262,34.245789709473684,63.220942105263155,33.84375747368421,57.681000000000004,33.594947368421046,53.169915789473706,33.438315789473684,48.08494736842106,33.26450526315789,43.60875789473684,33.11124210526316,39.13256842105264,32.95966315789474,34.209726315789496,32.790905263157896,31.391305263157907,32.59688421052632,31.6914,32.352000000000004
209425,93,60.5676,8.556800000000003,60.96486315789474,8.745431578947368,61.36158947368421,8.933726315789473,61.75348421052632,9.118989473684211,62.14537894736842,9.304252631578949,62.537273684210525,9.489515789473684,62.950105263157894,9.683873684210525,63.41178947368421,9.899452631578944,63.84555789473684,10.102905263157892,64.23745263157895,10.288168421052632,64.62934736842105,10.475115789473683,65.02124210526316,10.66374736842105,65.56774736842105,10.512842105263156,66.21732631578946,10.135578947368419,67.54948629001787,8.626248824947568,69.1741809900434,6.631747146301231,70.14568570666714,5.652729376634948,70.95389292744042,4.927582584213678,71.72831341636876,4.213715143064605,72.49897982398099,3.5011009631679997
209425,94,82.059,14.3232,82.09335789473684,15.185515789473685,82.1346947368421,16.04783157894737,82.17764210526316,17.001094736842106,82.21683157894736,17.945263157894736,82.2511894736842,18.80757894736842,82.28554736842105,19.669894736842103,82.31990526315789,20.53221052631579,79.95672631578947,22.483873684210526,78.68011578947369,22.81263157894737,78.05308421052632,22.332968421052634,77.42336842105263,21.853305263157893,76.77593684210527,21.363536842105262,76.04583157894737,20.80303157894737,75.59313103841727,18.158648950964146,74.95770000241592,17.61986323759012,74.25535742566558,17.788463705446702,73.49564586659572,17.666117392905022,72.67860435789473,17.298543157894738,72.0283812,17.740480000000005
209425,95,81.579294,47.342835199999996,80.4754698631579,46.97353088,78.91975190526315,46.54715196631579,77.4953170736842,46.10722991157895,74.59635789473684,44.17145263157895,77.88204731730525,39.06025919426523,79.49889158599815,39.13577789122236,80.13067962169154,39.84221771648074,80.99411731578948,40.34708648421053,79.9830654,40.28912916210526,77.84194045263158,39.85905657263158,75.36062510526315,39.3507264,72.01252610526316,38.7286272,69.13774736842107,38.186442105263154,66.24202105263157,37.623915789473685,63.63833684210526,37.11865263157895,61.01747368421052,36.61002105263158,58.10456842105263,36.04412631578948,55.500884210526316,35.53886315789474,52.8972,35.04
209425,96,89.6348256,18.806982400000003,89.39977314947369,21.640769650526316,88.78554525473685,26.946626492631577,86.78427982011178,37.25814224404182,85.49436483157895,43.89978138947369,84.63909381157895,44.904119376842104,83.62741309263158,45.19219981473684,78.39364843853008,42.41721233407113,75.47798952631578,40.92014046315789,74.67885093157895,40.35752821894737,73.04347177894736,39.427111949473684,70.75650861527492,39.15020553173335,68.5874106631579,39.01565541052632,68.51414003684211,34.893533136842116,71.52695078991755,26.52653694243923,73.16142740046185,20.189265843640218,73.13598384631578,16.72528006736842,72.49312777263158,14.983780783157894,72.02523047368422,13.903750736842104,71.84101451970773,12.02217051188309
209425,97,71.4348126,11.5996096,70.8069220736842,11.53662012631579,66.77715948947369,12.037028884210521,63.32630246842105,12.422072757894732,59.8638821368421,12.74258829473684,56.490719589473684,13.003497431578941,52.48795667368421,12.947891199999994,48.74365263157895,11.590736842105263,48.65238947368422,8.819536842105261,48.81505263157895,9.756631578947365,48.95194736842105,10.569768421052634,49.08884210526316,11.377515789473687,49.22573684210526,12.184926315789475,49.38195789473684,13.089347368421054,49.530126315789474,13.956715789473686,49.667021052631576,14.767157894736844,49.93594890773162,15.462413221881757,50.34446033067967,15.902686681800438,50.41908133741382,16.180871511434734,50.48740472840032,16.446639164627072
209425,98,51.53109564,16.998856319999994,52.04122662947368,16.9524886568421,52.55173995789473,16.904038399999994,53.0656943368421,16.836844799999994,53.579339709473686,16.766024959999996,54.091749056842104,16.680700159999997,54.79625103157895,16.652271831578943,55.9489691368421,16.756601936842106,56.88754736842105,16.811115789473686,57.504915789473685,16.790905263157896,58.12496842105263,16.770694736842106,58.7477052631579,16.75048421052632,59.37044210526316,16.72825263157895,59.99317894736842,16.70467368421053,60.68731578947368,16.681094736842105,61.412052631578945,16.657515789473685,62.05518947368421,16.63663157894737,62.67792631578947,16.616421052631583,62.832,16.61136842105263,62.934,16.607999999999997
209425,99,91.45040622,9.885606399999993,91.67722200947368,9.783880084210523,91.90403779894737,9.682153768421053,92.13085358842105,9.58042745263158,92.29576579799999,9.381030602105268,92.213063688,8.790951612631579,92.130361578,8.200872623157892,92.047659468,7.610793633684204,91.96821063189473,7.046339301052624,91.89364170663158,6.5203219536842045,91.81907278136842,5.9943046063157865,91.74450385610527,5.468287258947367,91.65545583221052,4.8917826021052635,91.55675507589474,4.28161973894737,91.45805431957895,3.6714568757894765,91.35935356326317,3.061294012631582,91.09102532526316,2.3204695578947403,90.78029021684212,1.5469797052631613,90.46955510842106,0.7734898526315805,90.15882,0.0
209425,100,90.65397899999999,24.214726400000004,90.28775981052631,24.162629928421055,89.92154062105263,24.110533456842106,89.55532143157895,24.058436985263157,89.05213905789473,23.960477945263158,88.52156404736841,23.853346391578945,87.9909890368421,23.746214837894737,87.40788832105262,23.628703292631574,86.79852475263158,23.506001751578943,86.18916118421053,23.383300210526308,85.0324969284306,23.36893954133701,83.3285319852918,23.462919744011046,81.62456704215299,23.556899946685082,80.29701077439846,23.51245789853372,79.72227185741245,23.19117134873157,79.14753294042646,22.869884798929416,78.61272135822473,22.564462825326377,78.27754644994437,22.338363732718925,77.94237154166402,22.112264640111473,77.60719663338365,21.88616554750402
209425,101,93.1516938,0.6501567999999978,93.1516938,0.6501567999999978,93.1516938,0.6501567999999978,93.1516938,0.6501567999999978,93.1516938,0.6501567999999978,93.1516938,0.6501567999999978,93.1516938,0.6501567999999978,93.1516938,0.6501567999999978,93.1516938,0.6501567999999978,93.1516938,0.6501567999999978,93.1516938,0.6501567999999978,93.1516938,0.6501567999999978,93.78524210526317,1.9058526315789477,94.81597894736842,3.937347368421049,95.95208236127729,6.546579082857645,96.64030114458582,8.350234500016345,96.17722124246002,8.858294139862664,95.12813141557895,8.247140715789465,92.98739853473684,7.622442947368419,90.69743712,7.007711999999998
209425,102,67.12620000000001,35.660799999999995,66.98554736842105,35.43612631578947,66.8465052631579,35.21246315789474,66.64841052631579,35.00968421052631,66.14592631578947,35.141389473684214,65.51191578947368,35.40075789473684,64.81938947368421,35.678315789473686,64.19128421052632,35.93296842105263,63.53794736842105,36.20345263157895,62.86313684210526,36.47427368421052,62.229663157894734,36.72892631578947,61.56129473684211,37.003789473684215,60.901515789473684,37.270231578947374,60.58746315789474,37.74012631578947,62.27905263157894,39.688421052631575,64.46453684210528,41.90787368421053,66.62425263157895,44.099705263157894,65.08244210526317,45.59797894736842,62.386421052631576,46.61658947368421,60.0882,47.552
209425,103,80.3556,48.7552,79.15731403054113,48.0885735603551,78.51730812763886,47.083627853214445,77.8621437569861,46.23586211665333,76.39369423562854,46.25093417806299,74.50895980550621,46.38882798543515,73.57517921688074,46.332183560525415,73.43087002719408,46.07619221995761,73.47810596700491,45.650223850603126,73.61007403156343,45.19443803817384,73.54612140141369,44.7319714246545,73.40501307663159,44.28085201515789,74.06122687705263,43.90808319326315,74.39451691263157,43.03762160842105,74.55806543052631,41.80564242526315,74.61391907368422,40.28991865263158,74.68537694526317,38.99909082947368,74.77098543789474,37.70138620631579,74.86122183157894,36.39006888421053,74.9496,35.059200000000004
209425,104,79.7334,35.552,79.5294,36.14484210526316,79.3254,36.73768421052631,79.12140000000001,37.33052631578947,78.9743052631579,37.94021052631579,79.05483157894737,38.61726315789474,79.33023157894736,39.41658947368421,80.06033684210526,40.50122105263158,80.72816842105263,41.60202105263158,81.30258947368421,42.727073684210524,81.87701052631579,43.85212631578947,82.45143157894736,44.97717894736842,83.02585263157894,46.104252631578944,83.60027368421052,47.232673684210525,83.63731578947369,47.425010526315795,83.44405263157894,47.21616842105263,83.03175789473684,46.6112,82.56470526315789,45.907199999999996,82.09765263157895,45.20623157894737,81.6306,44.5056
209425,105,96.47639808,27.310368000000004,95.2476,24.840084210526314,94.146,22.62635789473684,93.56432556636945,17.86368197885839,91.97444953119104,16.442160625253777,90.3498359368421,14.164734315789465,89.60970867005587,13.918249333723457,89.53705597302901,13.976502715438608,89.64809001053922,14.187584536249481,90.84470643789474,14.139882442105261,91.27246555578947,16.122193919999994,91.32635827578947,19.339874627368417,91.41479861052632,22.96279309473685,91.27443157894736,28.819536842105254,91.2798,32.77574736842105,91.29,37.19915789473685,91.29751578947369,41.160084210526314,91.0044,44.33044210526316,89.70416842105263,44.85557894736842,88.5258,45.331199999999995
209425,106,79.7844,48.8576,79.1681052631579,49.102821052631576,78.55664210526317,49.351073684210526,77.9457157894737,49.59966315789474,77.32942105263159,49.84488421052632,76.6224,50.129515789473686,75.96423157894738,50.395621052631576,75.34954736842106,50.64454736842105,74.74076842105264,50.88976842105263,74.12554736842105,51.13498947368421,72.53595789473684,51.356631578947365,69.98703157894737,51.5493052631579,67.52185263157895,51.70964210526316,65.05667368421052,51.866273684210526,62.59471578947368,52.0218947368421,60.10752631578947,52.17953684210526,57.236494736842104,52.363452631578944,54.655357894736845,52.52715789473684,52.19017894736842,52.68277894736842,49.725,52.8384
209425,107,60.0678,52.288,60.164431578947365,52.55073684210526,60.25837894736842,52.81178947368421,60.34856842105263,53.07048421052632,60.43875789473684,53.332547368421054,60.57082105263158,53.63368421052632,60.82850526315789,54.05002105263158,61.55861052631579,54.82206315789474,62.52546315789474,55.772294736842106,63.49822105263158,56.72623157894737,64.47097894736842,57.67814736842105,65.44373684210527,58.62804210526316,66.55822105263158,59.722442105263156,67.40643157894736,60.689852631578944,67.69632631578948,61.377010526315786,67.47407368421052,61.86711578947369,67.0811052631579,62.290863157894734,66.68813684210527,62.71124210526316,66.25383157894737,63.174063157894736,65.78999999999999,63.6672
209425,108,73.77011279999999,37.4704192,72.72247488,37.62306600421052,71.76930592421051,37.75693914947368,70.87330184842105,37.87888461473684,69.98900307789472,37.99708540631578,68.96498857263157,38.12793391157895,67.13090058947368,38.36681667368421,64.96594736842106,38.65195789473684,63.78596842105263,38.812294736842105,62.59954736842105,38.97263157894737,61.652557894736844,38.930189473684216,61.07062105263157,38.620294736842105,61.23596842105263,37.92235789473685,61.401315789473685,37.224421052631584,61.56988421052632,36.524463157894736,61.74330746250715,35.84188768034469,61.92401193760713,35.42031520517039,62.11854611422315,34.72178981933217,62.311955047723316,33.912005412370654,62.49338115852343,33.101360863065224
209425,109,78.19044600000001,44.62212480000001,77.62562529473685,44.66539004631579,77.073903,44.702388715789475,76.55710979999999,44.72267651368421,76.03046984210526,44.73414787368421,75.49562425263157,44.738272202105264,74.94697484210526,44.73220345263158,74.38444484210527,44.74408892631579,73.71378410526316,44.958167915789474,73.09373684210527,45.111915789473684,72.56226315789473,45.160084210526314,72.02703157894737,45.21061052631579,71.48965263157895,45.26248421052632,70.95764210526316,45.314357894736844,70.2941052631579,45.242947368421056,69.03628421052632,44.61675789473684,67.23893684210526,43.36572631578947,64.79415789473684,41.36488421052632,62.34937894736842,39.36134736842105,59.9046,37.3568
209425,110,60.8848608,43.1632448,60.175423957894736,42.95558164210526,58.715914762105264,43.11304141473684,57.08912256,43.37229914947368,55.53644377263158,43.601668109473685,53.79806743578948,43.8530774568421,52.29699764210527,44.03211216842105,49.93592741052632,44.97571604210526,47.56045263157895,45.942568421052634,45.78135789473685,46.37642105263158,43.74404210526316,46.87157894736843,41.96494736842105,47.30981052631579,40.22557894736842,47.73625263157895,38.483526315789476,48.16235789473684,36.71731578947368,48.596210526315794,34.68805263157894,49.09136842105263,32.89070526315789,49.529936842105265,31.147042105263157,49.95705263157895,29.254848748393762,50.38420551656833,26.964531554870348,50.804976203699574
209425,111,15.949231019999985,51.872723199999996,14.491049112631577,50.62938644210526,13.047806930526313,49.382329936842105,11.622081315789469,48.131014736842104,10.219397501052635,46.87421911578947,8.548391305263154,43.89841515789474,6.98592631578947,41.66905263157894,5.521957894736842,40.09768421052631,4.0638947368421015,38.522610526315795,2.6058315789473694,36.95157894736842,2.1887052631578956,36.10981052631578,2.8007052631578944,35.999326315789475,3.341842105263163,35.905010526315785,3.8770736842105302,35.80698947368421,4.413915789473685,35.70997894736842,4.91257327935115,35.60260462876967,4.858999190267312,35.32546943154502,5.322277169434539,35.20974551650239,5.998245470505038,35.15971952626091,6.684922861860656,35.11173367749044
209425,112,89.15167404,4.934869759999998,88.13158170315789,4.854053254736839,87.03078814736841,4.780617431578944,85.20368362105263,4.77360774736842,83.46606315789474,4.755873684210527,82.08637894736842,4.695242105263158,80.76467368421052,4.636631578947369,79.57825263157895,4.582736842105265,78.8213052631579,4.435873684210529,78.70856842105263,4.149557894736843,78.47504210526316,4.1664,78.12072631578947,4.486400000000002,77.57314736842106,5.069136842105264,76.89672631578948,5.827031578947368,76.28418947368422,6.509473684210526,75.69903157894737,7.159578947368421,75.11816842105263,7.8096842105263145,74.53837894736843,8.459789473684207,73.95375789473684,9.106863157894734,73.3686,9.753599999999999
209425,113,56.977199999999996,44.3584,58.64570526315789,44.41027368421052,60.57994736842105,44.26812631578947,62.76274736842105,44.007410526315795,65.19786315789474,43.71974736842106,67.01185263157895,43.56345263157895,67.87187368421053,43.71907368421052,68.05225263157894,44.101052631578945,68.23263157894736,44.48303157894737,68.44522105263157,44.9216,69.24565263157895,45.77515789473684,70.80142105263158,47.15957894736842,73.39436842105263,49.29583157894737,74.83578947368422,50.472421052631574,75.31572631578948,50.843621052631576,74.93617894736842,50.493642105263156,74.60548421052631,50.19183157894737,74.27478947368421,49.89002105263158,73.9440947368421,49.58652631578947,73.6134,49.28
209425,114,96.828558384,30.651813119999993,95.32275351410526,28.662801381052635,94.49531800177095,24.192573885112218,93.2731910190222,22.707826401133975,91.94601054002875,22.171768687021785,90.49739366066765,21.10514041890629,89.28506115789473,20.162502399999997,88.7183142631579,20.019188042105256,88.4621332105263,19.86184909473684,88.26538768520773,19.669446630270457,87.90859653373901,19.62731230486827,87.78739570738496,19.430700230556827,87.87853718247537,19.220900599016623,87.77189760321569,19.20586705431782,87.23637827368421,19.54143292631579,84.89041649684211,24.474053322105274,81.10992672,33.55741813894736,77.97198755368422,41.142012261052614,74.94247760842106,48.52015636210526,72.4038432,54.7302336
209425,115,67.78757615999999,43.070848,66.51270972631579,43.62967578947368,65.17713332210525,43.56447663157894,63.69583907368422,43.410997894736845,61.588136842105264,42.76749473684211,60.34266315789474,42.70854736842105,60.09893684210526,43.200336842105266,59.85896842105263,43.69212631578947,59.59484210526316,44.218947368421055,59.324273684210524,44.75890526315789,58.545852631578946,45.65490526315789,56.940694736842104,47.18113684210526,54.91357894736843,49.062063157894734,52.961621052631585,50.86787368421052,51.11488421052632,52.57701052631579,49.66272631578947,53.894063157894735,49.1495052631579,54.25515789473684,48.874642105263156,54.392926315789474,48.60622105263158,54.53372631578948,48.348,54.6688
209425,116,66.30000000000001,50.3936,67.69793684210528,48.92698947368421,69.09587368421053,47.457347368421054,70.15882105263157,46.33364210526316,70.3842947368421,46.07898947368421,70.01655789473683,46.44614736842105,69.63325263157894,46.828799999999994,69.27410526315789,47.18618947368421,68.92086315789474,47.53987368421053,68.56762105263158,47.8976,68.18055789473684,48.28429473684211,67.76933684210526,48.69052631578948,67.41609473684211,49.04421052631579,66.3187894736842,49.68690526315789,64.93803157894737,50.44075789473684,63.432189473684204,51.246821052631574,61.69604210526315,52.17111578947369,60.137052631578946,53.001094736842106,58.648926315789474,53.79334736842105,57.1608,54.5856
209425,117,83.8818012,34.651795199999995,84.36818014736842,34.363795200000006,83.19812451157894,33.37831016421053,81.68041884,32.293721903157895,80.40794618526316,31.35607504842105,78.95210931157895,30.299781490526318,77.70172856842105,29.299357305263158,74.92002322105263,28.030363957894735,72.1301052631579,26.787031578947367,70.45086315789474,25.76505263157895,68.53433684210526,24.602947368421052,66.84811578947368,23.580968421052628,65.20215789473684,22.58054736842105,63.556736842105266,21.58181052631579,61.88823157894737,20.57498947368421,59.971705263157894,19.407831578947366,58.27421052631579,18.3781052631579,56.62717894736843,17.38004210526316,54.978536842105264,16.380968421052632,53.3358,15.385599999999997
209425,118,44.879999999999995,11.904000000000003,43.26947368421053,13.212631578947368,41.830200000000005,14.387873684210524,40.456957894736846,15.512252631578944,39.086400000000005,16.63393684210526,37.709399999999995,17.755621052631575,36.11444210526316,19.05178947368421,34.6596,20.23915789473684,33.2826,21.363873684210525,31.905600000000007,22.48555789473684,30.5286,23.607242105263154,28.9561894736842,24.890947368421052,27.488999999999994,26.090442105263158,26.112,27.215494736842103,24.734999999999992,28.33717894736842,23.357999999999997,29.458863157894736,21.800621052631584,30.730105263157892,20.318400000000004,31.939031578947368,18.9414,33.062063157894734,17.564400000000006,34.1888
209425,119,67.881,46.540800000000004,67.65069473684211,46.50374736842105,67.1498210526316,46.40303157894736,65.92743157894738,46.13254736842105,64.70826315789475,45.864084210526315,63.491778947368424,45.59730526315789,62.11102105263158,45.291115789473686,60.712010526315794,44.98054736842106,59.49552631578947,44.713768421052634,58.2768947368421,44.445642105263154,57.05450526315789,44.17515789473684,55.835873684210526,43.90703157894737,54.61938947368421,43.640252631578946,53.220378947368424,43.32968421052632,51.83962105263158,43.02349473684211,50.62313684210527,42.75671578947368,49.40396842105263,42.488252631578945,48.18157894736842,42.21776842105263,46.96348421052632,41.94997894736842,45.747,41.6832
209425,120,71.1654,23.449599999999997,71.29424210526315,23.95082105263158,70.92757894736842,24.241852631578947,70.45193684210525,24.487747368421054,69.94193684210526,24.752168421052634,69.40294736842105,25.02703157894737,68.92193684210527,25.269557894736838,68.44092631578947,25.512084210526314,68.06513684210528,26.046989473684214,67.84020000000001,27.209094736842108,67.68988421052632,28.534905263157896,67.55245263157894,29.758315789473684,67.41502105263157,30.9824,67.27758947368422,32.2112,67.116,33.62694736842105,66.97212631578948,34.90155789473685,66.83469473684211,36.124968421052635,66.69726315789472,37.3504,66.55499999999999,38.61658947368421,66.39179999999999,40.044799999999995
209425,121,75.9084,56.1984,75.73875789473685,56.67031578947368,75.58951578947368,57.097431578947365,75.42202105263158,57.569347368421056,75.27063157894737,58.00286315789474,75.1144105263158,58.46265263157895,74.95604210526315,58.90829473684211,74.80089473684211,59.342484210526315,74.63286315789473,59.813726315789474,74.48362105263158,60.240842105263155,74.31773684210526,60.712757894736846,74.1658105263158,61.14627368421053,75.03764210526316,60.3941052631579,77.0185894736842,58.32791578947369,79.06073684210526,56.18863157894737,78.28177894736842,54.0122947368421,75.49073684210526,51.989221052631585,72.43395789473685,49.77751578947369,69.64989473684211,47.75747368421053,66.5958,45.5424
209425,122,40.871399999999994,61.056,41.24933684210526,61.04488421052631,41.64337894736842,61.033768421052635,42.080368421052626,61.02265263157895,42.48514736842105,61.01355789473684,42.86308421052632,61.006147368421054,43.24102105263158,60.995705263157895,43.61842105263158,60.98492631578947,43.99045263157895,60.977515789473685,44.38825263157894,60.96875789473684,44.83114736842106,60.95764210526316,45.285315789473685,60.84749473684211,45.74592631578947,60.68075789473684,46.61453684210526,59.79991578947369,47.523947368421055,58.847663157894736,48.433357894736844,57.895410526315786,49.41255789473684,56.870736842105266,50.47550526315789,55.759157894736845,51.42678947368421,54.76075789473685,52.3362,53.8048
209425,123,82.7012226,18.308569600000006,82.66095944210527,17.969201178947372,82.62069628421052,17.62983275789474,82.5804331263158,17.290464336842106,82.0398708663158,16.66981369263158,79.49811219789474,14.924034155789473,76.95635352947369,13.178254618947367,74.41459486105263,11.43247508210526,71.98704215684211,10.129364951578944,69.73079839894737,9.490258930526313,67.47455464105263,8.851152909473681,65.2183108831579,8.21204688842105,62.96080978736842,7.572905903157893,60.702470466315795,6.933741608421052,58.444131145263164,6.29457731368421,56.18579182421053,5.6554130189473675,52.062210284210536,4.363879073684212,47.4723181894737,2.909252715789477,42.88242609473685,1.454626357894738,38.292534,0.0
209425,124,32.0382,13.529600000000002,32.512768421052634,14.440084210526313,33.06786315789474,15.481936842105263,33.56390526315789,16.427452631578948,34.044378947368415,17.334231578947367,35.15134736842105,18.514863157894734,36.925073684210524,20.039747368421054,38.77932631578947,21.635368421052632,40.440315789473686,23.06223157894737,42.1013052631579,24.493473684210525,43.76229473684211,25.919326315789473,45.68096842105264,27.571536842105264,47.39027368421053,29.039831578947368,49.05126315789474,30.465684210526312,50.71225263157895,31.891536842105264,52.50208421052632,33.430568421052634,54.34023157894737,35.012042105263156,56.00122105263158,36.437894736842104,57.66221052631579,37.86442105263158,59.3232,39.296
209425,125,77.1426,46.5536,77.89632631578948,46.3653052631579,78.41706315789475,46.22652631578948,78.67743157894738,46.135915789473685,78.20984210526316,46.11402105263158,77.64776842105263,46.09751578947368,77.02664210526315,46.08505263157895,76.40551578947368,46.0762947368421,75.71191578947368,46.0645052631579,75.01187368421053,46.051368421052636,74.39772631578947,46.03823157894737,73.77821052631579,46.02509473684211,73.15708421052632,46.013305263157896,72.53595789473684,46.00454736842105,71.82625263157894,45.98837894736842,71.14338947368421,45.97423157894736,70.52924210526317,45.96547368421052,69.90865263157895,45.952673684210524,69.28752631578948,45.93953684210526,68.66640000000001,45.9264
209425,126,39.8656392,14.433728000000002,40.147481305263156,13.749466947368422,40.86681128842105,12.627073010526313,41.76705298105263,11.307886821052625,42.51195189473684,10.105237894736833,43.11626410105263,9.023828884210518,43.69539862736842,7.937428884210519,44.47108951578947,6.8767932631578885,46.006986189473686,5.9499991578947355,45.62728421052632,6.177347368421052,44.97716842105263,6.566400000000001,44.37697894736842,6.925473684210529,43.78323157894737,7.28858947368421,43.183578947368424,7.648000000000001,42.54044210526316,8.032673684210529,41.848452631578944,8.448336842105267,41.24718947368421,8.811452631578947,40.651294736842104,9.1712,40.054863157894744,9.5296,39.4536,9.887999999999998
209425,127,78.052720296,14.695238015999998,75.2294630368421,13.904640572631571,72.47521340526316,13.832261086315787,69.93631449473685,13.354842341052628,64.59726836842106,12.578070568421051,60.90473684210526,12.009431578947366,57.63536842105263,11.490357894736842,54.163073684210524,10.93793684210526,50.66715789473684,10.381810526315789,47.40745263157895,9.85701052631579,44.10050526315789,9.329852631578945,40.56486315789474,8.745768421052633,38.82817894736842,8.202105263157897,38.452926315789476,7.636547368421052,38.02452631578947,6.992168421052632,37.649273684210534,6.422231578947369,37.270263157894746,5.8566736842105245,36.86441052631579,5.242947368421055,36.468221052631584,4.642357894736841,36.087599999999995,4.076799999999999
209425,128,58.7112,57.6192,59.02686315789474,56.531873684210524,59.382789473684205,55.54391578947368,59.79508421052631,54.69507368421053,60.212747368421056,53.84286315789474,60.647589473684214,52.95562105263158,61.130747368421055,51.965305263157894,61.56666315789474,51.06661052631579,61.959094736842104,50.24336842105264,62.13303157894737,49.74618947368421,61.70141052631579,50.12816842105263,60.664231578947366,51.389305263157894,59.47351578947368,52.843115789473686,58.32467368421053,54.24437894736842,57.287494736842106,55.505515789473684,56.25514736842105,56.76665263157895,55.22333684210526,58.02778947368421,54.186157894736844,59.288926315789475,53.265473684210534,59.92050526315789,52.428000000000004,60.1024
209425,129,36.14880000000001,15.8656,36.374273684210536,15.813726315789475,36.6239052631579,15.752757894736842,36.876221052631585,15.689431578947366,37.101694736842106,15.632842105263157,37.32716842105263,15.576252631578946,37.55264210526315,15.519663157894737,37.958494736842106,15.183157894736842,39.02573684210526,13.820294736842104,39.96413684210526,12.627200000000002,40.88106315789473,11.46004210526316,41.797989473684204,10.29052631578947,42.71491578947368,9.121010526315786,43.74994736842105,7.7995789473684205,44.75276842105263,6.519578947368421,45.66969473684211,5.350399999999998,46.586621052631585,4.185600000000001,47.43375789473684,3.182484210526318,48.10266315789473,2.6684631578947364,48.501000000000005,2.9183999999999983
209425,130,75.4392,53.824,75.70976842105263,53.80042105263158,75.55998947368421,53.579789473684215,74.9640947368421,53.16614736842105,73.83672631578948,52.54366315789474,72.70935789473685,51.921178947368425,71.58198947368422,51.30138947368421,70.53353684210526,50.67553684210527,69.77444210526316,50.02004210526316,69.65311578947369,49.514105263157894,69.63808421052632,49.03545263157895,69.62305263157896,48.558484210526316,69.60802105263157,48.07747368421053,69.58708421052631,47.537178947368425,69.56775789473683,47.01507368421053,69.55272631578947,46.53844210526316,69.5376947368421,46.05743157894737,69.52266315789474,45.579789473684215,69.50494736842106,45.073178947368426,69.48240000000001,44.512
209425,131,66.0858,29.152,66.05305263157895,31.910736842105266,66.02835789473683,34.66947368421052,65.99131578947369,37.557557894736846,65.95051578947368,40.59654736842106,66.07237894736842,42.20328421052631,66.36549473684211,42.542821052631574,66.68867368421054,42.92008421052631,67.9889052631579,44.22703157894737,69.81202105263158,46.03688421052632,71.68721052631578,47.8912,73.43785263157895,49.67882105263158,72.63742105263158,49.28808421052632,71.8369894736842,48.89431578947369,70.98341052631578,48.47494736842105,70.12392631578948,48.05221052631579,69.32349473684211,47.66315789473684,68.52306315789473,47.26905263157895,68.91817894736842,45.93381052631579,70.4412,43.9296
209425,132,6.494978520000018,14.542690176000015,6.0634729957894855,14.09461771452632,6.153102918947371,14.049140901052631,6.6869884199999925,14.347204564210527,7.191690539999993,14.626770138947366,7.746035093684203,14.934957995789471,8.315471513684203,15.250135612631576,8.797267332631574,15.505367814736838,10.037395894736834,16.41460042105263,11.401989473684203,17.43258947368421,12.058010526315789,17.844210526315788,12.896557894736842,18.39056842105263,13.8006,18.98812631578947,14.7288,19.60993684210526,15.657,20.228042105263153,16.5852,20.84715789473684,17.513399999999997,21.468968421052633,18.583326315789463,22.183747368421052,19.59097894736841,22.85978947368421,20.512199999999993,23.4816
209425,133,71.3992452,8.553958399999999,70.88176044,8.34947732210526,70.24269500842105,8.20130182736842,69.51205945263158,8.103777010526315,68.9331264568421,8.034917187368418,68.39692008,7.947441044210524,67.71314987368422,7.844927326315789,66.07090585263157,7.72370054736842,64.91816842105263,7.598484210526315,64.01358947368422,7.475536842105262,63.211010526315796,7.366063157894738,62.40843157894737,7.253221052631579,61.94728421052632,7.129936842105263,62.25435789473684,6.985431578947369,63.14605263157895,6.800168421052634,64.09304210526315,6.617600000000003,64.95843157894737,6.451200000000002,65.81737894736843,6.284800000000001,66.6757894736842,6.1204210526315785,67.5342,5.9583999999999975
209425,134,60.72775836,5.969220736000004,58.851052200000005,8.569079141052631,57.14684210526316,10.937599999999998,55.45901052631579,13.282694736842103,53.57254736842105,15.890526315789472,51.944305263157894,18.156799999999997,50.331631578947366,20.394105263157893,48.71573684210526,22.62938947368421,47.09984210526316,24.864673684210523,45.25847368421053,27.42332631578947,43.51481052631579,29.847242105263156,41.905357894736845,32.08252631578947,40.28946315789474,34.317810526315796,38.67356842105263,36.553094736842105,36.94493684210526,38.95006315789474,35.2512,41.5653052631579,35.9652,44.21557894736842,36.93688421052632,45.06037894736842,38.008957894736845,45.18467368421053,39.0762,45.312
209425,135,21.644400000000005,39.8144,23.0171052631579,38.41717894736842,24.616894736842113,36.68581052631579,27.346736842105255,32.8832,30.588726315789476,28.139452631578948,30.91083157894737,27.389642105263157,30.80775789473684,27.25221052631579,30.696094736842095,27.11477894736842,30.603646571376956,27.05353929819481,30.670233126535948,27.625211829329707,30.486736868589848,27.15304935729274,30.28133205119294,26.87049490022374,30.19588791789474,26.06238790736842,30.164216810526305,23.758594863157892,30.19840903578947,21.782388277894736,30.27542762526316,19.884257077894727,29.918210526315793,16.4544,29.388347368421055,14.910315789473685,28.174010526315794,14.4192,27.0402,13.964799999999997
209425,136,72.6648,58.6944,72.01736842105264,58.82778947368421,71.36993684210526,58.96690526315789,70.62802105263158,59.11713684210527,69.97092631578947,59.25861052631579,69.32564210526317,59.393347368421054,68.22457894736841,59.35157894736842,66.31127368421052,59.0362947368421,64.27395789473684,58.65128421052631,62.360652631578944,58.29086315789474,60.44734736842105,57.93313684210526,58.392315789473685,57.54846315789474,56.53215789473684,57.13246315789473,55.67857894736842,56.68581052631579,55.66891578947368,56.170442105263156,55.659252631578944,55.636210526315786,55.567452631578945,54.73583157894736,55.06389473684211,52.33414736842105,54.551747368421054,49.92707368421053,54.0396,47.519999999999996
209425,137,59.4520464,1.7349535999999972,59.98824429473684,1.9087304421052593,60.11451363789473,2.073302046315785,59.1476401768421,2.213326349473681,58.0813688968421,2.3811798399999966,56.932266101052626,2.5722243199999957,56.61132106105263,2.985726517894731,56.512529658947365,3.4609181305263084,56.79492406736842,4.0586534063157815,56.83129705263158,4.620118736842099,56.43713254736842,5.118111663157892,56.541821052631576,5.773136842105263,56.93156842105263,6.517894736842104,57.267631578947366,7.161599999999998,57.519870281937465,7.935399498546524,57.41905683259353,9.340096740552418,57.55130652287247,10.254705593094505,57.96323198069886,10.581208378280023,58.42732249965329,11.00516008794066,58.91097491653075,11.465655144279467
209425,138,19.866417600000005,48.8782336,20.260996547368432,48.61246517894737,20.520892976842106,48.35075179789474,20.704158846315778,48.10182709894737,20.8539133136842,47.854561818947374,20.99604548210526,47.56221251368421,21.081183915789474,47.303092547368415,20.671045136842103,46.64576808421052,19.678484210526314,45.64412631578947,18.146336842105274,44.398821052631575,16.390863157894742,42.97397894736842,14.85173684210527,41.724294736842104,13.350726315789476,40.504589473684206,13.060831578947363,39.80058947368421,15.267252631578948,40.15124210526316,18.60104210526315,40.88387368421053,21.554747368421047,41.53566315789473,24.40913684210526,42.16454736842105,27.26191578947368,42.792421052631575,30.120599999999996,43.424
212200,1,51.4028592,30.20064,50.04575867292416,30.19652820103134,45.68942354113853,29.967347720324597,44.41473973318748,29.480076073948254,42.574652743706594,28.804657546939296,42.283784025473686,28.665085952,39.55987684028048,32.67261827721851,38.821795088404215,33.84382181187885,37.40254071192002,35.58940285917629,36.50707283652632,36.82468591831579,39.812609131578945,35.21602930526316,43.052737642105264,33.73866522947368,46.321614852631576,32.32273394526316,52.491347368421046,28.426442105263163,56.34748421052632,26.394273684210525,60.20523157894737,24.361094736842105,64.5472105263158,22.06922105263158,68.40871578947367,20.039747368421057,72.26753684210526,18.005894736842105,76.6122,15.7184
212200,2,83.4387642,23.204614400000004,83.56801736526316,22.951966214736846,83.69727053052631,22.699318029473687,83.83238719263157,22.45287858526316,83.98216259684212,22.221960993684213,84.13193800105265,21.991043402105262,84.2856390094737,21.776338829473683,84.44228422105265,21.57379402105263,84.59892943263159,21.37124921263158,85.42049041894738,21.581874458947368,86.35287070105264,21.86136138105263,87.44446149473684,22.24432572631579,89.49131535789475,23.248154610526317,91.53816922105264,24.25198349473684,93.55976842105264,25.25002105263158,95.54769473684212,26.240336842105265,97.53562105263158,27.23065263157895,99.12896842105263,28.222652631578946,100.56448421052632,29.215326315789472,102.0,30.208
212200,3,50.031,60.1088,50.45617894736842,59.71166315789474,50.881357894736844,59.31452631578948,51.30653684210527,58.91738947368421,51.73171578947368,58.52025263157895,52.156894736842105,58.12311578947369,52.58207368421053,57.725978947368425,53.00403157894737,57.32884210526316,53.42437894736842,56.931705263157895,53.887673684210526,56.49751578947369,54.38532631578948,56.03368421052632,54.81641052631579,56.4416,55.16428421052632,57.9392,55.63616842105263,59.351915789473686,56.35607368421053,60.594863157894736,57.30360000000001,61.55755789473684,59.0478,61.539368421052636,60.764621052631576,61.52151578947369,62.26241052631579,61.506357894736844,63.7602,61.4912
212200,4,61.0878,10.9632,58.3848,8.9664,55.6818,6.9696,52.519800000000004,4.64,49.8168,2.6432,48.7968,2.2656,47.980799999999995,2.208,47.2974,2.1504,45.39,2.7136,43.4928,3.2768,41.9424,3.5072,40.6164,2.9952,38.964,2.9632,37.3116,2.9248,35.3838,2.8864,33.7212,2.848,34.047599999999996,2.3872,35.3532,1.7024,36.6588,1.024,38.1786,0.224
212200,5,21.0784326,11.046892799999995,20.907394705263158,11.066294905263154,21.46066960105263,11.147333355789472,22.507183266315792,11.259514509473684,23.44707531157895,11.410173776842106,24.31953628421053,11.613747536842105,26.145038336842106,11.6999808,27.791778947368424,11.80901052631579,29.04584210526316,11.939705263157895,30.224747368421053,12.0576,31.40365263157895,12.175831578947369,33.95229898613246,12.706272072395393,36.71548854606056,13.30676583318062,37.12936911633093,13.211116919550374,37.86231427994964,13.203000847843493,38.95316330526315,13.271245136842099,39.15637726105263,12.385821069473678,42.75221225052631,9.643317995789477,45.95834829473684,7.21041785263158,49.190189520000004,4.7812518399999995
212200,6,34.7412,6.7456,35.75583157894737,7.2064,36.77958947368421,7.6672,37.80388421052632,8.128,39.10196842105263,7.906694736842105,39.19967368421053,8.067705263157896,38.67356842105263,8.736,38.05190526315789,9.546442105263157,37.592905263157895,11.033263157894737,37.06357894736842,12.063326315789475,36.40165263157895,12.384673684210526,35.74026315789474,12.708715789473684,35.035926315789474,13.054989473684211,34.304747368421054,13.414736842105263,33.640673684210526,13.740463157894736,32.981431578947365,14.063157894736841,32.298568421052636,14.398652631578948,31.545915789473685,14.768505263157893,30.81097894736842,15.146442105263157,28.916999999999998,16.4864
212200,7,10.848414,29.118547199999995,10.61467294736842,29.62077877894736,12.41863582105263,30.5806614568421,15.367684515789472,31.798593381052633,18.349303421052632,33.02602189473685,20.91677065263158,34.09817424842106,23.428574336842107,35.16953930105263,26.729626105263165,36.43545330526316,32.9900532631579,38.38403166315789,37.118336842105265,39.8912,40.62445263157895,41.22341052631579,43.498705263157895,42.366652631578944,44.182642105263156,42.984421052631575,43.85677894736842,43.36875789473684,43.213642105263155,43.70964210526316,42.52218947368421,44.073768421052634,41.92844210526316,44.389726315789474,41.33469473684211,44.70905263157894,40.74203029578756,45.09485766560401,40.151315123992724,45.59789912929524
212200,8,7.915569851999999,37.180610560000005,7.157632962310668,35.17027070912899,5.918005346862463,32.65526613618892,6.0619312100032055,31.284673307265408,5.750557771578948,29.08165018947368,6.227747446554149,28.717430149365303,6.5716553032025775,28.61023251724171,6.53739044760074,29.00389142464986,7.143104375368422,28.694522206315792,6.857950158315788,30.517979991578944,11.639655357473684,29.64150969263158,15.916576986947376,28.86540341894737,20.732376555789468,27.823828884210528,29.469410526315787,25.49187368421053,35.089073684210526,24.25061052631579,40.30717894736843,23.100631578947368,45.6713052631579,21.91898947368421,51.4369894736842,20.644715789473686,54.37781052631579,18.85541052631579,54.57,18.8096
212200,9,44.600418,17.941235199999994,44.622160105263156,18.006919410526308,45.02508104210526,17.626289111578945,45.720644810526316,16.963048218947367,46.5924372,16.162567680000002,47.4649962,15.36313728,48.33394010526316,14.577193094736842,49.77765884210526,13.0126208,51.22547368421052,11.43781052631579,52.24815789473684,10.432336842105263,53.270842105263156,9.426863157894736,54.29352631578947,8.42138947368421,55.422505263157895,7.315873684210526,56.45861052631579,6.197557894736843,57.06363157894737,5.185347368421053,56.218105263157895,4.149557894736843,55.372578947368424,3.113768421052633,54.44974736842106,1.9836631578947397,53.53443157894737,0.8640000000000011,52.8258,0.0
212200,10,52.8258,0.0,52.8258,0.0,52.8258,0.0,52.611599999999996,1.1722105263157896,52.32600000000001,2.760421052631579,53.122673684210525,4.054231578947369,57.20052631578948,4.304842105263158,61.304147368421056,4.446315789473684,65.77013684210526,4.597894736842105,69.65902105263157,4.750484210526316,71.13963157894737,4.9626947368421055,70.00635789473684,4.8677052631578945,65.67726315789473,4.1320421052631575,61.52586315789473,3.4944,59.275421052631586,3.8191157894736842,57.70086315789473,4.331452631578948,56.02215789473684,4.883536842105263,56.98364210526315,4.998063157894737,59.73442105263158,4.8128,62.8116,4.6016
212200,11,70.0128,5.7024,66.61351578947368,4.5086315789473685,63.46064210526316,3.4007578947368424,58.8191052631579,2.518905263157895,53.109252631578954,2.0058947368421056,52.43175789473684,1.6818526315789475,53.24185263157895,2.438399999999998,52.50369473684211,7.708631578947363,51.623273684210524,13.3146947368421,50.731578947368426,19.000926315789467,49.84364210526316,24.656168421052623,48.668494736842106,24.99435789473684,47.576557894736844,22.72437894736842,49.37497894736842,22.86517894736842,52.08066315789473,23.710989473684208,54.688105263157894,24.523452631578948,57.417947368421046,25.377684210526315,59.99425263157894,26.187452631578946,62.71657894736842,27.04336842105263,63.59700000000001,26.8672
212200,12,43.37880072,23.30679296,45.77014755789474,22.284945515789474,48.16064210526316,21.265178947368423,50.66447368421053,20.198063157894737,53.45283157894737,19.009684210526316,55.87130526315789,17.974568421052634,58.261326315789475,16.953936842105264,60.65134736842106,15.934315789473684,63.04136842105263,14.91098947368421,68.13305477809325,11.908356771544554,71.69739700944994,10.022875258843584,73.29034496708368,9.582880305363785,74.92065734089232,9.133591184228703,77.10508383891485,8.059983386941251,78.81815668421054,7.532910484210527,79.69387848947369,8.077145330526317,80.47361534210526,10.123784757894738,81.15637972105263,11.852274122105262,81.8058349263158,13.46440569263158,82.46515380000001,15.09616128
212200,13,73.05550314599999,15.557162111999997,73.03755288536843,15.42326368336842,72.84990786063159,16.198660803368423,72.52245067894738,17.25094497684211,72.08115027726315,17.732536299789476,70.6529453431579,17.676932985263157,69.81572043157895,17.79266566736842,69.44666778947368,18.079760168421053,68.96028347368421,18.410370021052632,69.12271578947369,18.24741052631579,69.39704210526317,18.00218947368421,69.79108421052632,17.616842105263157,70.88087368421053,16.390736842105262,72.11238947368422,15.00901052631579,73.30525263157895,13.669726315789474,74.39504210526316,12.443957894736842,75.48483157894736,11.222568421052632,76.57462105263158,9.99781052631579,77.72883157894738,8.699284210526315,78.999,7.2704
212200,14,72.1446,1.4784,72.49247368421052,2.2032842105263155,72.84034736842105,2.9281684210526313,73.1560105263158,3.5890526315789475,73.45234736842106,4.211536842105263,73.74868421052632,4.834021052631579,74.04502105263158,5.4565052631578945,74.34135789473684,6.07898947368421,74.32954736842105,6.048336842105263,74.27371578947368,5.924378947368421,74.10836842105263,5.572715789473684,73.8335052631579,4.993347368421052,73.5640105263158,4.424421052631579,73.33209473684211,3.9285894736842115,73.10017894736842,3.4327578947368425,72.86826315789473,2.936926315789474,72.63634736842106,2.441094736842106,72.42697894736843,1.975578947368422,72.25518947368421,1.560589473684211,72.0834,1.1456
212200,15,78.56429094566909,28.532398755747256,78.02880330435138,30.493732790683634,77.76199607368422,31.943812042105264,77.35194324315789,33.618751191578944,76.65122224736842,35.82957338947368,75.88930318421052,38.3061187368421,75.25959662842106,40.44442314105264,74.65968711789475,42.562187856842115,73.57825348421053,45.22026981052632,71.91697894736842,48.52446315789473,71.28082105263158,50.77793684210526,71.43328421052631,51.774652631578945,71.70707368421053,52.57802105263158,71.98086315789475,53.38138947368421,72.25733684210526,54.193515789473686,72.5713894736842,55.128252631578945,72.85323157894737,55.9578947368421,73.12272631578948,56.76126315789473,73.39061052631578,57.56328421052631,73.6644,58.3616
212200,16,68.595,3.744,66.38696842105263,3.4954105263157893,64.17893684210527,3.246821052631579,62.25435789473684,3.0305684210526316,60.36521052631579,2.8183578947368417,58.476063157894735,2.6061473684210523,56.586915789473686,2.393936842105263,54.69776842105263,2.1817263157894735,52.80862105263157,1.969515789473684,50.93557894736841,1.7455157894736844,49.075421052631576,1.5120842105263161,47.66191578947368,1.309642105263158,46.80672631578947,1.1459368421052631,45.95314736842105,0.9822315789473686,45.102789473684204,0.8185263157894735,44.251357894736834,0.655494736842105,43.39616842105263,0.4948210526315789,42.55708421052631,0.33684210526315805,41.84684210526316,0.200421052631579,41.1366,0.064
212200,17,62.539413,42.6014464,62.14859194736842,42.70222955789473,62.173698212425485,42.852106528009266,62.3750063731264,43.20854484632206,62.69961391691552,43.76524753760687,63.026130235915346,44.148985956470845,63.15522082105262,43.882603519999996,64.58604675789474,46.45718528,65.71339263157896,46.49663595789474,67.10563894736842,46.05106593684211,68.76297789473685,45.52696656842105,70.46342526315792,45.020910484210525,72.11840210526316,44.441216,74.7158589473684,42.718848,76.5289894736842,41.9290947368421,78.28983157894737,41.19747368421053,78.70289148908829,41.08555847937444,77.91466184495499,41.409390445040394,76.87643036496885,41.65514579125977,75.859962416902,41.90413848573942
212200,18,81.855,23.552,82.16422105263158,23.374147368421053,82.47344210526316,23.196294736842106,82.4364,22.843284210526317,82.19160000000001,22.38517894736842,82.21414736842107,22.10896842105263,83.03873684210527,22.378442105263158,83.86332631578948,22.647915789473682,84.80816842105264,22.955115789473684,85.77018947368421,23.267705263157893,86.6634947368421,23.55738947368421,87.48808421052631,23.824168421052633,88.49578593202678,24.200324110507434,90.7852733882411,25.342116994566894,93.07476084445543,26.483909878626356,93.95168497877575,26.795764129549024,94.35775467246474,26.83097216942609,94.81253752157494,26.87414856300206,95.34850896305382,26.930605546076197,95.88448040453271,26.987062529150336
212200,19,71.8488,29.9008,71.64587368421053,30.585936842105262,71.44294736842106,31.271073684210528,71.24002105263158,31.953515789473684,71.03709473684209,32.63562105263158,70.80786315789473,33.40496842105263,70.5711157894737,34.19924210526315,70.35691578947369,34.91873684210526,70.15398947368422,35.60084210526316,69.95106315789474,36.28463157894737,69.74813684210527,36.969768421052635,69.54521052631578,37.65355789473684,69.34228421052632,38.335663157894736,69.1002077316239,39.13042733033725,68.7798309264956,40.150509321349,68.47255244680062,41.07555785025323,68.21111810612213,41.66798926178118,67.95427749541244,42.26528540749674,67.73418672445314,42.90149942671326,67.51409595349384,43.53771344592977
212200,20,13.027072800000001,28.738598399999997,12.94251157894737,28.74731789473684,12.877264861594604,28.732976496571112,12.985848677540627,28.51108706228222,13.084783674729307,28.306223408698287,13.145123396888605,28.169462877934205,13.192811430624918,28.050556227581648,13.210978858040928,27.973308631522663,13.277443164071473,27.861419342542582,13.416352788023824,27.697567514180857,13.476144442105262,27.656062652631576,13.456818126315788,27.736904757894738,14.8464697768421,29.267481061052628,17.175440071578944,31.76454682947368,20.308508898947366,35.13153522526316,23.78619138315789,38.87134760421053,27.250997387368418,42.618781776842106,30.71258427157894,46.36812139789473,34.67183248421052,50.68263343157894,38.6863764,55.0599424
212200,21,65.38372451092995,42.09784380140495,65.05862220194162,41.84935532456106,64.63304766167631,41.62052290939278,63.30322303991836,41.56859504930502,61.66986340666863,41.5898476857364,58.8223637274518,41.9038223082444,56.74281576757896,42.088340823578946,56.45515515284212,41.9707950888421,56.563457077894746,41.76376747789473,57.26570281263159,41.42251705263158,57.0887598694737,41.14021689263158,56.03262824842106,40.916866997894736,55.5615312631579,40.61680218947369,55.48045736842106,40.26559410526316,55.35691272121554,40.00288687420568,55.21516632295201,39.77810858021379,55.21275964911221,39.319144228133545,55.24518790637835,38.80163336153121,55.19853921824963,38.242611411325655,55.14310420285481,37.678977118497514
212200,22,12.8826,6.7712,11.201210526315789,7.9232,11.207115789473683,10.029136842105263,11.9442,12.384,12.70383157894737,14.816673684210526,13.4538,17.21903157894737,14.268189473684211,19.504505263157895,16.60023157894737,19.624084210526316,19.272094736842106,18.8288,16.22199495225601,20.551144121128445,8.71701733923384,24.41739078012721,4.8771069598656815,25.76660020899132,4.380520280842105,25.68328650105263,4.312002763263158,25.981294349473686,4.5193197442105255,26.195985515789477,5.020547368421053,26.220126315789475,5.2036105263157895,26.383494736842106,5.415126315789474,26.564715789473684,5.600336842105263,26.729431578947366,5.814,26.9056
212200,23,5.59958886,28.296083199999995,6.2032141231578946,27.828815831578943,6.608493219473685,27.852260547368417,6.736087682210527,28.562702181052632,6.712420832422457,31.019698519712488,6.678743784942666,33.27360686853388,6.705792931902662,33.87031842485451,6.684915275122654,34.50744635077344,6.672844886551715,35.24370308109319,7.021251868850572,36.84808662703106,7.173230096842106,37.78245524210526,7.128779570526316,38.046808926315784,7.25128311663158,38.40569721263158,7.3824897322105265,38.76279080421053,7.500747200842105,39.0991068968421,7.659080474308296,39.338531495483885,7.834158302951746,39.56845382652245,8.02616589942381,39.91235064286127,8.224725350377117,40.350903070103286,8.427964697388452,40.85706664799043
212200,24,37.273707,50.814726400000005,37.9017567,50.72504653473685,38.529806400000005,50.63536666947368,39.504434921052635,50.418129010526314,40.52238579473685,50.18494662736842,41.696452768421054,49.85943168,42.915124342105265,49.50753600000001,44.02280971578948,49.17957180631579,45.07500198947369,48.86357335578948,48.60064249397249,47.51569623214301,54.105041583122954,45.34231617000042,57.43001014796941,44.02194014603784,58.03069055743585,43.76781916980026,58.667206202396706,43.50142351992887,59.37539231834641,43.21047852278987,60.323655853245704,42.82288212004274,62.11219035446857,42.09700579766717,63.6573335368421,41.482805557894736,63.255346168421056,41.762013978947365,62.8533588,42.0412224
212200,25,92.463,26.7008,92.0507052631579,28.096673684210526,91.6384105263158,29.49254736842105,91.22611578947368,30.88673684210526,90.81382105263158,32.279915789473684,90.40259999999999,33.673768421052635,89.9946,35.069642105263156,89.5866,36.465515789473685,89.11471578947369,38.064168421052635,88.6337052631579,39.69178947368421,88.18705263157895,41.203536842105265,87.77475789473685,42.599410526315786,87.28955886457074,44.21507780697335,86.29402978113664,47.36930026276017,85.29850069770254,50.523522718547,84.86175323972274,51.983021773250016,84.61126632356108,52.87761302759175,84.34372001297591,53.83212943871539,84.04774137835156,54.886521111142216,83.75176274372721,55.94091278356905
212200,26,51.7996494,19.2245056,51.89599865368421,18.862913583157898,52.020410737894736,18.51820149894737,52.17099006315789,18.18852783157895,52.34693002421052,17.865693002105264,52.55437918105263,17.505918450526316,52.78390537894737,17.10267856842105,53.02654244210525,16.587359663157894,53.22682105263157,16.174147368421053,53.406663157894734,15.807326315789474,53.58113684210526,15.443873684210526,53.76097894736842,15.077052631578947,55.09986315789473,14.562357894736843,59.04296842105263,13.71722105263158,62.50774736842105,12.97583157894737,65.88555789473683,12.25162105263158,69.26336842105262,11.524715789473685,72.6411789473684,10.80185263157895,75.62602105263157,9.893389473684213,78.1524,8.768
212200,27,20.509762199999997,22.3391872,20.42199222,22.323858930526317,20.33422224,22.30853066105263,20.309327636842106,22.29280303157895,20.292292455789475,22.277025482105266,20.2750209031579,22.272560640000002,20.25768181578948,22.271328,20.24142854526316,22.278579334736843,20.225718183157895,22.290072656842106,20.17217212792471,22.32134551336665,20.088357518189184,22.36844199742663,20.111459172193346,22.326727958948982,20.268206155872114,22.174000767299315,20.431752916582106,22.028736793043652,20.608899231354542,21.89839925357601,20.77000634067348,21.762171715792277,20.874976230905165,21.60532918390225,21.179208063157894,21.39443570526316,23.077535431578948,20.75113465263158,24.9758628,20.107833600000003
212200,28,62.903400000000005,5.1328,61.6794,5.929094736842105,60.36682105263158,6.779284210526316,58.93023157894737,7.704926315789474,57.66543157894737,8.51941052631579,56.56222105263158,9.135831578947368,55.84070526315789,9.224757894736843,55.4327052631579,8.772042105263159,55.18468421052632,8.0576,54.97209473684211,7.4432,54.75628421052632,6.826778947368421,54.537252631578944,6.208336842105262,54.32412631578947,5.589894736842105,54.077178947368424,4.963368421052633,53.761515789473684,4.320673684210527,53.21876842105263,3.5597473684210517,52.61643157894737,2.778947368421052,52.09462105263158,2.095831578947369,51.56905263157895,1.4103578947368423,51.0408,0.7232
212200,29,31.079400000000003,7.296,31.58188421052632,8.561515789473685,32.080610526315795,9.827031578947368,32.57611578947369,11.092210526315789,33.07162105263158,12.353347368421053,33.57142105263158,13.617178947368421,34.070684210526316,14.8288,34.55223157894737,15.744,34.94681052631579,16.319663157894738,35.30273684210526,16.744421052631576,35.658663157894736,17.16917894736842,35.57437894736842,18.685305263157893,35.308642105263154,20.724210526315787,34.931778947368414,23.2026947368421,34.60215789473684,25.381052631578946,34.27844210526316,27.504842105263155,33.950431578947374,29.628631578947363,33.57732631578948,32.07983157894736,33.22301052631579,34.39461052631579,32.895,36.5184
212200,30,38.6274,45.696,38.5662,45.70004210526316,38.505,45.70408421052631,38.4438,45.70812631578947,37.91017894736842,46.28143157894736,37.28207368421053,46.96858947368421,36.65396842105263,47.65574736842105,35.836894736842105,48.56926315789474,34.92533684210527,49.59595789473684,34.01377894736842,50.62265263157895,33.02813684210526,51.73524210526316,31.968410526315786,52.93372631578947,30.908684210526314,54.13221052631579,29.898347368421053,55.27343157894737,28.986789473684208,56.30012631578947,28.075231578947367,57.32682105263158,27.18997894736842,58.32522105263158,26.43625263157895,59.182147368421056,25.682526315789474,60.03907368421053,24.9288,60.896
212200,31,4.284000000000001,5.536,4.674821052631579,5.527242105263158,5.103221052631579,5.513768421052632,5.50638947368421,5.503326315789473,5.888084210526316,5.491536842105263,6.321852631578947,5.479410526315789,6.720726315789473,5.470652631578948,7.135168421052631,5.458189473684211,7.5431684210526315,5.446736842105262,7.93398947368421,5.435957894736842,8.324810526315789,5.422821052631579,11.410042105263155,4.738694736842105,14.764231578947365,3.976757894736843,18.12808421052631,3.21482105263158,19.149694736842104,2.8079157894736846,19.275315789473687,2.574821052631579,18.178010526315795,5.731368421052618,16.420389473684217,10.711915789473668,14.661694736842108,15.695157894736834,12.903,20.6848
212200,32,20.081361077999997,29.254838464,20.61755436394737,29.645312584421053,22.69098945137278,33.24871426828607,25.616178253771373,36.22196818480605,27.859547974591994,37.113863944947205,30.867474063157893,39.1570048,32.09677827789474,38.825163520000004,33.509016593684215,38.54131341473685,34.80277524385798,37.9754911783384,36.394057240232186,37.67251069611094,38.04519171484797,37.1180679017242,39.82515862105264,36.90973743157895,42.43348141578947,37.40510029473685,45.03513722210526,37.97322869894737,47.82008268,38.60453126736842,52.12784567368421,39.201776168421056,56.48936253667953,39.63985301874238,63.72824234136104,39.84434216297711,65.19095874675756,40.599901137180744,69.39231360000001,41.015462400000004
212200,33,62.2608,15.1168,62.06216842105263,14.530694736842104,61.86353684210526,13.94458947368421,61.6649052631579,13.358484210526315,61.443189473684214,12.768673684210526,61.12913684210526,12.164042105263158,60.815084210526315,11.55941052631579,60.50103157894737,10.954778947368421,60.18805263157895,10.350147368421053,59.876684210526314,9.745515789473686,59.565315789473686,9.140884210526316,59.25394736842105,8.536252631578947,58.91036842105263,7.870989473684212,58.54531578947368,7.165305263157896,58.18026315789474,6.45962105263158,57.815210526315795,5.753936842105263,57.490957894736844,5.129094736842106,57.1769052631579,4.524463157894738,56.862852631578946,3.919831578947369,56.5488,3.3152
212200,34,58.149450504,48.35456768,58.318650616421046,48.7724630231579,58.29478474768421,48.88792410947369,58.06946162621053,48.73268011789474,57.60864256894737,48.32072101052631,58.02909686021052,48.191984774736845,58.668748791789476,48.117480353684215,59.37674076631579,47.748430147368424,59.91894259578947,46.21015376842105,60.62772631578947,45.796378947368424,61.36803157894737,45.570021052631574,62.129273684210524,45.33827368421053,62.99358947368421,45.074189473684214,63.76342105263157,44.83974736842105,64.50748421052631,44.61338947368421,65.28167675754695,44.41479869792489,66.44755136320425,44.577180468873316,67.31857039062962,44.33271059248895,68.02172865609117,43.95348431834532,68.63503356634492,43.62462971431461
212200,35,20.286392399999997,35.2576512,20.3614261768421,36.091490088421054,20.43645995368421,36.9253289768421,20.511493730526315,37.75916786526316,20.586527507368423,38.593006753684215,20.685823433684213,39.56550090105264,20.857905808421055,40.95396082526316,21.029988183157897,42.34242074947369,21.20207055789474,43.73088067368421,21.37415293263158,45.11934059789474,21.52880748,46.40651129263158,21.666034200000002,47.59239275789474,21.80326092,48.778274223157894,21.94048764,49.96415568842105,22.07771436,51.15003715368422,22.31609856,53.42863791157895,22.58820192,56.07147843368421,22.860305280000002,58.71431895578947,23.13240864,61.35715947789473,23.404512,64.0
212200,36,13.243272000000001,31.2915584,14.297331410526319,32.40410085052632,16.05939619356173,33.05763698517086,17.81054499810029,33.51738250124881,18.551063061245184,34.13016024296831,19.26471281941272,34.82965609789174,20.67321911695879,34.05269109582852,22.222961178947372,32.62108092631579,22.37402854736842,32.86771671578948,21.687921103001013,36.6362983205491,21.15881437289384,39.13604484171434,20.907544892305214,39.819777619288125,20.544119810478,40.74238425216548,19.998651205149187,42.398758902524776,19.530427774736843,43.48397514105264,19.2396735,43.585648808421055,19.0565325,44.270069726315796,18.8904765,44.95923304421053,18.743890421052633,45.644181153684215,18.620049,46.318127360000005
212200,37,36.320364,64.0,36.320364,64.0,36.320364,64.0,36.320364,64.0,36.320364,64.0,36.320364,64.0,36.320364,64.0,36.320364,64.0,36.320364,64.0,46.24898536440899,53.72465244873722,43.0658557800973,51.706552216753,36.21982900939117,52.5761725021248,26.05184635721414,47.92580743013265,11.128204994273553,40.111496829780734,8.857403312851693,38.520247179387226,22.703521695135343,37.327406571532684,35.932400772631574,35.24419738947368,39.58302726315788,45.66647578947366,44.4822,57.86037894736841,42.4728,61.9904
212200,38,61.292442600000015,57.0058368,62.211169752631584,57.25696370526316,63.24084676105263,57.541268277894744,64.2399926463158,57.85326605473685,65.16093797684212,58.195684109473696,66.09308806105264,58.588338256842114,67.87028194736843,59.371314526315786,69.33637894736842,59.954863157894735,70.54266315789474,60.39848421052632,71.6388947368421,60.802694736842106,72.7421052631579,61.2069052631579,73.83833684210526,61.611115789473686,75.5616,60.69355789473684,77.59891578947368,58.980715789473685,79.63775236877723,57.29166589361715,84.62903790043573,53.53065429787436,86.49231132686639,51.839837260942694,87.6713721158553,50.624852325401314,89.20219004787029,49.12421339520035,91.465032,46.9384064
212200,39,41.74630499999999,43.38675200000001,42.24319934210526,43.39761178947369,42.74009368421052,43.40847157894737,43.236988026315785,43.419331368421055,44.04228330354314,43.4473558816007,46.081182321258815,43.54403928960417,48.120081338974494,43.64072269760765,50.15898035669018,43.73740610561113,51.46303208387899,43.77927195778515,51.6648128752775,43.73891147621497,51.86659366667601,43.69855099464479,52.068374458074516,43.658190513074615,52.26852235131992,43.636234799628795,52.46758164579659,43.6265489315992,52.66664094027326,43.61686306356962,52.86570023474993,43.607177195540025,53.84355582129889,43.49885349100061,55.01611048086593,43.365870327333745,56.188665140432974,43.232887163666874,57.361219800000015,43.099904
212200,40,42.09262968,39.01026176,42.206232985263156,40.69021931789474,43.98904159578947,39.5306592,46.04974609263158,37.682362442105266,47.79716005894737,36.185140884210526,49.795813553684205,34.520493305263166,51.56297772631579,33.08305010526316,54.62993090526316,29.82630568421053,57.68636842105263,26.545515789473686,59.78595789473683,24.562189473684214,62.185642105263156,22.29861052631579,64.16658947368421,20.63932631578947,65.66760000000001,20.212884210526315,66.88891578947369,20.544673684210526,68.11882105263159,20.877136842105262,69.54413684210526,21.26618947368421,70.32524210526316,21.36016842105263,70.2967894736842,21.048926315789476,69.7008947368421,20.447663157894738,69.105,19.8464
212200,41,67.473,18.1952,66.91683157894737,17.634021052631578,66.33650526315789,17.169852631578948,65.71054736842106,16.751494736842105,65.00406315789475,16.312926315789475,64.3883052631579,15.926905263157895,63.78382105263159,15.547621052631579,63.18094736842106,15.169347368421054,62.57216842105264,14.787368421052632,61.87964210526316,14.352842105263157,61.222010526315785,13.94256842105263,60.61430526315789,13.565305263157894,60.01304210526315,13.188042105263158,59.40587368421052,12.807073684210527,58.61671578947368,12.33818947368421,57.54893684210526,11.737936842105261,55.98565263157895,10.936252631578947,54.42236842105264,10.134568421052633,52.85640000000001,9.33456842105263,51.2856,8.5376
212200,42,4.7736,19.9872,4.9926315789473685,20.498526315789476,5.211663157894737,21.009852631578948,5.4306947368421055,21.521178947368423,5.649726315789474,22.032505263157894,5.868757894736842,22.54383157894737,6.087789473684211,23.05515789473684,6.306821052631578,23.566484210526315,6.525852631578947,24.07781052631579,6.744884210526315,24.589136842105262,6.9816315789473675,25.142905263157893,7.236094736842105,25.739115789473686,7.490557894736842,26.335326315789473,7.055715789473686,27.00025263157895,5.242263157894737,27.80261052631579,3.428810526315787,28.604968421052632,1.816673684210526,29.417094736842103,1.211115789473685,30.278063157894735,0.6055578947368425,31.139031578947368,0.0,32.0
212200,43,8.24514858,23.315846399999998,9.06266240494737,23.333134922105266,9.889583706000002,23.35701163789474,10.715829675789475,23.388041431578948,11.437209059052632,23.43714388210526,12.162546858315789,23.507456875789472,13.152262607368419,23.585520168421056,15.582450025263155,23.633298863157894,17.166063157894733,23.68134736842105,18.33476842105263,23.728505263157892,19.374631578947366,23.772294736842106,20.419863157894735,23.816084210526316,21.464557894736842,23.858526315789472,22.504421052631578,23.897936842105263,23.686010526315787,23.948463157894736,24.61957894736842,23.94037894736842,25.115084210526316,23.835284210526318,25.114547368421054,23.600842105263162,25.069452631578947,23.35562105263158,25.020599999999998,23.1104
212200,44,49.9086,23.2,47.42838947368421,23.798905263157895,45.672915789473684,23.73692631578947,45.011526315789474,22.599073684210527,46.07876842105263,19.689431578947367,47.00643157894737,17.169515789473685,47.92335789473684,14.676884210526314,48.66634736842105,12.416673684210526,48.771568421052635,11.016084210526316,48.09085263157895,10.5088,47.339273684210525,10.17397894736842,46.64674736842105,9.862736842105262,45.94777894736842,9.551494736842105,45.254715789473686,9.243957894736841,44.511726315789474,8.91317894736842,43.708073684210525,8.553768421052633,43.0091052631579,8.242526315789474,42.310136842105265,7.931284210526316,41.61385263157894,7.6217263157894735,40.9224,7.3152
212200,45,18.989350200000004,5.5082752,18.66563441052632,5.47846467368421,19.681929716842106,5.804881111578948,21.33568266631579,6.304146324210527,23.22394762736842,6.874035469473685,25.363719464210526,7.528424016842106,27.212187568421054,8.1201152,30.797719484210525,9.072561852631578,34.42016842105263,10.0224,36.61424210526315,10.684294736842103,37.73355789473685,11.280505263157893,37.701347368421054,10.786357894736842,37.487147368421056,10.121431578947368,37.27241052631579,9.456168421052633,37.06035789473684,8.786863157894738,36.81072631578947,8.01381052631579,36.58686315789474,7.329684210526317,36.37373684210527,6.665094736842107,36.164368421052636,5.999494736842106,35.955,5.3376
212200,46,27.89776704,25.835957759999996,25.886717216842108,26.515201482105265,23.75008357499004,27.096236755880263,17.379163352114652,28.373863383270074,15.513192247537374,28.13846430099189,13.091888102979699,27.788126048429067,11.275104157894736,27.898409094736838,12.473045036842102,28.30442125473684,15.445901605263156,28.917453136842106,18.119479705263156,29.475232067368424,20.791415336842103,29.993250088421053,25.782786947368415,30.512335494736842,30.57530526315789,31.041684210526316,33.96116842105262,31.562778947368418,37.3507894736842,32.08623157894736,41.170421052631575,32.67233684210526,44.66848421052631,33.21397894736842,48.05971578947368,33.73945263157895,51.452557894736834,34.25886315789473,55.375800000000005,34.8672
212200,47,1.6152311999999984,4.202431616,1.4749973052631569,4.478449030736843,1.4984336842105257,4.833456168421053,2.067915789473684,5.549473684210526,2.47698947368421,6.507115789473684,2.901094736842105,7.490357894736842,3.2892315789473683,8.391747368421052,3.6800526315789472,9.29482105263158,4.512694736842105,9.914610526315789,5.424252631578947,10.317810526315789,6.132624268489787,12.17264804245522,7.1331898422482825,12.038156700498323,8.165202634444421,12.088594481083437,9.067270297894735,12.194128505263157,11.17225236663158,11.592030955789474,14.807064047052634,10.755033970526316,17.916092413894738,10.079854349473685,19.87952050926316,9.562372513684211,23.36145973263158,8.349499957894736,25.0818,7.5136
212200,48,44.3598,4.0448,45.276726315789475,4.068378947368421,46.19848421052631,4.091957894736842,47.16372631578947,4.116884210526315,48.23096842105263,4.145178947368421,49.15863157894737,4.169094736842105,50.079852631578945,4.1926736842105266,51.00268421052631,4.216252631578947,51.919610526315786,4.239831578947368,52.971821052631576,4.2634105263157895,53.967663157894734,4.28698947368421,54.884589473684215,4.310568421052632,55.80151578947369,4.3341473684210525,56.718442105263165,4.357726315789473,57.70301052631579,4.383326315789474,58.766494736842105,4.411284210526316,59.68342105263158,4.434863157894737,60.60571578947368,4.458442105263158,61.52747368421052,4.48202105263158,62.444399999999995,4.5056
212200,49,38.224894536,38.76517926399999,37.23408950210526,39.75829903157895,33.928262415789476,39.929308446315794,28.676404954826246,40.032364844792234,24.029784765667706,39.90946479131922,21.650389909088535,38.627827863398146,17.90878557250489,37.39702684628526,17.75436522947368,37.898064303157895,20.32665936947368,37.78927538526316,24.066191314736834,37.56765766736843,27.874196128421048,37.29663952842105,34.81072373684211,35.3203587368421,40.41884210526315,34.048336842105265,45.73357894736841,33.155031578947366,50.37511578947368,32.376926315789476,55.01665263157895,31.59882105263158,60.007136842105254,30.760084210526315,64.96272631578945,29.927410526315793,69.60426315789474,29.149305263157895,79.58898195796095,29.006850253543522
212200,50,61.438552939375356,50.48092538518913,61.06100718534107,50.951296854814515,59.46887094745931,50.97270472771491,57.021637858064224,50.2976686184059,55.90843203872914,49.444401955622716,52.57463392493705,45.517497968550686,52.85938710415832,45.17450763015531,53.31882399549378,45.08980613943669,53.99180555936844,45.690822568421055,56.89201624073685,47.272447713684215,59.77167688010527,48.36254816000001,61.74935635642105,48.83098479157895,65.13571010210526,49.16110635789474,68.69807368421053,49.573052631578946,71.17023157894737,50.14467368421053,73.97791578947368,50.79477894736842,76.45597894736841,51.36808421052632,78.92545263157895,51.94138947368421,81.39492631578948,52.51469473684211,84.2112,53.1648
212200,51,94.45572215952001,42.70101640704,94.81908319561263,43.40693294592,95.20922232552631,44.00548503107368,95.63685078678947,44.45372688101053,95.92636628226316,45.21060372547369,96.20626734094738,45.9513562071579,96.54019286873685,46.45855460378948,96.90766722726316,47.01091568505264,97.24685867684211,47.53733854315791,97.09041955894736,47.53004618105264,97.47322869630327,48.049891574833666,98.39528608890983,49.096874724501,98.49989630825361,49.36733773150924,98.53092076963952,49.57497150249692,98.56340047388471,49.79813228192694,98.68819554734002,50.129131071991814,98.81450617894738,50.47325103157895,98.79453565263158,50.70324682105263,98.48260038,51.15755762526316,97.96211886,51.77209344
212200,52,92.37480059999999,57.087456,93.1849203,54.92769431578947,94.32847875157894,49.85747772631579,95.51441052631579,39.72951578947369,96.65358947368422,32.78282105263158,98.17743320876048,28.521751039487352,98.1422684061815,25.590671216404374,98.2615071663158,22.951540682105257,98.26636236631579,21.84484661894737,98.07733016842106,20.58977785263158,97.56353684210526,19.333052631578948,98.37925654608557,18.2829817616057,97.73093875835526,16.8684178567795,96.71527327578949,15.400926854736841,92.40360314526316,16.26784956631579,89.64849574736843,16.42897785263158,89.02237894736842,15.493726315789475,89.18665263157895,14.126484210526318,89.35092631578948,12.65044210526316,89.505,11.2832
212200,53,65.64394715278104,48.79485258706684,64.88308796658724,49.37998148092937,64.20602366058706,50.92235177967734,63.71189312210526,52.36525736421053,61.26410501784666,54.5158882438855,57.144241327083364,56.07180770639574,55.13874285238642,55.96160411070847,51.64745624710996,55.60381606066523,49.92380755042105,55.62927488673684,49.495039174736846,58.265204143157895,49.37917490526317,60.847174063157894,52.80285816000001,59.9627100968421,57.0144203368421,58.95100496842105,62.93507368421052,57.47065263157895,67.24806315789473,56.08724210526316,71.5546105263158,54.707873684210526,71.42952631578947,54.5765052631579,66.10550271802997,55.87959202339487,63.66277908512432,56.025212297594095,62.192731400611436,56.06516105741026
212200,54,53.3754321,55.042122240000005,51.18979666105263,53.16659563789474,48.00522019578948,50.35369923368422,45.361448804210525,48.15244139789474,41.37989898947369,44.24388850526316,37.791,40.75890526315789,34.75623157894737,37.954357894736845,31.722,35.15014736842105,27.137174054734253,31.746816379869895,22.736244725297706,28.517566361403244,20.593075198426973,25.709049186265084,18.24209122105263,22.946171284210525,18.064839593684212,21.704516513684208,18.006608437894737,20.57383397052632,17.88370874526316,19.49797551157895,18.50494736842105,18.228210526315788,18.621442105263156,17.01524210526316,18.738473684210526,15.863915789473685,18.85174736842105,14.672842105263157,18.972,13.504
212200,55,55.3938438,21.467852799999996,55.547383111578945,21.495964564210528,55.929953276842106,21.600936555789477,56.45976747473684,21.760273111578947,57.0395933463158,21.948770762105262,57.54904281473684,22.144525204210527,58.06465474736842,22.284634273684212,58.644094736842106,22.229221052631576,59.42573684210526,21.611452631578945,60.20093684210526,20.993684210526315,61.04270526315789,20.324042105263157,61.933863157894734,19.61734736842105,62.715505263157894,18.99957894736842,63.49124210526316,18.385515789473683,64.26858947368422,17.770442105263157,65.05935789473685,17.145263157894735,65.96876842105263,16.423747368421054,68.80394330470816,16.723913972333452,71.62324216734562,17.07755019399633,73.02741385486596,16.79182040437209
212200,56,77.62078620000001,16.448633599999997,79.20969533368422,15.880537027368419,81.1084027863158,15.494324648421054,83.0145318126316,15.15046528,84.7690272631579,14.904963368421052,86.44714736842106,14.626357894736843,88.44097894736841,15.294652631578945,90.23081052631579,18.19317894736842,91.15095789473685,16.47865263157895,92.45700552672376,14.7902067683323,93.05046806244962,13.37218056919551,93.6678658736842,11.890073936842105,94.54328012210526,10.500935208421053,95.65952635578948,9.59609859368421,96.83808557052632,8.780430080000002,98.04539665263158,8.0136768,98.8584,9.341305263157889,99.10695789473685,17.195452631578924,99.40178061363787,20.607390037301734,99.20560552410542,20.10264356489833
212200,57,26.7531414,34.062560000000005,26.51290006884226,34.126196062714065,26.29358314316052,34.49795384464967,25.921463624210528,35.17224033684211,27.197846851388697,35.132585469472474,29.575036126884083,34.023605321959415,30.83654149346023,32.94158485134798,31.59424269157895,32.092517389473684,31.484559085263157,31.32455174736842,31.40463236842105,30.71661473684211,31.31282811711543,30.111324513233917,31.32184442472524,29.03804562679098,31.35550018552285,28.06046592569133,31.24469368421052,25.61101473684211,31.287000913989143,20.759673771999385,31.364910652190044,12.888118885551062,31.516754424648582,7.555604642923785,31.493851231578944,4.763287242105265,30.89930638421053,4.510004378947369,30.30744156,4.31801984
212200,58,13.074676199999999,20.121919999999992,15.157411140000002,20.529753263157893,17.702581708421057,21.001332210526314,20.61005987368421,21.52225684210526,23.108748451578947,21.979659789473683,25.593453795789475,22.450226526315788,28.570470031578946,22.942837894736844,34.3032635368421,23.511444210526314,38.613442105263154,24.074442105263156,42.17055789473684,24.616757894736843,45.32504210526316,25.098442105263157,48.012473684210526,23.47823157894737,49.77814736842105,22.40101052631579,49.785126315789476,23.964294736842103,49.7921052631579,25.34231578947368,49.799084210526324,26.68496842105263,49.80606315789474,28.02492631578947,49.81304210526316,29.364884210526313,49.82002105263158,30.704842105263157,49.827,32.0448
212200,59,49.538523600000005,45.0273472,50.15949992210526,45.40322058105263,51.65182649052632,45.601372665263156,53.87337843789474,45.81196550736843,56.05760021052631,45.72411621052632,58.27582105263158,45.4528,60.61215789473684,45.4592,62.69188421052631,45.4629052631579,64.5226906699042,45.808186585591436,66.84549257633985,45.366836990254434,68.68773656352907,44.73526129918354,71.38766594526317,45.588239764210535,75.01982109473684,47.70088892631579,79.54963260341518,52.85306977007873,82.9739594590348,54.63108804871885,86.89534225065889,56.1743706375909,93.41259423698145,49.291215657469714,95.35591969869266,44.166126568443396,97.67773581990195,36.639414304943536,98.319381,33.21428736
212200,60,60.952038,47.823411199999995,61.45848356842105,48.38278426947369,62.496214926315794,49.74087733894737,62.3687052631579,49.87014736842105,61.741673684210525,49.26046315789473,61.16564210526317,48.695578947368425,60.53861052631579,48.07949473684211,59.96257894736842,47.51461052631579,57.61392881383227,48.154074864048965,55.351971666017704,46.09963452035557,55.360254181716606,42.50820277034587,56.760343465366255,37.13577856558957,58.03608588947368,31.82338896842105,58.92980291052632,30.648766821052632,60.08883830526316,29.76045103157895,61.245631578947375,27.961263157894734,62.374073684210515,26.68294736842105,63.41178947368421,25.50703157894737,66.78315789473685,24.382989473684212,70.99199999999999,23.424
212200,61,44.8596,7.6352,44.23364210526316,7.8464,43.57869473684211,8.066694736842106,42.846442105263165,8.311242105263158,42.17216842105263,8.5376,41.54621052631579,8.748800000000001,40.92025263157895,8.959999999999999,40.294294736842104,9.171199999999999,39.66833684210526,9.382399999999999,39.00372631578948,9.605726315789473,38.27147368421053,9.850273684210526,38.49372631578947,9.892042105263158,39.26141052631579,9.817936842105263,40.28677894736842,9.689936842105263,41.369052631578946,9.553178947368421,42.591442105263155,9.401263157894737,43.61788421052631,9.345347368421052,44.40918947368421,9.404631578947368,44.83114736842106,9.744168421052631,45.1146,10.1888
212200,62,46.4712,9.2864,46.15714736842105,8.917557894736843,45.78994736842105,8.478315789473685,45.343294736842104,7.928589473684211,44.810210526315785,7.259621052631579,44.20626315789473,6.501726315789474,43.677473684210526,5.8475789473684205,43.15942105263158,5.197473684210526,42.644052631578944,4.547705263157895,42.11687368421053,3.886147368421053,41.51292631578948,3.128252631578948,41.271884210526316,2.5893052631578946,42.09164210526316,2.5205894736842107,43.66727368421053,2.756378947368421,45.39751578947369,3.016421052631579,46.887252631578946,3.238736842105263,48.37698947368421,3.465094736842105,49.871021052631576,3.689768421052631,51.366663157894735,3.913431578947368,52.8564,4.1408
212200,63,95.04977208669861,17.799948966196695,94.93247340774116,17.66374482108195,94.8151747287837,17.527540675967202,94.69787604982625,17.391336530852456,94.65804126157894,17.260881465263157,94.63369925147369,17.131576215578946,94.60935724136841,17.002270965894738,94.14508394278646,16.598463423823333,93.46084499996616,16.057404735558332,92.77660605714586,15.51634604729333,92.31595897406734,15.289932203960955,92.07890375073065,15.378163205561203,91.84184852739395,15.46639420716145,91.60722793140759,15.558767092890884,91.3774765901219,15.659423746878693,91.14772524883621,15.7600804008665,90.79435217582981,15.78363562617969,89.82287044421987,15.421683708119792,88.85138871260995,15.059731790059892,87.879906981,14.697779871999995
212200,64,70.35194469599999,35.002126591999996,70.81896894449334,40.709438177039644,69.39274451242106,43.38683421642105,70.50009560526317,46.79764884210526,71.08597456158355,47.45279358953586,70.95889167546397,45.23949536336354,72.70868382224442,42.89966221571435,72.13830273867339,41.767731193244295,67.86367650248886,38.88311866852865,66.70669430843277,36.98991935618683,66.2602904336842,35.012559360000004,67.84422857052634,26.092596917894728,69.9762947368421,15.358652631578948,72.35396842105263,16.385347368421048,75.68883157894737,15.901978947368423,80.34862105263157,11.654400000000003,85.02505263157894,7.393347368421054,88.42863157894736,5.152673684210524,89.52486315789474,6.326231578947366,90.63719999999999,7.52
212200,65,51.1616394,30.705158400000002,49.86435788130232,30.65883007103466,46.43007363273928,30.244563602106087,45.25892966252352,29.76573348519129,42.30614552842105,28.984096875789472,41.86017785368421,29.14502046315789,39.128683988503106,32.88580507202481,38.173881353266175,33.79110791955175,36.582094550532595,35.23955629059859,35.736132694736845,36.05369802105263,37.25276371578948,35.29979216842105,39.370682374736845,34.360765170526314,41.28920896421053,33.63703834947369,44.70713684210526,31.041010526315794,47.27109473684211,29.603705263157895,49.571999999999996,28.31528421052632,51.89276842105264,27.024505263157895,54.46799999999999,25.57844210526316,56.76997894736842,24.29002105263158,59.0682,23.008
212200,66,15.771219599999997,28.8938048,15.391672231578946,29.171093221052633,16.537810907368424,28.53145542736842,18.386351753684213,27.477489482105263,19.871889631578952,26.661211789473683,21.361110997894738,25.849543814736844,22.852023524210527,25.02705455157895,24.996523705263158,23.72094922105263,29.533640463157894,20.672318652631578,31.895400000000002,19.19797894736842,33.89835789473685,17.983663157894735,35.90507368421053,16.767663157894734,37.91178947368421,15.555705263157893,40.17833684210526,14.18442105263158,42.374021052631576,12.85456842105263,44.38073684210526,11.638231578947368,46.387452631578945,10.426273684210527,48.394168421052626,9.214315789473686,50.51898947368421,7.928252631578947,52.8564,6.5088
212200,67,96.709904844,30.09360896,96.457542156,29.733725776842107,96.205179468,29.373842593684213,95.74118991789474,29.003811031578948,95.1502242505263,28.627690442105266,94.63613684210526,28.271494736842108,94.3526842105263,27.97507368421053,94.06923157894737,27.67865263157895,93.78202105263158,27.379873684210526,93.49427368421053,27.08075789473684,93.1829052631579,26.75738947368421,92.84791578947369,26.409768421052632,92.56247102644481,26.070408838985543,92.62383923800334,25.788879550869876,92.68520744956186,25.507350262754212,92.37161209616475,25.20303642971103,91.93302888778243,24.89112774835868,91.50865648053727,24.58091512414942,91.10796874185407,24.27352926184531,90.70728100317086,23.966143399541203
212200,68,67.1262,8.8704,68.1666,8.4096,69.3702,7.872,70.4106,7.4112,71.4408,6.9504,72.4812,6.4896,73.68480000000001,5.952,74.7252,5.4912,75.75540000000001,5.0304,76.7958,4.5696,77.99940000000001,4.032,79.0398,3.5712,80.07000000000001,3.1104,81.1104,2.6496,82.31400000000001,2.1056,85.91460000000001,7.808,87.414,8.1536,87.86280000000001,5.824,88.3728,3.104,88.971234,0.0
212200,69,61.280227692000004,36.204847232000006,60.75367085336842,37.29095316547369,59.90001205610526,39.25299307452632,57.62645103030157,44.807292254720714,56.60439365335369,46.55880434826028,55.152742091349275,48.336109564134844,54.444230920909376,49.74317231408044,54.845834980099234,50.365681170752026,55.484540288842105,51.427218176000004,56.33973142673684,52.1406357591579,58.52795443389474,50.644926292210535,61.159301527578954,47.97972118905263,63.843514458947375,44.71989840842107,68.20847368421053,38.90560000000001,71.42791578947369,35.363368421052634,74.41705263157895,32.07915789473684,77.48993684210527,28.697599999999998,80.79312631578946,25.06374736842106,83.78226315789473,21.778189473684208,86.7714,18.4896
212200,70,47.785378200000004,39.57848320000001,47.41688977894737,39.32837793684211,46.97779926631579,39.113790450526324,46.35043650947369,38.99391703578947,45.41722868526316,38.83603934315789,44.22914997157895,38.64649141894737,41.187706506854155,38.60188845115865,37.96720893162089,38.56749086893328,37.07475858694864,38.313047239181806,35.93990330552817,38.03613530009925,34.3808393847983,37.71990381968728,32.66924883157101,37.365814665736586,30.870500202630915,36.99009255547806,30.470230231578945,36.9569465263158,30.286815764210527,36.99512858947369,30.449935667368422,37.200127831578946,30.632571928421054,37.42317591578947,30.838627818947373,37.66788261052632,31.04273733473684,37.94875671578947,31.246116959999995,38.2431936
212200,71,44.1193656,45.170675200000005,42.93317617333757,45.544831953975844,39.94737317811067,47.71870865648498,39.277217095005646,47.75158277178834,38.400281996987495,47.98180368837967,36.95376295578947,48.3828112168421,37.292323503157895,48.120982635789474,38.79668370947368,46.87075287578947,40.590272324210524,45.34050667789474,42.40060332631579,43.85404092631579,45.109461347368416,41.78734214736842,47.95932631578947,39.57288421052632,50.26559999999999,37.72294736842105,52.483294736842105,35.94644210526316,54.57697894736842,34.268968421052634,56.67066315789474,32.59149473684211,59.047799999999995,30.68766315789474,61.19463157894736,28.962021052631584,63.288315789473685,27.28387368421053,65.3922,25.6064
212200,72,31.199943599999997,14.045344,31.534790703157892,14.116380968421053,31.869637806315787,14.187417936842106,32.204484909473685,14.258454905263159,32.75778326526316,14.385843031578949,33.35477187157895,14.524501389473684,33.95176047789474,14.663159747368422,34.55383791789474,14.802092294736843,35.15845977473684,14.941161936842107,35.76308163157895,15.080231578947371,37.10531182714398,15.6065050781668,39.185150361431944,16.519982434500392,41.26498889571991,17.433459790833986,42.93818385196289,18.11148012873122,43.79809165211592,18.318586429755733,44.65799945226895,18.525692730780246,45.44656000038999,18.70576967336139,45.87838428835106,18.750699823725697,46.31020857631212,18.79562997409,46.742032864273185,18.840560124454306
212200,73,42.5494836,27.678777599999993,42.68906254736842,27.859863915789468,42.82864149473684,28.04095023157894,43.145796536842106,28.307969852631572,43.56949723578948,28.626549456842103,43.997797383157895,28.94906128842105,44.43989587578948,29.283369802105263,44.88199436842106,29.617678315789473,45.40251937263159,30.02562364631579,45.93424816421053,30.444088522105265,46.43606368421053,30.851006315789476,46.90796593263158,31.24637702736842,47.40017090526317,31.63635132631579,48.03449494736842,31.988550736842107,48.668818989473685,32.340750147368425,49.19137894736842,32.69355789473684,49.67668421052631,33.04656842105263,50.11886031492708,33.47322895005598,50.489154488065985,34.0226394835386,50.85944866120489,34.57205001702121
212200,74,66.369513,54.3397824,64.39169499876702,52.94225985046208,62.38733205472609,51.30825321206198,61.33466100778666,50.061941395808084,61.397420383707235,48.776395914882144,61.517089551928436,47.07980278938689,60.8583993873285,47.63985470436714,58.19173958969444,46.32279356407386,55.359491599103286,44.38091156138196,54.65390475719036,43.30103144179646,54.326610810617964,42.68928262726307,53.99436965684211,42.28268180210526,51.959892017368425,37.75827267368422,50.0573695231579,33.06438602105265,46.46368421052632,25.46829473684211,44.369463157894735,20.364126315789473,45.36154736842105,19.28084210526316,46.401947368421055,18.144000000000002,47.43751578947368,17.012547368421057,48.756,15.3216
212200,75,78.6154494,54.407199999999996,79.32490760842106,55.20502905263158,80.10615196736842,56.09117557894737,80.93485064526315,57.0375132631579,81.78248213368421,58.01166568421053,82.78872206526316,59.14721515789474,83.7305454,60.208800000000004,84.60738947368421,61.198147368421054,85.45667368421053,62.16016842105263,86.31240000000001,62.350147368421055,87.25938947368421,59.7989052631579,88.2750947368421,54.74088421052631,89.16195789473684,50.317473684210526,90.04882105263158,45.894063157894735,90.93568421052632,41.46863157894737,91.85958947368421,37.19242105263158,93.26504210526316,34.89111578947369,94.91744210526316,33.997810526315796,96.66862105263158,33.6677052631579,98.4198,33.3376
212200,76,57.16249319999999,53.8223168,57.52776056842105,54.11186627368421,59.53544879368421,52.78203631157895,62.25195939157895,50.710370661052636,64.45938584210528,49.033253894736845,66.64414885894737,47.36743787789474,68.81923443789475,45.71106229894737,71.68623562105265,43.362926484210526,77.11207945263158,38.45476581052631,80.21924210526315,35.85785263157895,80.30943157894737,33.488168421052634,77.87753684210526,31.232673684210525,76.0962947368421,30.610189473684212,74.08474736842105,29.90618947368421,72.13601052631579,29.226442105263157,70.35476842105263,28.608336842105263,68.57352631578948,27.985852631578947,66.79228421052632,27.363368421052634,64.90635789473684,26.705515789473687,62.832,25.984
212200,77,42.381,5.76,41.82,6.675199999999999,41.233231578947375,7.636884210526316,40.57774736842105,8.722526315789473,39.864284210526314,9.9072,39.102505263157894,11.1744,38.427694736842106,12.296084210526315,37.77221052631579,13.385094736842104,37.11672631578948,14.470736842105262,36.51492631578948,15.109052631578948,36.00707368421053,14.964547368421053,35.25495789473684,15.060547368421053,34.36326315789474,15.293978947368421,33.58967368421053,15.493726315789473,32.827894736842104,15.690778947368422,32.066115789473685,15.890863157894737,31.304336842105265,16.090947368421052,30.542557894736845,16.29103157894737,29.690589473684213,16.51536842105263,28.8048,16.7488
212200,78,13.106245200000002,26.730502400000002,12.830523094736844,26.749635031578947,12.554800989473684,26.768767663157895,12.76924417894737,27.075516463157893,13.277786545263158,27.554834964210528,13.74725389263158,27.999632606315792,14.099496183157896,28.34086767157895,14.45173847368421,28.682102736842104,14.796873082105265,29.050017616842105,15.140992307368421,29.421743898947373,15.476755263157896,29.811410526315793,15.804161949473686,30.219017498947373,16.341967359208983,30.646537855014504,18.35256383288084,31.213451895130508,20.3631603065527,31.780365935246518,21.107073607798313,32.24948040561473,21.428759184901836,32.685995019400345,21.737041303319593,33.13718685080134,22.022984323927737,33.61284071156132,22.30892734453588,34.08849457232129
212200,79,13.066199999999998,24.16,13.53003157894737,23.96597894736842,14.182294736842106,24.33684210526316,15.157200000000001,25.713852631578945,16.38603157894737,27.757810526315787,17.6766,29.902821052631577,18.859125587454244,31.976024457250325,20.64353498672218,36.61001577325556,21.77903139898866,38.12057566189927,22.907008288024596,39.40754847329174,24.148562941479295,40.95980736841038,25.185660157894734,42.36683317894736,25.5790296,43.057154964210525,25.7677704,43.49422187789473,25.93383096315789,43.98343397052631,26.051857847368424,44.47373109894737,26.139778894736846,44.99175343157894,26.29581205263158,45.230924800000004,26.51472970334157,45.282127459113354,26.43222145449659,46.69294057438458
212200,80,12.757089,33.7567808,11.771002389473685,33.03937825684211,10.986248304635561,32.094189732439546,10.126336018067493,31.390576429437477,9.57761527263158,30.47437574736842,11.413751882842107,27.14798581894737,13.541255862947368,23.83677864421053,16.903292797894736,18.054799494736848,19.494884210526315,14.100547368421052,22.157084210526314,12.745768421052633,24.392735232992273,11.897384960344498,26.99576769332235,10.890242324797136,29.677001463157897,9.73157187368421,34.71951630315789,7.951884395789479,41.026483054736836,5.92806642526316,49.83881750526319,2.7100860631578856,55.72421052631579,1.478063157894737,59.26790526315789,1.7317052631578944,62.93453684210526,1.9924210526315789,66.3816,2.24
212200,81,66.81,2.016,66.64357894736843,1.9216842105263159,66.47769473684211,1.8277052631578947,66.31664210526317,1.736757894736842,66.08472631578948,1.6761263157894735,65.56935789473685,1.7367578947368418,64.96218947368422,1.8529684210526312,64.14082105263158,2.0988631578947365,63.319452631578955,2.344757894736842,62.49808421052632,2.5906526315789473,61.67671578947369,2.8365473684210523,60.85534736842106,3.0824421052631577,62.67524210526315,4.698610526315784,66.25597894736842,7.2282947368420984,71.51649473684209,10.51486315789473,77.49691578947368,14.125810526315789,83.47733684210526,17.736757894736837,89.45775789473683,21.347705263157884,95.43817894736841,24.958652631578943,101.4186,28.5696
212200,82,10.785023039999999,15.84872576,13.511312538947365,15.89968181894737,16.242694736842104,15.951494736842106,18.948378947368422,16.00336842105263,21.293305263157894,16.04715789473684,23.638231578947366,16.090947368421052,25.98315789473684,16.134736842105262,28.328084210526324,16.178526315789473,30.948410526315794,16.22534736842105,33.59933684210526,16.272505263157893,35.94426315789473,16.316294736842107,38.2891894736842,16.360084210526317,40.63411578947368,16.40522105263158,42.979042105263154,16.453389473684208,45.65466315789473,16.50155789473684,48.240094736842096,16.548042105263157,50.585021052631575,16.591831578947367,52.92994736842105,16.635621052631578,55.27487368421052,16.679410526315788,57.6198,16.7232
212200,83,60.91492020000001,3.1577664,60.88056230526317,3.2229790315789497,61.01867583473685,3.4883450273684224,61.20442352526316,3.8243351242105272,61.388430397894744,4.192743679999999,61.56391184210526,4.592513684210522,61.75794107368421,5.002779621052634,62.24119345263158,5.186619957894739,62.50452631578947,5.487831578947371,62.74234736842105,5.8095157894736875,62.98285263157894,6.130189473684211,63.93735789473684,7.21616842105263,66.41756842105264,9.942568421052627,68.58211578947368,12.324715789473677,70.74666315789474,14.701810526315786,72.91765263157896,17.08261052631579,75.28888421052632,19.686063157894736,77.67890526315789,22.31208421052631,79.84345263157894,24.689852631578947,82.008,27.072000000000003
212200,84,61.760999999999996,53.4784,61.640210526315784,54.928505263157895,61.513515789473686,56.38231578947369,61.37715789473685,57.95065263157895,61.4142,59.37549473684211,62.179199999999994,59.70896842105263,63.763421052631585,59.000252631578945,65.41152631578947,58.21372631578947,67.16861052631579,57.37296842105263,69.04863157894737,56.470905263157896,70.69136842105263,55.68269473684211,72.34108421052632,54.894484210526315,73.98704210526316,54.10930526315789,75.72372631578948,53.28067368421053,77.62951578947369,52.369852631578944,79.27225263157894,51.58164210526316,82.19278842731201,50.341481241327,84.38664221379506,49.36042098430748,85.70637337274492,48.68227693905701,87.13952182377811,47.94181526580351
212200,85,50.53335585717069,10.535973691819677,51.551562315789475,11.525168505263169,52.37498576842105,12.084492665263163,53.33083206315789,13.299262383157897,54.503063305263154,14.906794711578941,55.54937823157894,16.402020513684207,57.626360210526315,19.37528050526316,59.025252631578944,21.321768421052628,60.52411578947368,23.403452631578944,61.858705263157894,25.25338947368421,63.193294736842105,27.098610526315788,64.67068421052632,29.141894736842104,66.05627368421052,31.057852631578946,67.38066315789473,32.90341052631578,68.75605263157895,34.809936842105266,70.24364210526316,36.86467368421052,71.57823157894737,38.71393684210526,72.91282105263157,40.559157894736835,74.40202105263157,42.630736842105264,75.7656,44.5184
212200,86,8.51195915999999,27.932089599999998,9.593037683368424,27.39430521263158,11.052079901684213,26.655996732631575,12.724611566526312,25.808587149473677,14.405917271368422,24.966930492631572,16.368016596631577,24.010142113684207,19.554268717894733,22.94168623157895,23.233452631578942,21.845557894736842,25.41303157894737,20.930694736842103,27.586168421052633,20.019873684210523,29.94236842105263,19.031915789473683,32.43009473684211,17.987705263157896,34.60215789473684,17.07284210526316,36.780126315789474,16.161684210526314,38.9597052631579,15.249515789473682,41.16451578947369,14.323873684210524,43.697336842105265,13.258105263157896,44.995421052631585,13.640757894736842,45.67613684210527,14.621305263157893,46.134600000000006,15.635199999999998
212200,87,46.430400000000006,13.913600000000002,46.54206315789474,13.245305263157894,46.65372631578948,12.577010526315789,46.770757894736846,11.905347368421054,46.89476842105264,11.186863157894738,47.021463157894736,10.43637894736842,47.14117894736842,9.763031578947368,47.25284210526316,9.094736842105265,47.364505263157895,8.426442105263156,47.49388421052632,7.6803368421052625,47.55830526315789,8.49414736842105,47.54166315789473,11.093557894736842,47.507305263157896,14.112336842105263,47.47294736842105,17.135831578947368,47.39027368421053,19.583326315789474,47.28505263157894,20.771705263157894,47.17338947368421,21.55317894736842,47.0585052631579,22.334652631578948,46.93664210526316,23.14037894736842,46.8078,24.0512
212200,88,42.3402,47.3664,42.179147368421056,47.19461052631579,41.539768421052635,47.05616842105263,40.72269473684211,46.929852631578946,39.87555789473684,46.79949473684211,38.92534736842106,46.652968421052634,38.10290526315789,46.52530526315789,37.28422105263158,46.39898947368421,36.46607368421053,46.272673684210524,35.6345052631579,46.14366315789474,34.6842947368421,45.997136842105256,33.85272631578947,45.868126315789475,33.034578947368416,45.74181052631579,32.2158947368421,45.61549473684211,31.39345263157895,45.487831578947365,30.443242105263153,45.34130526315789,29.596105263157895,45.21094736842105,28.779031578947368,45.08463157894737,28.036578947368415,44.96909473684211,27.48899999999999,44.8832
212200,89,45.053399999999996,52.5312,43.83262105263158,52.1472,42.61184210526316,51.763200000000005,41.39106315789474,51.379200000000004,39.99849473684211,50.942989473684214,38.57156842105264,50.496336842105265,37.144642105263166,50.04968421052632,35.85300000000001,49.646147368421055,34.62900000000001,49.26416842105264,33.40500000000001,48.882189473684214,32.250377987451984,48.21644459232095,31.165133962355927,47.26693377696284,30.079889937259875,46.31742296160473,29.194703596469644,45.58638954206744,28.709632624291064,45.292310914171765,28.224561652112484,44.9982322862761,27.746855340895916,44.69590907938784,27.305972334489393,44.35236297753659,26.865089328082874,44.008816875685355,26.42420632167635,43.66527077383411
212200,90,22.868399999999994,42.4256,22.718084210526317,43.12623157894737,22.56991578947369,43.816421052631576,22.441073684210526,44.41263157894737,22.31223157894736,45.00951578947369,22.183389473684205,45.60909473684211,22.346052631578942,45.33456842105264,23.188894736842098,43.020463157894746,24.31304210526315,39.87233684210527,25.85914736842105,35.473178947368424,27.246884210526314,31.446231578947373,28.476252631578948,27.791494736842107,29.43183157894737,24.492463157894743,30.20488421052632,21.43056842105264,30.97793684210526,18.371031578947374,31.750989473684204,15.312505263157899,32.62282105263157,11.841684210526322,33.519347368421045,8.267789473684221,34.18970747368421,5.614615578947372,34.83493800000001,3.063744
212200,91,93.6666,24.9152,93.59681052631579,25.30122105263158,93.52594736842104,25.689263157894736,93.45562105263159,26.057094736842103,93.38636842105264,26.459284210526317,93.31496842105263,26.83115789473684,93.24625263157895,27.198989473684207,93.17109473684211,27.60522105263158,93.10398947368421,27.968,93.03097894736841,28.346273684210527,92.95582105263158,28.742399999999996,92.89086315789474,29.10854736842105,92.8157052631579,29.502652631578947,92.75074736842106,29.88261052631579,92.68203157894737,30.250442105263154,92.60150526315789,30.656673684210528,92.53547368421053,31.020799999999998,92.46997894736843,31.388294736842102,92.39052631578947,31.7952,92.26879544136139,33.13277780768483
212200,92,29.049600000000012,7.136000000000003,28.26044210526316,7.686736842105262,27.471284210526314,8.237473684210524,26.68212631578947,8.79056842105263,25.865589473684206,9.363536842105262,24.93953684210527,10.00522105263158,24.141252631578944,10.566736842105266,23.368199999999995,11.041684210526316,22.66117894736842,11.24378947368421,22.02824210526316,11.093894736842103,21.311557894736836,10.922105263157896,20.678621052631577,10.77658947368421,20.058568421052634,10.632084210526314,19.441200000000002,10.48555789473684,18.82168421052632,10.33734736842105,18.096947368421052,10.16555789473684,17.455957894736844,10.01397894736842,16.835905263157894,9.867452631578946,16.217999999999996,9.720926315789471,15.606000000000009,9.574399999999997
212200,93,30.60000000000001,17.2352,31.960894736842107,16.61776842105263,33.21656842105263,16.047494736842104,34.38151578947368,15.517642105263157,35.54002105263158,14.98778947368421,36.702821052631585,14.457936842105262,37.89836842105264,13.914610526315789,39.25926315789474,13.29717894736842,40.48487368421053,12.743410526315788,41.44904210526315,12.578694736842102,41.74215789473684,13.616505263157894,41.90643157894737,14.90021052631579,42.0384947368421,16.3264,42.18505263157894,17.907199999999996,42.3138947368421,19.299031578947364,42.43951578947368,20.65482105263158,42.56513684210526,22.00791578947368,42.69075789473684,23.36505263157894,42.826042105263156,24.825599999999994,42.9726,26.406399999999998
212200,94,27.13328417999999,61.1749408,26.508115550526302,61.01350618947368,25.882946921052614,60.85207157894737,25.254359251578933,60.678441936842106,24.625344202105254,60.50328791578947,23.902396439999993,60.29624218947368,23.152610759999998,60.08008454736842,22.07048782105263,59.83168505263158,20.822196252631574,59.56716463157895,19.856715789473682,59.34686315789474,19.117484210526317,59.16193684210526,18.463719777092678,58.80238648635347,17.916789275551203,58.224556080648775,17.531259769214994,57.916834398378185,17.468532253289318,58.1493301629758,17.420031869590957,58.366237405011304,17.4213264486882,58.5285848180794,17.432698660102286,58.679114015500986,17.524691930051148,58.735097487750494,17.616685200000006,58.79108096
212200,95,6.393290640000004,33.6063616,6.397253094554309,33.32705898710181,7.063904514741136,33.43151884431074,7.333251622082184,33.2089247103566,7.496226811385885,32.806220671743276,7.8143113705263145,32.33954357894738,8.334033516631576,31.59948395789474,10.763073359368416,31.62327376842105,14.32508635136842,31.783039326315787,18.078572658947365,31.963304421052634,24.40245090315788,32.80329431578947,30.819568421052633,33.70543157894737,35.44070526315788,34.12985263157895,40.56003157894735,34.598063157894735,45.40878947368421,35.04269473684211,50.02563157894737,35.46711578947368,52.83868421052632,35.75141052631579,51.07569473684211,35.702905263157895,48.91329473684211,35.61397894736842,46.7772,35.519999999999996
212200,96,19.13598540000001,48.3507776,19.49666335894737,49.60799316210526,20.113814681052617,50.72521933473684,20.730538509304917,51.84772759291187,21.275681269650544,52.85520802660809,21.613783032562466,53.533767480879455,22.25314028628093,54.55209437419083,23.044006206315785,54.69737876210527,26.08564357578947,53.26802186105263,28.687553845263146,52.02221308631579,31.316766562105254,50.729541995789475,35.89620773684211,48.51275621052631,39.59264210526316,46.74458947368421,43.09177894736842,45.05936842105264,46.16036842105263,43.58467368421053,49.223052631578945,42.112336842105265,52.524631578947364,40.53052631578948,55.796147368421046,38.95578947368422,58.863663157894734,37.48109473684211,61.9242,36.0064
212200,97,42.86687700000001,33.3426688,43.46185293157895,32.88979375157894,44.14470481578948,32.387410189473684,45.06189257368421,31.753003924210528,45.973148763157894,31.11089987368421,46.879461978947376,30.46238100210526,47.89863363157895,29.71561229473684,49.022418631578944,28.948878821052627,50.94154057894737,28.20083065263158,53.15080138301654,27.44525175844055,55.86780518631202,26.676494094152055,57.27203770799368,26.098490533748492,57.9261152116103,25.629489318422035,58.672042835875864,25.04573443617322,59.43719042711649,24.613858661609623,60.24749531545288,24.917078021744576,60.5721798,25.02739671578948,60.3141198,24.906234610526315,60.45665953894737,25.115316816842103,60.74942418,25.44824064
212200,98,31.102029311999985,16.308255488,28.265040823578943,16.025060810105263,24.76706785515789,18.32635057852631,16.88712017608106,23.05226917616568,15.16249763190456,26.466836328158507,13.406589568421053,28.417025347368416,17.972105005263156,25.22073532631579,22.202112701052624,21.986804412631578,29.888500610526314,16.71488943157895,37.97837922988049,12.376796171934174,43.513531024197526,9.96492065300998,47.93685678947369,13.20936151578948,46.01977375614315,14.49389569962737,46.08578441885999,15.635014669064175,46.07640980526315,17.275233886315792,49.171112459999996,17.33493783578947,52.940579741052616,16.830255629473683,57.09441249473683,16.022843621052637,53.70300738940491,11.887825417990491,51.47133652292036,8.808394626783262
212200,99,50.12324064,9.288613183999999,50.452817027368425,10.453069921684213,50.77152429473684,11.539036261052631,51.133373052631576,12.758783831578944,51.618171536842105,14.42199892210526,52.273926315789474,14.606484210526316,53.011547368421056,14.682610526315791,53.77654736842105,14.759747368421055,54.45296842105263,14.825768421052633,55.129389473684206,14.895831578947366,55.68735065916025,14.742230967066826,56.18347875019388,14.474260252854164,57.019367477506236,14.866093648563574,57.77316645392571,15.102126290822579,58.44473693352857,15.316733454919541,59.04503526315791,15.532054905263157,59.756028947368435,15.391524378947368,61.14513473684211,14.783292631578945,62.61655721052632,14.058284732631575,63.747909,13.45982464
212200,100,87.5617062,0.8481279999999956,88.42376725263158,0.883968,88.93769419894737,1.1006780631578967,89.26631339684211,1.4625798736842124,89.61518281578948,1.936252631578947,89.8747852168421,2.370611199999995,90.10608632210526,2.820329094736837,90.32590888421053,3.2556732631578926,90.56258861052632,3.5877591578947343,90.86696842105263,4.039410526315788,91.1600842105263,4.47797894736842,91.43065263157894,4.883536842105265,91.70122105263157,5.289094736842104,91.97178947368421,5.694652631578947,92.26168421052631,6.128505263157896,92.57412631578947,6.595368421052633,92.8446947368421,7.0009263157894726,93.11526315789473,7.406484210526315,93.38583157894736,7.812042105263158,93.6564,8.217599999999997
212200,101,63.880968,0.0,63.880968,0.0,63.880968,0.0,63.880968,0.0,63.880968,0.0,63.880968,0.0,63.880968,0.0,63.880968,0.0,63.880968,0.0,63.96935368421053,0.10509473684210517,65.29127368421052,1.6815157894736839,67.27222105263158,4.046147368421053,69.44643157894737,6.653305263157897,69.7943052631579,7.70122105263158,69.14962704499689,7.773227929713551,68.28344650133816,5.670941079201676,69.96075367568851,3.2384173744955724,72.85076444254744,1.0407490049564487,73.20448468421053,3.812655157894732,72.9903228,7.430297599999996
212200,102,4.375799999999998,29.3504,4.380496423578944,29.352981288421056,5.371642105263156,32.29911578947368,6.840817547412516,38.35855506116583,8.082299397256605,41.371523525174254,9.536763360000009,45.17866543157895,10.03135126736842,45.711214652631575,10.664652131368419,46.364899267368415,11.28053088,47.02361397894737,11.924523612812608,47.773023506848645,12.762660283565527,48.61311208003445,13.807580070534563,49.61489747147979,15.750727316842095,50.022194324210524,19.331665904210507,50.05280828631579,22.990496039999993,50.04353253052632,28.886936842105268,49.898105263157895,33.39265263157895,49.866778947368424,37.477484210526306,49.835452631578946,41.72175789473684,49.804126315789475,46.0734,49.772800000000004
212200,103,80.774208,37.373113599999996,81.5816185263158,37.48737044210526,82.38902905263159,37.60162728421052,83.2421892631579,37.835137852631576,84.12279928421053,38.140200656842104,84.97043002105264,38.435603435789474,85.71912290526315,38.70202613894737,86.46781578947368,38.96844884210526,87.12693549473684,39.18732200421052,87.77325903157895,39.39940237473684,88.66001052631579,39.39487157894737,89.78718997894737,39.1737296168421,91.02076294736841,38.879291957894736,92.99909052631578,38.07178442105263,94.97741810526315,37.264276884210524,97.0760842105263,36.36311578947368,99.21486315789473,35.43073684210526,100.7802947368421,34.54787368421053,101.39014736842105,33.74753684210526,102.0,32.947199999999995
212200,104,96.35944243964711,2.434146768157632,96.13526584816375,2.933205315623969,95.90764113805025,3.4306105076104063,95.67082144492305,3.9236067516504436,95.39552324016807,4.465690647493234,95.08815960905662,5.0486809198383185,94.31290279604784,5.8506732374598895,93.44971578947369,6.642863157894739,92.74698947368421,6.850357894736842,92.0464105263158,7.056505263157894,91.3495894736842,7.2602947368421065,90.57761052631578,7.487663157894739,89.76268421052632,7.728505263157894,89.04975789473684,7.939031578947369,88.42531507554146,8.082467715821357,88.15314799101945,7.937640152838804,87.62175089456444,8.009647264258989,86.77927778378984,8.341855984962463,85.86192775685485,8.69738659769972,84.91649888635975,9.061662919949647
212200,105,76.30619999999999,20.4032,77.5930105263158,21.22778947368421,78.87982105263158,22.05237894736842,80.32714736842105,22.982063157894736,81.68213684210527,23.85515789473684,82.96465263157894,24.679747368421054,84.25146315789473,25.50433684210526,85.6000105263158,26.367663157894736,87.05807368421053,27.300715789473685,88.32555789473683,28.123621052631577,89.42984210526315,28.91957894736842,89.70953684210525,29.57541052631579,89.96024210526315,30.31208421052631,90.19001052631579,30.991157894736837,90.41441052631579,31.63823157894737,90.63827368421053,32.285305263157895,90.86396426345803,32.7977542795731,91.10068989814353,33.16949921475967,91.33474177106936,33.89303554985167,91.57733503040873,34.668629522078824
212200,106,5.757558096000011,25.63112192,6.197305263157894,28.14282105263158,6.779778947368421,31.432421052631582,7.196876866339126,35.22919902952923,7.530356406013421,39.749537557666514,8.172114229976195,41.96736781026688,8.767276209656448,44.63217876045989,9.281211969473684,46.04923856842106,10.012146460421045,46.81673896421052,10.781542665789473,47.58441347368421,11.434374806526318,48.245584640000004,12.105382332631576,48.90576572631579,12.948094736842101,49.62661052631579,13.699673684210525,50.35048421052632,15.820736842105271,50.55966315789474,20.741968421052633,49.89642105263158,27.057915789473682,48.88757894736842,33.05068421052631,47.93061052631579,44.987194284281195,45.01166064463487,49.86242012575375,44.288713780227006
212200,107,38.3418,57.6128,38.21617894736843,57.930442105263154,38.07606315789474,58.26425263157895,37.93433684210527,58.60412631578947,37.66108421052631,58.9056,35.627526315789474,59.75848421052631,32.64966315789474,60.93776842105263,31.00531578947368,61.6229052631579,31.166368421052635,61.646147368421055,31.591547368421054,61.57473684210526,31.979684210526315,61.51141052631579,32.362452631578954,61.451452631578945,32.766694736842105,61.38711578947368,33.16878947368421,61.31907368421052,33.55155789473683,61.26315789473684,33.96492631578948,61.127747368421055,34.82280000000001,59.667873684210534,36.2304,56.309221052631585,37.63799999999999,52.94955789473685,39.2394,49.12
212200,108,43.40908859999999,23.522822399999995,45.53067045473683,24.0283177768421,47.62887374842105,24.528593077894733,49.70447368105263,25.020221945263156,51.75603543473684,25.497484833684204,54.107149661052624,26.034017212631575,57.75140523157894,27.006834189473683,61.91238947368421,28.163031578947365,64.47527368421052,28.80437894736842,67.03815789473684,29.44572631578947,69.81148421052632,30.141305263157893,72.73512631578947,30.87562105263158,75.29801052631579,31.516968421052635,77.85498947368421,32.15831578947368,80.41357894736842,32.799663157894734,83.00706315789475,33.44875789473684,85.99834736842107,34.198568421052634,88.29173684210527,35.1168,89.58928421052632,35.41355789473684,89.5968,34.4704
212200,109,63.539390399999995,0.4756608,63.28116934736842,0.5102544842105244,63.18146080421052,0.6646957136842078,63.22780573894737,0.9319485305263131,63.39637802526316,1.3202227873684202,63.57129449684211,1.7150565726315798,63.7323550313814,2.1167398569185134,63.79539977536058,2.533547006888838,64.06355764566482,3.1911908895458945,64.40998962342252,3.8757955708040264,64.71346399443243,4.293474421196509,64.971191624963,4.816627612310072,65.24168772631579,5.273609431578943,65.5717919368421,5.510510484210522,70.60241528507285,11.211052562744,74.60494460925848,16.125920630699106,75.59509974582147,18.19428743783005,76.64677343464176,20.149836608591407,78.67038909338078,23.545943396796606,81.82195608,28.633669120000008
212200,110,24.59219999999999,55.8656,23.93081052631578,55.908042105263156,22.86839999999999,55.36842105263158,21.581052631578938,54.504084210526315,20.28833684210526,53.63637894736842,19.002599999999994,52.77305263157894,17.592852631578943,51.829221052631574,16.136400000000002,50.855073684210524,14.851200000000006,49.992084210526315,13.566000000000004,49.129094736842106,12.761810526315788,48.21423157894737,12.512715789473678,47.21650526315789,12.708126315789473,46.03284210526316,12.879915789473685,44.98256842105263,13.045263157894736,43.96867368421052,13.210073684210519,42.954442105263155,13.36790526315789,41.93583157894737,13.55257894736842,40.79932631578947,13.737252631578949,39.6762947368421,13.902599999999993,38.662400000000005
212200,111,53.128668600000005,31.8946112,52.07868392842105,31.796267519999997,46.801754302252604,31.783322879909363,44.86465339837527,32.46829085354761,43.788607515789465,34.3634435368421,41.54346695708042,38.608067468261794,40.51571221852824,41.110898151854705,39.76780477263157,43.05728582736842,40.04692294105262,43.271196395789474,40.4011289187435,43.684154257639634,40.71645344542971,43.87265660822194,40.970061701052636,44.074228143157896,40.16842260315789,45.368671797894734,39.09809854105263,47.00634246736841,37.61223157894737,50.21035789473684,36.45479999999999,52.310568421052636,35.19697894736842,54.5882947368421,34.383126315789475,56.381642105263154,38.80079999999999,53.60033684210527,44.186400000000006,49.8496
212200,112,65.3106,4.704000000000001,64.49996842105263,4.474947368421052,63.722127638665334,4.219912364742994,63.239404025318706,3.731036012172948,62.68311360394242,3.327146400228723,61.83255595044746,3.263203750787783,60.93781610798907,3.169084391860952,59.93998449128269,3.0045527108003767,58.46541703182191,2.6584843599969292,56.27574580822953,2.040111004579173,54.812229077435525,1.7273193479216404,54.07486683943989,1.720109390024333,52.99821409924189,1.787626818269549,51.695367690908995,1.9049625039431146,49.85559656448506,2.285883235921565,47.78571484459356,2.7797689877449674,46.9883905194614,2.8755436551224434,46.50920554301907,2.871790551388437,46.30430957866056,2.7028904635695783,46.129890171200245,2.515640710852402
212200,113,7.233061740000011,16.162566400000003,10.006481256947374,15.779006079999997,12.294261160105263,15.447918585263153,14.164481027368415,15.161750905263156,16.019130777157883,14.87490051368421,17.854810974947366,14.585439191578947,20.1949682431579,14.36103174736842,25.37495723368421,14.503395705263156,28.626031578947366,14.410778947368419,31.021421052631574,14.213726315789474,33.42217894736841,14.016673684210529,35.81756842105262,13.81962105263158,38.33589473684209,13.613136842105263,41.13445263157894,13.385431578947369,43.59050526315789,13.183663157894735,45.98696842105262,12.986610526315788,48.387726315789465,12.789557894736843,50.782042105263145,12.592505263157898,52.290031578947364,13.094736842105263,52.7646,14.412799999999997
212200,114,27.03793356,11.696048639999994,26.594365623157895,11.472093103157889,26.15079768631579,11.248137566315782,25.707229749473683,11.024182029473677,25.227545115789475,10.742437726315782,24.60339369473684,10.229538357894732,23.979242273684207,9.716638989473681,23.355090852631577,9.20373962105263,22.678371217825944,8.619823737147104,21.92279926239081,7.9293830800148655,21.16722730695568,7.238942422882625,20.41165535152055,6.548501765750384,19.85943428360422,6.186003341954367,19.442780474033754,6.042133073715832,19.026126664463288,5.898262805477298,18.609472854892825,5.754392537238763,18.19845691123685,5.595323570540458,17.788850434059494,5.432454929227211,17.379243956882142,5.269586287913962,16.969637479704787,5.106717646600714
212200,115,6.41579999999999,36.2368,6.319239445263163,34.950597928421054,4.916979582413148,27.494071876379262,5.172797195703528,25.23488146836102,5.166127136842107,22.20068884210526,5.562781730526314,22.127434442105265,5.925644475789473,22.33606501052631,6.199669942386839,22.468112958706257,6.743587887040782,22.8777830363458,7.5181415092464166,23.33937671626344,8.802351200526306,24.645049094736837,12.566906730631576,28.51592485052632,15.501848132842097,31.58098384842105,21.346494666315778,37.143864252631566,25.52845263157894,41.246315789473684,29.6454947368421,45.33861052631579,33.44043157894737,49.10618947368421,39.997717348483285,49.48060529787881,42.268079637449354,48.335870848707096,45.7198272,44.7588288
212200,116,56.8964262,48.5148032,57.35037988421053,49.3046979368421,57.93273809368421,49.67362095157895,58.59738823894736,49.79760323368421,59.289428605263154,49.893916631578946,59.90218184842105,49.92459749052632,60.51072190105263,49.92385306947368,61.13103941052631,49.88237877894736,61.78935492631579,49.76409734736842,62.48895789473684,49.771452631578946,63.357031578947364,50.049684210526316,64.44682105263158,50.64993684210526,65.89736842105263,51.6826947368421,67.34791578947369,52.71915789473684,68.90153684210526,53.82938947368421,70.57487368421053,55.024168421052636,72.0179052631579,56.056926315789475,73.28914736842106,56.520421052631576,74.44872631578947,56.613052631578945,75.531,56.448
212200,117,102.0,63.7312,102.0,63.7312,102.0,63.7312,102.0,63.7312,102.0,63.7312,102.0,63.7312,102.0,63.7312,102.0,63.7312,102.0,63.7312,102.0,63.7312,102.0,63.7312,102.0,63.7312,102.0,63.7312,102.0,55.37800316317577,101.98054365326517,47.50039454470587,101.87353374622363,45.521871485401505,101.54086429748574,43.55802770509161,100.93740339871222,41.61179905957507,100.15039877734284,37.513612448356646,99.29456526,32.608441600000006
212200,118,24.78238920000001,57.93904192,25.313755515789477,58.26961876210526,27.497534393684212,57.778588991999996,30.385052823157892,56.88886972968421,32.73690268421051,56.14354703157895,35.086383890526314,55.37578586273684,37.43680210105263,54.59626299957895,40.49631056842105,53.568561583157894,46.15273882105264,51.65847019789474,49.43456842105263,50.58122105263158,52.31687368421053,49.64042105263158,55.19649473684211,48.697936842105264,58.082557894736844,47.75949473684211,61.34065263157895,46.69507368421053,63.51808421052632,46.16218947368421,64.1188105263158,46.3834947368421,64.71255789473685,46.60042105263158,65.3063052631579,46.82071578947369,65.93763157894738,47.05583157894737,66.6366,47.315200000000004
212200,119,78.05617130631256,16.243186872559306,77.63274502418133,15.257572767510602,77.20845695356951,14.256918503033521,76.7764127866323,13.120902803701041,76.21415159696859,11.657271293052421,75.13102231639883,8.883176537139237,74.39245994842105,6.75998427621053,74.4578870431579,6.1555645035789475,74.56301275263158,5.749778768842103,74.72768638421051,5.641944090947366,74.93315330526315,5.6332470635789464,75.17941351578946,5.723687686736843,75.43158757894736,5.834388917894735,75.68770421052632,5.9585972210526235,75.89056347999188,5.981906532643316,76.07059816569458,5.961973419276636,76.29099754278201,6.357756219468043,76.52148809271561,6.857467998048971,76.71836854609272,7.300188252780349,76.91151454429686,7.736576115972888
212200,120,36.873000000000005,43.3856,36.70013684210526,43.748715789473685,36.01512631578947,44.836378947368424,34.94251578947369,46.4613052631579,33.61222105263158,48.42307368421053,32.2889052631579,50.38484210526316,30.961831578947375,52.346610526315786,29.584831578947373,54.37810526315789,28.03657894736843,56.665263157894735,27.325800000000005,57.93381052631579,27.137905263157897,58.59637894736842,27.332242105263163,58.82341052631579,27.520136842105266,59.05448421052631,27.73755789473684,59.31149473684211,27.946926315789472,59.55941052631579,28.13535789473684,59.78610526315789,28.330768421052632,60.01717894736842,28.520810526315795,60.244884210526315,28.68991578947369,60.37861052631579,28.825199999999995,60.3456
212200,121,19.787999999999997,56.4736,18.971463157894735,55.91242105263158,17.18324210526316,54.86787368421053,15.207663157894729,53.716210526315784,12.846912382311,51.12347806035282,10.938289016057944,50.503542140309975,9.361531966105266,50.32765702736842,9.492442931999994,51.22362522947368,9.70924804421052,52.042577515789475,10.137047467595623,52.88757019738533,10.584833501609234,53.86694317920629,11.329655368421056,54.838977684210526,15.374310757894735,53.95191595789474,19.621242884210517,52.609636547368424,27.07704884210524,50.59100968421053,33.1516105263158,48.92968421052631,39.09015789473685,47.244463157894735,44.52890526315789,45.70004210526316,50.467452631578944,44.01482105263158,55.9164,42.4704
212200,122,52.2457872,31.292038399999996,48.11946929661507,30.25626358550852,44.686237944,30.031201610105263,44.88326035506521,29.773209577296026,45.43150799285333,29.22053772748106,45.951344652631576,28.76879629473684,42.35392232417207,33.744135756862356,39.58409525684211,38.48683277473684,39.53331010105263,38.75785943578947,39.69946638315789,38.491485237894736,39.98775789473684,38.35722105263158,35.163633799708194,31.55443887997115,31.030088613318306,26.459029246447493,28.55868205263157,23.45517989052631,34.27914268421052,25.67373463578947,40.46404421052631,27.995191242105264,48.69963157894736,31.300042105263152,54.940421052631564,33.730694736842096,61.66222105263156,36.35334736842105,66.6876,39.0976
212200,123,45.87403080000001,35.3088128,44.73405131368421,34.63397470315789,41.403574155789464,33.58703912421052,37.754300829473685,32.345183797894734,31.613557894736847,30.641852631578946,23.153696339973646,28.5496510607107,20.82528360207555,27.638183552977,18.007195421052636,26.740932715789477,18.170217253766985,25.52246449213859,18.70205364282643,25.082795705817123,18.833551637268155,23.67455533820758,19.103687368421053,22.305393178947362,25.85915810526315,22.881621018947364,31.20341052631577,23.387924210526307,40.45073052631577,25.029708799999995,48.32867368421053,26.184084210526315,54.9023052631579,27.07166315789474,61.96446315789472,28.025263157894734,63.56747368421053,24.962021052631584,54.4476,13.7472
212200,124,28.3035414,15.652951039999998,31.127101642105263,15.902042543157892,33.69757894736842,16.129684210526314,35.59316842105264,16.300126315789473,37.65947368421053,16.482694736842106,39.868042105263164,16.67536842105263,41.82053684210526,16.849852631578948,43.715589473684204,17.019957894736844,45.60527368421052,17.186694736842107,47.49710526315789,17.35343157894737,49.3926947368421,17.520168421052634,51.48745263157895,17.705768421052635,53.69602105263158,17.902147368421055,55.620063157894734,18.07157894736842,57.918064556113436,18.25005811313347,62.026919614737366,18.48137773536756,64.88798282004215,18.725920804994423,66.25169580136395,18.986332011492618,67.76768466007591,19.19212746653205,69.34077697280918,19.377442014774445
212200,125,67.3650534,5.576774400000012,67.99691655789474,5.646837557894744,68.6166565863158,5.7000502231578976,69.12728844947368,5.601608454736841,69.63523577999999,5.493358585263154,70.13244497999999,5.345876311578943,70.62709134947367,5.184558012631574,71.11575778105262,4.990955654736836,71.96297743555502,4.842380080795491,73.34802692444256,4.761344682784236,74.26433376532559,4.831146200793225,74.71189795820408,5.051784634822461,75.10534986548365,5.111057346329456,75.46272691569725,5.062752909488291,76.05532981942821,5.1788114390121684,76.74874380323803,5.365311239835352,77.0957213368421,4.982771199999994,77.35608975789472,4.457971200000001,74.56943402842104,4.281438383157896,71.44422005999999,4.143601920000002
212200,126,7.629187307999999,32.6701888,10.742080202526312,32.772143831578944,13.61807368421052,32.866357894736836,16.325368421052623,32.954947368421045,19.44495789473684,33.055663157894735,22.293978947368423,33.148294736842104,24.972821052631577,33.235873684210524,27.645757894736835,33.323452631578945,30.318694736842104,33.41406315789474,33.0947052631579,33.50804210526316,36.214294736842106,33.60875789473685,38.99567368421052,33.69936842105264,41.673442105263156,33.78694736842106,44.346378947368414,33.87452631578948,50.436753242604944,34.07869744827989,55.322339675409424,34.275286965943245,57.286101905593505,34.425828173302364,58.93647644695882,34.5092642293965,61.0991727428883,34.65636405806538,63.890046000000005,34.884262400000004
212200,127,15.086921999999987,35.6148416,14.313538673684203,34.838654854736845,13.633537421052628,33.62551225263158,12.947108557894728,32.48288730947368,12.2534736631579,31.378929919999994,11.373316336807372,30.255502283346253,11.246973448303763,29.42956038068188,11.097625388147943,28.66917625065948,10.826912936842106,27.528407242105267,12.826829996842106,26.603213035789473,15.236922824210524,26.03812692210526,17.53824816631578,25.502087343157893,21.745079905263147,25.214706863157893,26.274663157894725,24.977515789473685,29.37385263157895,24.54972631578947,32.53907368421053,24.113515789473684,35.990431578947366,23.633515789473684,39.08962105263158,23.203705263157893,42.18881052631579,22.774905263157894,45.71640000000001,22.284799999999997
212200,128,55.65993120000002,25.477734399999996,55.817762778947376,25.899797557894733,56.69256975157895,26.752943966315783,58.02103321263157,27.888041498947363,59.4878387368421,29.129290105263156,60.73049163789473,30.169131654736837,61.95195774315789,31.180560707368418,63.491426778947364,32.47094029473684,66.20775334736842,34.819667536842104,68.12902105263159,36.45271578947368,69.78625263157895,37.86037894736842,71.31303157894736,39.16126315789474,72.84625263157895,40.4581052631579,74.37356842105264,41.75494736842105,76.01201052631579,43.14677894736842,77.78197894736843,44.649431578947365,79.30768421052632,45.946273684210524,80.83875789473684,47.243115789473684,82.36929473684211,48.54164210526316,83.895,49.843199999999996
212200,129,87.18151676701915,60.31256315030699,87.34756071190482,60.14413786352999,87.51360465679048,59.975712576753,87.87681406989473,59.80205947957894,88.26466916652632,59.62775290610526,88.79314359442105,59.23598251115789,89.36179497410527,58.782079595789476,90.52427291723937,56.408172699291406,91.98366414209845,53.074263812228516,92.97282384675839,51.44057615690292,93.58579833525903,51.16706548696716,94.27002709765416,50.84839357729705,95.0433237024174,50.473270117959004,96.08521977161234,49.29733770897673,97.66431476967071,46.51978740070598,98.9447831238543,44.41114921602078,99.18005822447616,44.64370346388496,99.22268672023301,44.821675185224514,97.72414237706981,44.56298669436703,96.2255980339066,44.304298203509546
212200,130,97.9124826,37.3310912,97.73796693473685,37.21098469052632,97.56345126947369,37.09087818105263,97.38893560421053,36.970771671578945,97.23513748105263,36.85671198315789,97.0854828663158,36.74386165894737,96.93582825157895,36.63101133473684,96.7824571863158,36.49711686736842,96.62722789578947,36.35270032842105,96.47199860526315,36.20828378947368,96.33942829263158,36.06748624842105,96.22951695789473,35.930307705263154,96.1196056231579,35.79312916210526,95.98265441052632,35.677163452631575,95.79162344210526,35.60362341052631,95.60059247368422,35.53008336842105,95.07634736842105,35.49776842105263,92.88603157894737,35.671578947368424,90.69571578947368,35.84538947368421,88.5054,36.0192
212200,131,73.8826086,6.559462400000008,73.97344228421052,6.275403452631581,74.06427596842106,5.991344505263153,74.68900256210526,6.025182585263152,75.38046576947369,6.098757793684204,76.01402470421053,6.146880943157886,76.63103956105265,6.187732075789463,77.3245618263158,6.222191831578938,78.05633779578947,6.253455898947362,78.7407436231579,6.260193818947362,79.3872533368421,6.247310821052625,80.24187268421052,6.581005473684205,81.3566290736842,7.347922189473683,82.70394712142158,7.721033509443511,84.51638848568629,7.306534037774039,86.00845572839246,7.107391371587292,86.37921354564376,7.661997524590076,86.74873113978569,8.205301069062731,87.10832694905268,8.658183745294354,87.46792275831967,9.111066421525976
212200,132,94.6340399406,27.515278720000005,94.74386527484211,27.442434357894733,94.91513286606316,27.427088437894728,95.25024647589474,27.5650716968421,95.1595626511579,28.316575797894735,94.71404763094736,29.579347267368423,95.15717216842106,29.19721552842105,95.8104558631579,28.423726888421047,96.59057655789474,27.392009701052633,97.53939236842105,26.340122947368425,98.78342463157895,25.25293945263158,99.2358,24.92597894736842,99.2358,25.03343157894737,99.2358,25.140884210526316,99.2358,25.248336842105264,99.2358,25.35578947368421,99.2358,25.471663157894735,99.2358,25.597642105263155,99.46771578947367,26.106273684210525,99.78659999999999,26.7584
212200,133,45.14469058052358,21.45851711644498,44.893911817977404,20.771077355228158,44.74639395789473,19.767268715789477,44.85455368421052,18.82728421052632,45.084052717894735,18.039919258947368,45.298713543157895,17.34223289263158,45.54165639157895,16.634861069473686,45.84845177684209,15.82676554105263,46.09193715789473,15.809935157894738,46.31873684210527,15.476884210526318,46.53776842105263,14.948715789473685,46.76592631578947,14.391915789473684,47.01931578947369,13.783578947368424,47.242642105263165,13.25541052631579,47.45791578947369,12.727242105263157,47.67909473684211,12.199073684210529,47.92174736842106,11.622400000000003,48.163326315789476,11.038315789473684,48.37967368421053,10.50576842105263,48.603,9.977600000000002
212200,134,33.410701799999984,40.808531200000004,34.509457509197794,41.05473240673898,35.449547163367185,40.953402234977915,36.47174426125899,40.59117086994463,37.869658717827384,40.83771668011434,38.43779434736841,39.978917389473686,39.772128821052625,39.958585936842105,41.89464145263158,40.53943646315789,43.97115852631579,41.13038821052632,45.87268762105263,41.67885338947369,48.826541052631576,42.91590736842105,52.293789473684214,44.41296842105263,54.909284210526316,45.31907368421053,57.27997894736842,46.143663157894736,59.65443157894737,46.96825263157894,62.11209473684212,47.82248421052632,64.81938947368423,48.758231578947374,67.19545263157895,49.58282105263158,69.56346315789473,50.407410526315786,71.9406,51.232
212200,135,83.88676043999999,57.4872416,83.09847588,58.1017632,82.31019131999999,58.716284800000004,81.52868836421051,59.325694147368424,80.76413941894737,59.922322863157895,79.99959047368421,60.518951578947366,79.55181315789473,60.812168421052625,79.34161456421052,60.87782635789473,79.1314159705263,60.94348429473684,78.18648625263158,60.91671747368421,77.11910134736841,60.87454652631579,76.1904251895672,60.8580722460527,76.09400151653749,60.99577796842162,75.9975778435078,61.13348369079054,75.78472362479457,61.191422788847895,75.41662867850326,61.14300638782318,75.04853373221196,61.09458998679846,74.63860061032823,61.037992623404165,74.2119322182075,60.97812287506205,73.78526382608676,60.918253126719925
