match_id,team_id,team_name,period_order,start_time,end_time,event_ids,x,y,to_x,to_y,attack_direction,ball_status,total_distance,num_of_passes,progress_direction,progress_distance
199542,11016.0,Equipo Rival 1,0,136,9669,"[""694f40da3fc2f04d68b12195"", ""694f40da3fc2f04d68b12196"", ""694f40da3fc2f04d68b12197"", ""694f40da3fc2f04d68b12198"", ""694f40da3fc2f04d68b12199"", ""694f40da3fc2f04d68b1219a"", ""694f40da3fc2f04d68b1219b""]",0.499328,0.488316,0.409835,0.9575477,right,home,73.263,4,forward,33.2627
199542,,,0,9669,10442,"[""694f40da3fc2f04d68b1219c""]",0.43400000000000005,0.98161,0.43400000000000005,0.98161,,neutral,0.0,0,,0.0
199542,12987.0,Tu Equipo,0,10442,14138,"[""694f40da3fc2f04d68b1219d"", ""694f40da3fc2f04d68b1219e"", ""694f40da3fc2f04d68b1219f"", ""694f40da3fc2f04d68b121a0"", ""694f40da3fc2f04d68b121a1""]",0.43400000000000005,0.98161,0.440674,0.690162,left,away,16.7231,3,backward,19.8308
199542,,,0,14138,25736,[],0.310053,1.0,0.310053,1.0,,ballout,0.0,0,,0.0
199542,11016.0,Equipo Rival 1,0,25736,25736,"[""694f40da3fc2f04d68b121a2""]",0.310053,1.0,0.310053,1.0,right,home,0.0,1,sideways,0.0
199542,,,0,25736,27263,"[""694f40da3fc2f04d68b121a3""]",0.43699699999999997,0.949253,0.43699699999999997,0.949253,,neutral,0.0,0,,0.0
199542,,,0,27263,36436,[],0.411038,0.99665386,0.411038,0.99665386,,ballout,0.0,0,,0.0
199542,11016.0,Equipo Rival 1,0,36436,36436,"[""694f40da3fc2f04d68b121a4""]",0.411038,0.99665386,0.411038,0.99665386,right,home,0.0,1,sideways,0.0
199542,,,0,36436,39611,[],0.6206579999999999,0.971325,0.6206579999999999,0.971325,,neutral,0.0,0,,0.0
199542,12987.0,Tu Equipo,0,39611,45910,"[""694f40da3fc2f04d68b121a5"", ""694f40da3fc2f04d68b121a7"", ""694f40da3fc2f04d68b121a8""]",0.6206579999999999,0.971325,0.9583333,0.606356,left,away,22.7808,2,backward,43.2787
199542,,,0,45910,47869,[],0.743978,0.524717,0.743978,0.524717,,neutral,0.0,0,,0.0
199542,11016.0,Equipo Rival 1,0,47869,81303,"[""694f40da3fc2f04d68b121a9"", ""694f40da3fc2f04d68b121aa"", ""694f40da3fc2f04d68b121ab"", ""694f40da3fc2f04d68b121ac"", ""694f40da3fc2f04d68b121ad"", ""694f40da3fc2f04d68b121ae"", ""694f40da3fc2f04d68b121af"", ""694f40da3fc2f04d68b121b0"", ""694f40da3fc2f04d68b121b1"", ""694f40da3fc2f04d68b121b2"", ""694f40da3fc2f04d68b121b3"", ""694f40da3fc2f04d68b121b4"", ""694f40da3fc2f04d68b121b5"", ""694f40da3fc2f04d68b121b6"", ""694f40da3fc2f04d68b121b7"", ""694f40da3fc2f04d68b121b8"", ""694f40da3fc2f04d68b121b9"", ""694f40da3fc2f04d68b121ba""]",0.743978,0.524717,0.331693,0.9780319,right,home,195.8516,9,forward,53.1434
199542,,,0,81303,92003,"[""694f40da3fc2f04d68b121bb""]",0.342513,0.99665386,0.342513,0.99665386,,ballout,0.0,0,,0.0
199542,11016.0,Equipo Rival 1,0,92003,95928,"[""694f40da3fc2f04d68b121bc"", ""694f40da3fc2f04d68b121be"", ""694f40da3fc2f04d68b121bf"", ""694f40da3fc2f04d68b121c0""]",0.342513,0.99665386,0.409835,0.631663,right,home,23.4347,1,backward,25.8064
199542,,,0,95928,111369,[],0.384589,0.670769,0.384589,0.670769,,ballout,0.0,0,,0.0
199542,11016.0,Equipo Rival 1,0,111369,118557,"[""694f40da3fc2f04d68b121c1"", ""694f40da3fc2f04d68b121c2"", ""694f40da3fc2f04d68b121c3"", ""694f40da3fc2f04d68b121c4"", ""694f40da3fc2f04d68b121c5"", ""694f40da3fc2f04d68b121c6""]",0.384589,0.670769,0.351088,0.19421299999999997,right,home,60.2372,3,backward,32.5962
199542,,,0,118557,124703,"[""694f40da3fc2f04d68b121c7""]",0.302295,0.07269400000000004,0.302295,0.07269400000000004,,ballout,0.0,0,,0.0
199542,11016.0,Equipo Rival 1,0,124703,132603,"[""694f40da3fc2f04d68b121c8"", ""694f40da3fc2f04d68b121c9"", ""694f40da3fc2f04d68b121ca""]",0.302295,0.07269400000000004,0.420655,0.670769,right,home,25.4314,2,forward,42.5256
199542,,,0,132603,135403,"[""694f40da3fc2f04d68b121cc""]",0.518265,0.756815,0.461603,0.9667596,,neutral,15.4663,0,,15.4663
199542,11016.0,Equipo Rival 1,0,135403,135403,"[""694f40da3fc2f04d68b121cd""]",0.461603,0.9667596,0.461603,0.9667596,right,home,0.0,1,sideways,0.0
199542,,,0,135403,143061,"[""694f40da3fc2f04d68b121ce""]",0.829858,0.747098,0.9719711,0.828011,,neutral,15.9039,0,,15.9039
199542,12987.0,Tu Equipo,0,143061,144269,"[""694f40da3fc2f04d68b121cf"", ""694f40da3fc2f04d68b121d0""]",0.9719711,0.828011,0.796041,0.9397406,left,away,19.9073,1,forward,19.9741
199542,,,0,144269,157336,"[""694f40da3fc2f04d68b121d1"", ""694f40da3fc2f04d68b121d2""]",0.758472,0.99665386,0.758472,0.99665386,,ballout,0.0,0,,0.0
199542,11016.0,Equipo Rival 1,0,157336,161174,"[""694f40da3fc2f04d68b121d3"", ""694f40da3fc2f04d68b121d4"", ""694f40da3fc2f04d68b121d5"", ""694f40da3fc2f04d68b121d6"", ""694f40da3fc2f04d68b121d7""]",0.758472,0.99665386,0.700766,0.9165794,right,home,19.5371,3,backward,8.1463
199542,,,0,161174,163530,"[""694f40da3fc2f04d68b121d8""]",0.690895,0.974198,0.690895,0.974198,,neutral,0.0,0,,0.0
199542,11016.0,Equipo Rival 1,0,163530,171881,"[""694f40da3fc2f04d68b121d9"", ""694f40da3fc2f04d68b121da"", ""694f40da3fc2f04d68b121db"", ""694f40da3fc2f04d68b121dc"", ""694f40da3fc2f04d68b121dd"", ""694f40da3fc2f04d68b121de""]",0.690895,0.974198,0.903255,0.794398,right,home,26.2537,2,backward,25.4298
199542,,,0,171881,177836,"[""694f40da3fc2f04d68b121df""]",0.896022,0.741176,0.40278,0.6208739999999999,,neutral,52.4325,0,,52.4325
199542,11016.0,Equipo Rival 1,0,177836,191844,"[""694f40da3fc2f04d68b121e0"", ""694f40da3fc2f04d68b121e1"", ""694f40da3fc2f04d68b121e2"", ""694f40da3fc2f04d68b121e3"", ""694f40da3fc2f04d68b121e4"", ""694f40da3fc2f04d68b121e5"", ""694f40da3fc2f04d68b121e6""]",0.40278,0.6208739999999999,0.146714,0.06346300000000005,right,home,61.4759,4,backward,46.4717
199542,,,0,191844,216169,"[""694f40da3fc2f04d68b121e8""]",0.343223,0.0,0.343223,0.0,,ballout,0.0,0,,0.0
199542,11016.0,Equipo Rival 1,0,216169,217469,"[""694f40da3fc2f04d68b121e9"", ""694f40da3fc2f04d68b121ea""]",0.343223,0.0,0.465698,0.17087300000000005,right,home,17.3316,2,forward,17.3316
199542,,,0,217469,218912,[],0.519835,0.335918,0.519835,0.335918,,neutral,0.0,0,,0.0
199542,12987.0,Tu Equipo,0,218912,238170,"[""694f40da3fc2f04d68b121eb"", ""694f40da3fc2f04d68b121ec"", ""694f40da3fc2f04d68b121ed"", ""694f40da3fc2f04d68b121ee"", ""694f40da3fc2f04d68b121ef"", ""694f40da3fc2f04d68b121f0"", ""694f40da3fc2f04d68b121f1"", ""694f40da3fc2f04d68b121f2"", ""694f40da3fc2f04d68b121f3"", ""694f40da3fc2f04d68b121f4"", ""694f40da3fc2f04d68b121f5""]",0.519835,0.335918,0.7941860000000001,0.149702,left,away,77.915,6,backward,31.4671
199542,,,0,238170,241131,"[""694f40da3fc2f04d68b121f6""]",0.596796,0.356549,0.6876979999999999,0.377647,,neutral,9.6519,0,,9.6519
199542,12987.0,Tu Equipo,0,241131,247251,"[""694f40da3fc2f04d68b121f7"", ""694f40da3fc2f04d68b121f8"", ""694f40da3fc2f04d68b121f9"", ""694f40da3fc2f04d68b121fa"", ""694f40da3fc2f04d68b121fb""]",0.6876979999999999,0.377647,0.824275,0.626,left,away,27.7614,4,forward,22.1553
199542,,,0,247251,269903,[],0.692351,1.0,0.692351,1.0,,ballout,0.0,0,,0.0
199542,11016.0,Equipo Rival 1,0,269903,269903,"[""694f40da3fc2f04d68b121fc""]",0.692351,1.0,0.692351,1.0,right,home,0.0,1,sideways,0.0
199542,,,0,269903,271721,"[""694f40da3fc2f04d68b121fe""]",0.7681709999999999,0.877662,0.755796,0.968656,,neutral,6.3226,0,,6.3226
199542,12987.0,Tu Equipo,0,271721,310003,"[""694f40da3fc2f04d68b121ff"", ""694f40da3fc2f04d68b12200"", ""694f40da3fc2f04d68b12201"", ""694f40da3fc2f04d68b12202"", ""694f40da3fc2f04d68b12204"", ""694f40da3fc2f04d68b12206"", ""694f40da3fc2f04d68b12207"", ""694f40da3fc2f04d68b12208"", ""694f40da3fc2f04d68b12209"", ""694f40da3fc2f04d68b1220a"", ""694f40da3fc2f04d68b1220b"", ""694f40da3fc2f04d68b1220c"", ""694f40da3fc2f04d68b1220d"", ""694f40da3fc2f04d68b1220e"", ""694f40da3fc2f04d68b1220f"", ""694f40da3fc2f04d68b12210"", ""694f40da3fc2f04d68b12211"", ""694f40da3fc2f04d68b12212"", ""694f40da3fc2f04d68b12213"", ""694f40da3fc2f04d68b12214"", ""694f40da3fc2f04d68b12215"", ""694f40da3fc2f04d68b12216"", ""694f40da3fc2f04d68b12217"", ""694f40da3fc2f04d68b12218"", ""694f40da3fc2f04d68b12219""]",0.755796,0.968656,0.259561,0.551589,left,away,192.6489,15,backward,59.323
199542,11016.0,Equipo Rival 1,0,310003,312322,"[""694f40da3fc2f04d68b1221a""]",0.259561,0.551589,0.32992200000000005,0.616353,right,home,8.6009,0,forward,8.6009
199542,12987.0,Tu Equipo,0,312322,362533,"[""694f40da3fc2f04d68b1221b"", ""694f40da3fc2f04d68b1221c"", ""694f40da3fc2f04d68b1221d"", ""694f40da3fc2f04d68b1221e"", ""694f40da3fc2f04d68b1221f"", ""694f40da3fc2f04d68b12220"", ""694f40da3fc2f04d68b12221"", ""694f40da3fc2f04d68b12222"", ""694f40da3fc2f04d68b12223"", ""694f40da3fc2f04d68b12224"", ""694f40da3fc2f04d68b12225"", ""694f40da3fc2f04d68b12226"", ""694f40da3fc2f04d68b12227"", ""694f40da3fc2f04d68b12228"", ""694f40da3fc2f04d68b12229"", ""694f40da3fc2f04d68b1222a"", ""694f40da3fc2f04d68b1222b"", ""694f40da3fc2f04d68b1222c"", ""694f40da3fc2f04d68b1222d"", ""694f40da3fc2f04d68b1222e"", ""694f40da3fc2f04d68b1222f"", ""694f40da3fc2f04d68b12230"", ""694f40da3fc2f04d68b12231"", ""694f40da3fc2f04d68b12232"", ""694f40da3fc2f04d68b12233"", ""694f40da3fc2f04d68b12234"", ""694f40da3fc2f04d68b12235"", ""694f40da3fc2f04d68b12236"", ""694f40da3fc2f04d68b12237"", ""694f40da3fc2f04d68b12238"", ""694f40da3fc2f04d68b12239"", ""694f40da3fc2f04d68b1223a"", ""694f40da3fc2f04d68b1223b"", ""694f40da3fc2f04d68b1223c"", ""694f40da3fc2f04d68b1223d"", ""694f40da3fc2f04d68b1223e"", ""694f40da3fc2f04d68b1223f""]",0.32992200000000005,0.616353,0.41381900000000005,0.545985,left,away,229.2381,20,backward,10.0249
199542,,,0,362533,364303,[],0.234713,0.43305400000000005,0.234713,0.43305400000000005,,neutral,0.0,0,,0.0
199542,11016.0,Equipo Rival 1,0,364303,366242,"[""694f40da3fc2f04d68b12240"", ""694f40da3fc2f04d68b12241""]",0.234713,0.43305400000000005,0.0756255,0.447306,right,home,16.7323,2,sideways,16.7323
199542,,,0,366242,368403,[],0.48667499999999997,0.497293,0.48667499999999997,0.497293,,neutral,0.0,0,,0.0
199542,12987.0,Tu Equipo,0,368403,376885,"[""694f40da3fc2f04d68b12242"", ""694f40da3fc2f04d68b12243"", ""694f40da3fc2f04d68b12244"", ""694f40da3fc2f04d68b12245"", ""694f40da3fc2f04d68b12246""]",0.48667499999999997,0.497293,0.290817,0.678662,left,away,34.5748,3,forward,23.9797
199542,,,0,376885,382408,"[""694f40da3fc2f04d68b12247""]",0.347108,0.302369,0.43575299999999995,0.0829685,,neutral,17.5846,0,,17.5846
199542,12987.0,Tu Equipo,0,382408,398603,"[""694f40da3fc2f04d68b12249"", ""694f40da3fc2f04d68b1224a"", ""694f40da3fc2f04d68b1224b"", ""694f40da3fc2f04d68b1224c"", ""694f40da3fc2f04d68b1224d"", ""694f40da3fc2f04d68b1224e"", ""694f40da3fc2f04d68b1224f"", ""694f40da3fc2f04d68b12250"", ""694f40da3fc2f04d68b12252""]",0.43575299999999995,0.0829685,0.570711,0.70493,left,away,54.7856,6,forward,44.6042
199542,,,0,398603,400436,[],0.307942,0.9295675999999999,0.307942,0.9295675999999999,,neutral,0.0,0,,0.0
199542,11016.0,Equipo Rival 1,0,400436,413603,"[""694f40da3fc2f04d68b12253"", ""694f40da3fc2f04d68b12254"", ""694f40da3fc2f04d68b12255"", ""694f40da3fc2f04d68b12256"", ""694f40da3fc2f04d68b12257"", ""694f40da3fc2f04d68b12258"", ""694f40da3fc2f04d68b12259"", ""694f40da3fc2f04d68b1225a""]",0.307942,0.9295675999999999,0.180691,0.26569,right,home,50.7184,2,backward,47.0795
199542,,,0,413603,424503,[],0.271691,0.332315,0.271691,0.332315,,ballout,0.0,0,,0.0
199542,11016.0,Equipo Rival 1,0,424503,435735,"[""694f40da3fc2f04d68b1225b"", ""694f40da3fc2f04d68b1225c"", ""694f40da3fc2f04d68b1225d"", ""694f40da3fc2f04d68b1225e"", ""694f40da3fc2f04d68b1225f"", ""694f40da3fc2f04d68b12260"", ""694f40da3fc2f04d68b12261""]",0.271691,0.332315,0.37933300000000003,0.98247,right,home,59.5493,4,forward,45.6324
199542,12987.0,Tu Equipo,0,435735,477448,"[""694f40da3fc2f04d68b12262"", ""694f40da3fc2f04d68b12263"", ""694f40da3fc2f04d68b12264"", ""694f40da3fc2f04d68b12265"", ""694f40da3fc2f04d68b12266"", ""694f40da3fc2f04d68b12267"", ""694f40da3fc2f04d68b12268"", ""694f40da3fc2f04d68b12269"", ""694f40da3fc2f04d68b1226a"", ""694f40da3fc2f04d68b1226b"", ""694f40da3fc2f04d68b1226c"", ""694f40da3fc2f04d68b1226e"", ""694f40da3fc2f04d68b1226f"", ""694f40da3fc2f04d68b12270"", ""694f40da3fc2f04d68b12271"", ""694f40da3fc2f04d68b12272"", ""694f40da3fc2f04d68b12273"", ""694f40da3fc2f04d68b12274"", ""694f40da3fc2f04d68b12275"", ""694f40da3fc2f04d68b12276"", ""694f40da3fc2f04d68b12277"", ""694f40da3fc2f04d68b12278"", ""694f40da3fc2f04d68b12279"", ""694f40da3fc2f04d68b1227a"", ""694f40da3fc2f04d68b1227b"", ""694f40da3fc2f04d68b1227c"", ""694f40da3fc2f04d68b1227d"", ""694f40da3fc2f04d68b1227e"", ""694f40da3fc2f04d68b1227f""]",0.37933300000000003,0.98247,0.38702099999999995,0.360167,left,away,208.3555,13,backward,42.3243
199542,,,0,477448,514903,[],0.37565899999999997,0.338863,0.37565899999999997,0.338863,,ballout,0.0,0,,0.0
199542,12987.0,Tu Equipo,0,514903,514903,"[""694f40da3fc2f04d68b12280""]",0.37565899999999997,0.338863,0.37565899999999997,0.338863,left,away,0.0,1,sideways,0.0
199542,,,0,514903,545807,[],0.016718,0.495723,0.016718,0.495723,,ballout,0.0,0,,0.0
199542,11016.0,Equipo Rival 1,0,545807,552269,"[""694f40da3fc2f04d68b12281"", ""694f40da3fc2f04d68b12282"", ""694f40da3fc2f04d68b12283"", ""694f40da3fc2f04d68b12284"", ""694f40da3fc2f04d68b12285"", ""694f40da3fc2f04d68b12286"", ""694f40da3fc2f04d68b12287""]",0.016718,0.495723,0.166992,0.9743075,right,home,45.2865,4,forward,36.1672
199542,,,0,552269,553003,"[""694f40da3fc2f04d68b12288""]",0.19981899999999997,0.979272,0.19981899999999997,0.979272,,neutral,0.0,0,,0.0
199542,12987.0,Tu Equipo,0,553003,558038,"[""694f40da3fc2f04d68b12289"", ""694f40da3fc2f04d68b1228a"", ""694f40da3fc2f04d68b1228b"", ""694f40da3fc2f04d68b1228d""]",0.19981899999999997,0.979272,0.05876999999999999,0.777591,left,away,16.7197,2,backward,20.1847
199542,,,0,558038,559569,"[""694f40da3fc2f04d68b1228e""]",0.033032,0.658066,0.033032,0.658066,,neutral,0.0,0,,0.0
199542,,,0,559569,583458,[],0.20279100000000005,0.994706,0.20279100000000005,0.994706,,ballout,0.0,0,,0.0
199542,12987.0,Tu Equipo,0,583458,591875,"[""694f40da3fc2f04d68b1228f"", ""694f40da3fc2f04d68b12290"", ""694f40da3fc2f04d68b12291"", ""694f40da3fc2f04d68b12292"", ""694f40da3fc2f04d68b12293"", ""694f40da3fc2f04d68b12294"", ""694f40da3fc2f04d68b12295""]",0.20279100000000005,0.994706,0.36614500000000005,0.906004,left,away,32.4898,4,sideways,18.1818
199542,,,0,591875,595044,[],0.0522396,0.5985590000000001,0.0522396,0.5985590000000001,,neutral,0.0,0,,0.0
199542,11016.0,Equipo Rival 1,0,595044,605036,"[""694f40da3fc2f04d68b12296"", ""694f40da3fc2f04d68b12297"", ""694f40da3fc2f04d68b12298"", ""694f40da3fc2f04d68b12299""]",0.0522396,0.5985590000000001,0.0636036,0.149354,right,home,18.9775,2,backward,30.5692
199542,,,0,605036,609437,"[""694f40da3fc2f04d68b1229a"", ""694f40da3fc2f04d68b1229c"", ""694f40da3fc2f04d68b1229d""]",0.529319,0.12196,0.48441500000000004,0.0845638,,neutral,5.357,0,,5.357
199542,,,0,609437,623036,[],0.505888,0.0471798,0.505888,0.0471798,,ballout,0.0,0,,0.0
199542,12987.0,Tu Equipo,0,623036,691469,"[""694f40da3fc2f04d68b1229e"", ""694f40da3fc2f04d68b1229f"", ""694f40da3fc2f04d68b122a0"", ""694f40da3fc2f04d68b122a1"", ""694f40da3fc2f04d68b122a2"", ""694f40da3fc2f04d68b122a3"", ""694f40da3fc2f04d68b122a4"", ""694f40da3fc2f04d68b122a5"", ""694f40da3fc2f04d68b122a6"", ""694f40da3fc2f04d68b122a7"", ""694f40da3fc2f04d68b122a8"", ""694f40da3fc2f04d68b122a9"", ""694f40da3fc2f04d68b122aa"", ""694f40da3fc2f04d68b122ab"", ""694f40da3fc2f04d68b122ac"", ""694f40da3fc2f04d68b122ad"", ""694f40da3fc2f04d68b122ae"", ""694f40da3fc2f04d68b122af"", ""694f40da3fc2f04d68b122b0"", ""694f40da3fc2f04d68b122b1"", ""694f40da3fc2f04d68b122b2"", ""694f40da3fc2f04d68b122b3"", ""694f40da3fc2f04d68b122b4"", ""694f40da3fc2f04d68b122b7"", ""694f40da3fc2f04d68b122b8"", ""694f40da3fc2f04d68b122b9"", ""694f40da3fc2f04d68b122ba"", ""694f40da3fc2f04d68b122bb"", ""694f40da3fc2f04d68b122bc"", ""694f40da3fc2f04d68b122bd"", ""694f40da3fc2f04d68b122be"", ""694f40da3fc2f04d68b122bf"", ""694f40da3fc2f04d68b122c0"", ""694f40da3fc2f04d68b122c1"", ""694f40da3fc2f04d68b122c2"", ""694f40da3fc2f04d68b122c3"", ""694f40da3fc2f04d68b122c4"", ""694f40da3fc2f04d68b122c5"", ""694f40da3fc2f04d68b122c6"", ""694f40da3fc2f04d68b122c7""]",0.505888,0.0471798,0.528341,0.255028,left,away,299.2463,21,forward,14.329
199542,,,0,691469,713436,[],0.106883,0.00037799999999998946,0.106883,0.00037799999999998946,,ballout,0.0,0,,0.0
199542,11016.0,Equipo Rival 1,0,713436,713436,"[""694f40da3fc2f04d68b122c8""]",0.106883,0.00037799999999998946,0.106883,0.00037799999999998946,right,home,0.0,1,sideways,0.0
199542,,,0,713436,717403,"[""694f40da3fc2f04d68b122ca""]",0.35501000000000005,0.0452166,0.19629399999999997,0.110066,,neutral,17.2387,0,,17.2387
199542,12987.0,Tu Equipo,0,717403,717403,"[""694f40da3fc2f04d68b122cb""]",0.19629399999999997,0.110066,0.19629399999999997,0.110066,left,away,0.0,1,sideways,0.0
199542,,,0,717403,718903,[],0.268377,0.257042,0.268377,0.257042,,neutral,0.0,0,,0.0
199542,11016.0,Equipo Rival 1,0,718903,722887,"[""694f40da3fc2f04d68b122cc"", ""694f40da3fc2f04d68b122cd"", ""694f40da3fc2f04d68b122ce""]",0.268377,0.257042,0.0503794,0.454754,right,home,26.5595,3,forward,26.5461
199542,,,0,722887,727099,[],0.59892,0.251169,0.59892,0.251169,,neutral,0.0,0,,0.0
199542,12987.0,Tu Equipo,0,727099,732103,"[""694f40da3fc2f04d68b122cf"", ""694f40da3fc2f04d68b122d0"", ""694f40da3fc2f04d68b122d1"", ""694f40da3fc2f04d68b122d2"", ""694f40da3fc2f04d68b122d3"", ""694f40da3fc2f04d68b122d4""]",0.59892,0.251169,0.488315,0.167902,left,away,42.2121,4,backward,12.9203
199542,,,0,732103,733536,[],0.396106,0.15156999999999998,0.396106,0.15156999999999998,,neutral,0.0,0,,0.0
199542,11016.0,Equipo Rival 1,0,733536,735936,"[""694f40da3fc2f04d68b122d5"", ""694f40da3fc2f04d68b122d6""]",0.396106,0.15156999999999998,0.391382,0.014572999999999947,right,home,9.329,1,backward,9.329
199542,,,0,735936,739153,"[""694f40da3fc2f04d68b122d8""]",0.462174,0.0842084,0.542456,0.101992,,neutral,8.5159,0,,8.5159
199542,12987.0,Tu Equipo,0,739153,759365,"[""694f40da3fc2f04d68b122d9"", ""694f40da3fc2f04d68b122da"", ""694f40da3fc2f04d68b122db"", ""694f40da3fc2f04d68b122dc"", ""694f40da3fc2f04d68b122dd"", ""694f40da3fc2f04d68b122de"", ""694f40da3fc2f04d68b122df"", ""694f40da3fc2f04d68b122e0"", ""694f40da3fc2f04d68b122e1"", ""694f40da3fc2f04d68b122e2"", ""694f40da3fc2f04d68b122e3"", ""694f40da3fc2f04d68b122e4""]",0.542456,0.101992,0.261232,0.215131,left,away,95.4676,6,sideways,30.5143
199542,,,0,759365,760269,[],0.181892,0.34379400000000004,0.181892,0.34379400000000004,,neutral,0.0,0,,0.0
199542,11016.0,Equipo Rival 1,0,760269,779669,"[""694f40da3fc2f04d68b122e6"", ""694f40da3fc2f04d68b122e7"", ""694f40da3fc2f04d68b122e8"", ""694f40da3fc2f04d68b122e9"", ""694f40da3fc2f04d68b122ea"", ""694f40da3fc2f04d68b122eb"", ""694f40da3fc2f04d68b122ec"", ""694f40da3fc2f04d68b122ed"", ""694f40da3fc2f04d68b122ee"", ""694f40da3fc2f04d68b122ef"", ""694f40da3fc2f04d68b122f0""]",0.181892,0.34379400000000004,0.407431,0.9780319,right,home,100.4292,6,forward,49.2022
199542,,,0,779669,783982,[],0.570686,0.653612,0.570686,0.653612,,neutral,0.0,0,,0.0
199542,12987.0,Tu Equipo,0,783982,803769,"[""694f40da3fc2f04d68b122f1"", ""694f40da3fc2f04d68b122f2"", ""694f40da3fc2f04d68b122f3"", ""694f40da3fc2f04d68b122f4"", ""694f40da3fc2f04d68b122f5"", ""694f40da3fc2f04d68b122f6"", ""694f40da3fc2f04d68b122f7"", ""694f40da3fc2f04d68b122f8"", ""694f40da3fc2f04d68b122f9"", ""694f40da3fc2f04d68b122fa"", ""694f40da3fc2f04d68b122fb"", ""694f40da3fc2f04d68b122fc""]",0.570686,0.653612,0.448203,0.646983,left,away,79.8055,7,sideways,12.8686
199542,,,0,803769,804842,[],0.405027,0.5776589999999999,0.405027,0.5776589999999999,,neutral,0.0,0,,0.0
199542,11016.0,Equipo Rival 1,0,804842,831803,"[""694f40da3fc2f04d68b122fd"", ""694f40da3fc2f04d68b122fe"", ""694f40da3fc2f04d68b122ff"", ""694f40da3fc2f04d68b12300"", ""694f40da3fc2f04d68b12301"", ""694f40da3fc2f04d68b12302"", ""694f40da3fc2f04d68b12303"", ""694f40da3fc2f04d68b12304"", ""694f40da3fc2f04d68b12305"", ""694f40da3fc2f04d68b12306"", ""694f40da3fc2f04d68b12307"", ""694f40da3fc2f04d68b12308"", ""694f40da3fc2f04d68b12309"", ""694f40da3fc2f04d68b1230a""]",0.405027,0.5776589999999999,0.89432,0.9780319,right,home,153.4112,6,forward,58.1437
199542,,,0,831803,832036,"[""694f40da3fc2f04d68b1230b""]",0.8996379999999999,0.970868,0.8996379999999999,0.970868,,neutral,0.0,0,,0.0
199542,,,0,832036,855869,[],0.913555,0.99292947,0.913555,0.99292947,,ballout,0.0,0,,0.0
199542,11016.0,Equipo Rival 1,0,855869,858654,"[""694f40da3fc2f04d68b1230c"", ""694f40da3fc2f04d68b1230d"", ""694f40da3fc2f04d68b1230e"", ""694f40da3fc2f04d68b1230f"", ""694f40da3fc2f04d68b12310""]",0.913555,0.99292947,0.8963909999999999,0.938892,right,home,9.2828,2,backward,4.0927
199542,,,0,858654,873003,[],0.837817,0.99479167,0.837817,0.99479167,,ballout,0.0,0,,0.0
199542,11016.0,Equipo Rival 1,0,873003,876436,"[""694f40da3fc2f04d68b12311"", ""694f40da3fc2f04d68b12312"", ""694f40da3fc2f04d68b12313"", ""694f40da3fc2f04d68b12314""]",0.837817,0.99479167,0.937599,0.748982,right,home,21.8646,2,backward,19.7272
199542,,,0,876436,903964,[],0.9448463,0.629132,0.9448463,0.629132,,ballout,0.0,0,,0.0
199542,12987.0,Tu Equipo,0,903964,909568,"[""694f40da3fc2f04d68b12316"", ""694f40da3fc2f04d68b12317"", ""694f40da3fc2f04d68b12318"", ""694f40da3fc2f04d68b12319"", ""694f40da3fc2f04d68b1231a""]",0.9448463,0.629132,0.891304,0.769117,left,away,22.0679,3,forward,11.0552
199542,,,0,909568,925569,[],0.569727,0.99479167,0.569727,0.99479167,,ballout,0.0,0,,0.0
199542,11016.0,Equipo Rival 1,0,925569,929434,"[""694f40da3fc2f04d68b1231b"", ""694f40da3fc2f04d68b1231c""]",0.569727,0.99479167,0.852622,0.853221,right,home,23.376,1,sideways,31.225
199542,12987.0,Tu Equipo,0,929434,931732,"[""694f40da3fc2f04d68b1231d"", ""694f40da3fc2f04d68b1231e""]",0.852622,0.853221,0.860507,0.973972,left,away,8.2527,1,forward,8.2527
199542,,,0,931732,932869,[],0.621267,0.9649,0.621267,0.9649,,neutral,0.0,0,,0.0
199542,11016.0,Equipo Rival 1,0,932869,936203,"[""694f40da3fc2f04d68b1231f"", ""694f40da3fc2f04d68b12320"", ""694f40da3fc2f04d68b12321"", ""694f40da3fc2f04d68b12322""]",0.621267,0.9649,0.603389,0.7564299999999999,right,home,11.5462,1,backward,14.2997
199542,,,0,936203,938077,[],0.678601,0.769433,0.678601,0.769433,,neutral,0.0,0,,0.0
199542,12987.0,Tu Equipo,0,938077,938992,"[""694f40da3fc2f04d68b12323"", ""694f40da3fc2f04d68b12324""]",0.678601,0.769433,0.735196,0.775438,left,away,5.9565,2,sideways,5.9565
199542,,,0,938992,940603,[],0.47841,0.806834,0.47841,0.806834,,neutral,0.0,0,,0.0
199542,11016.0,Equipo Rival 1,0,940603,965026,"[""694f40da3fc2f04d68b12325"", ""694f40da3fc2f04d68b12326"", ""694f40da3fc2f04d68b12327"", ""694f40da3fc2f04d68b12328"", ""694f40da3fc2f04d68b12329"", ""694f40da3fc2f04d68b1232a"", ""694f40da3fc2f04d68b1232b"", ""694f40da3fc2f04d68b1232c"", ""694f40da3fc2f04d68b1232d"", ""694f40da3fc2f04d68b1232e"", ""694f40da3fc2f04d68b1232f"", ""694f40da3fc2f04d68b12330"", ""694f40da3fc2f04d68b12331"", ""694f40da3fc2f04d68b12332""]",0.47841,0.806834,0.615732,0.984874,right,home,132.4467,6,forward,18.8275
199542,,,0,965026,984936,[],0.608197,1.0,0.608197,1.0,,ballout,0.0,0,,0.0
199542,11016.0,Equipo Rival 1,0,984936,987303,"[""694f40da3fc2f04d68b12333"", ""694f40da3fc2f04d68b12334"", ""694f40da3fc2f04d68b12335"", ""694f40da3fc2f04d68b12336""]",0.608197,1.0,0.5980570000000001,0.912987,right,home,15.0744,2,backward,6.0119
199542,,,0,987303,1000371,[],0.500097,0.9366811,0.500097,0.9366811,,ballout,0.0,0,,0.0
199542,11016.0,Equipo Rival 1,0,1000371,1006536,"[""694f40da3fc2f04d68b12337"", ""694f40da3fc2f04d68b12338"", ""694f40da3fc2f04d68b12339"", ""694f40da3fc2f04d68b1233a"", ""694f40da3fc2f04d68b1233b"", ""694f40da3fc2f04d68b1233c""]",0.500097,0.9366811,0.524044,0.9556855,right,home,26.4625,2,forward,2.8271
199542,,,0,1006536,1014536,[],0.522842,0.9668587,0.522842,0.9668587,,ballout,0.0,0,,0.0
199542,11016.0,Equipo Rival 1,0,1014536,1015603,"[""694f40da3fc2f04d68b1233d"", ""694f40da3fc2f04d68b1233e""]",0.522842,0.9668587,0.602187,0.842091,right,home,11.8908,2,backward,11.8908
199542,,,0,1015603,1038604,[],0.590449,1.0,0.590449,1.0,,ballout,0.0,0,,0.0
199542,12987.0,Tu Equipo,0,1038604,1038604,"[""694f40da3fc2f04d68b1233f""]",0.590449,1.0,0.590449,1.0,left,away,0.0,1,sideways,0.0
199542,,,0,1038604,1041303,"[""694f40da3fc2f04d68b12340""]",0.448398,0.9500232,0.474684,0.965266,,neutral,2.9482,0,,2.9482
199542,12987.0,Tu Equipo,0,1041303,1065203,"[""694f40da3fc2f04d68b12342"", ""694f40da3fc2f04d68b12344"", ""694f40da3fc2f04d68b12345"", ""694f40da3fc2f04d68b12346"", ""694f40da3fc2f04d68b12347"", ""694f40da3fc2f04d68b12348"", ""694f40da3fc2f04d68b12349"", ""694f40da3fc2f04d68b1234a"", ""694f40da3fc2f04d68b1234b"", ""694f40da3fc2f04d68b1234c"", ""694f40da3fc2f04d68b1234d"", ""694f40da3fc2f04d68b1234e""]",0.474684,0.965266,0.26437,0.9519611,left,away,59.4696,7,sideways,22.1015
199542,,,0,1065203,1066736,"[""694f40da3fc2f04d68b1234f""]",0.335299,0.83278,0.335299,0.83278,,neutral,0.0,0,,0.0
199542,11016.0,Equipo Rival 1,0,1066736,1068001,"[""694f40da3fc2f04d68b12350""]",0.335299,0.83278,0.29715800000000003,0.930163,right,home,4.6457,1,forward,7.7389
199542,12987.0,Tu Equipo,0,1068001,1090303,"[""694f40da3fc2f04d68b12351"", ""694f40da3fc2f04d68b12352"", ""694f40da3fc2f04d68b12353"", ""694f40da3fc2f04d68b12354"", ""694f40da3fc2f04d68b12355"", ""694f40da3fc2f04d68b12356"", ""694f40da3fc2f04d68b12357"", ""694f40da3fc2f04d68b12358"", ""694f40da3fc2f04d68b12359"", ""694f40da3fc2f04d68b1235a"", ""694f40da3fc2f04d68b1235b"", ""694f40da3fc2f04d68b1235c"", ""694f40da3fc2f04d68b1235d"", ""694f40da3fc2f04d68b1235e"", ""694f40da3fc2f04d68b1235f"", ""694f40da3fc2f04d68b12360"", ""694f40da3fc2f04d68b12361"", ""694f40da3fc2f04d68b12362""]",0.29715800000000003,0.930163,0.26971199999999995,0.573707,left,away,121.6871,9,backward,24.4097
199542,,,0,1090303,1091809,[],0.288414,0.6167659999999999,0.288414,0.6167659999999999,,neutral,0.0,0,,0.0
199542,11016.0,Equipo Rival 1,0,1091809,1092969,"[""694f40da3fc2f04d68b12363"", ""694f40da3fc2f04d68b12364"", ""694f40da3fc2f04d68b12365""]",0.288414,0.6167659999999999,0.305357,0.57394,right,home,3.4126,0,backward,3.4126
199542,,,0,1092969,1112436,[],0.235517,0.594419,0.235517,0.594419,,ballout,0.0,0,,0.0
199542,11016.0,Equipo Rival 1,0,1112436,1116922,"[""694f40da3fc2f04d68b12366"", ""694f40da3fc2f04d68b12367"", ""694f40da3fc2f04d68b12368""]",0.235517,0.594419,0.233113,0.385853,right,home,13.6368,2,backward,14.1847
199542,,,0,1116922,1120896,[],0.578454,0.78947,0.578454,0.78947,,neutral,0.0,0,,0.0
199542,12987.0,Tu Equipo,0,1120896,1120896,"[""694f40da3fc2f04d68b12369""]",0.578454,0.78947,0.578454,0.78947,left,away,0.0,1,sideways,0.0
199542,,,0,1120896,1121703,[],0.493989,0.758293,0.493989,0.758293,,neutral,0.0,0,,0.0
199542,11016.0,Equipo Rival 1,0,1121703,1127060,"[""694f40da3fc2f04d68b1236a"", ""694f40da3fc2f04d68b1236b"", ""694f40da3fc2f04d68b1236c"", ""694f40da3fc2f04d68b1236d"", ""694f40da3fc2f04d68b1236f""]",0.493989,0.758293,0.546886,0.9575477,right,home,28.1576,4,forward,14.6435
199542,,,0,1127060,1145303,"[""694f40da3fc2f04d68b12370""]",0.512022,0.99479167,0.512022,0.99479167,,ballout,0.0,0,,0.0
199542,11016.0,Equipo Rival 1,0,1145303,1156036,"[""694f40da3fc2f04d68b12371"", ""694f40da3fc2f04d68b12372"", ""694f40da3fc2f04d68b12373"", ""694f40da3fc2f04d68b12374"", ""694f40da3fc2f04d68b12375"", ""694f40da3fc2f04d68b12376"", ""694f40da3fc2f04d68b12377""]",0.512022,0.99479167,0.748854,0.22011800000000004,right,home,77.6608,6,backward,58.2524
199542,,,0,1156036,1156269,"[""694f40da3fc2f04d68b12378""]",0.812998,0.280544,0.812998,0.280544,,neutral,0.0,0,,0.0
199542,,,0,1156269,1167603,[],0.814975,0.0,0.814975,0.0,,ballout,0.0,0,,0.0
199542,11016.0,Equipo Rival 1,0,1167603,1181403,"[""694f40da3fc2f04d68b12379"", ""694f40da3fc2f04d68b1237a"", ""694f40da3fc2f04d68b1237b"", ""694f40da3fc2f04d68b1237c"", ""694f40da3fc2f04d68b1237d"", ""694f40da3fc2f04d68b1237e"", ""694f40da3fc2f04d68b1237f"", ""694f40da3fc2f04d68b12380"", ""694f40da3fc2f04d68b12381""]",0.814975,0.0,0.657487,0.9165794,right,home,94.2183,6,forward,64.4837
199542,,,0,1181403,1183207,"[""694f40da3fc2f04d68b12382""]",0.66955,0.966611,0.66955,0.966611,,neutral,0.0,0,,0.0
199542,12987.0,Tu Equipo,0,1183207,1186301,"[""694f40da3fc2f04d68b12383"", ""694f40da3fc2f04d68b12384"", ""694f40da3fc2f04d68b12385"", ""694f40da3fc2f04d68b12386"", ""694f40da3fc2f04d68b12387""]",0.66955,0.966611,0.567007,0.675907,left,away,22.2,3,backward,22.5099
199542,,,0,1186301,1217803,[],0.13814,0.9910672700000001,0.13814,0.9910672700000001,,ballout,0.0,0,,0.0
199542,11016.0,Equipo Rival 1,0,1217803,1217803,"[""694f40da3fc2f04d68b12388""]",0.13814,0.9910672700000001,0.13814,0.9910672700000001,right,home,0.0,1,sideways,0.0
199542,,,0,1217803,1219403,[],0.333635,0.979272,0.333635,0.979272,,neutral,0.0,0,,0.0
199542,12987.0,Tu Equipo,0,1219403,1219403,"[""694f40da3fc2f04d68b12389""]",0.333635,0.979272,0.333635,0.979272,left,away,0.0,1,sideways,0.0
199542,,,0,1219403,1223433,"[""694f40da3fc2f04d68b1238a""]",0.279999,0.9389257,0.558145,0.943849,,neutral,29.2072,0,,29.2072
199542,12987.0,Tu Equipo,0,1223433,1242860,"[""694f40da3fc2f04d68b1238b"", ""694f40da3fc2f04d68b1238c"", ""694f40da3fc2f04d68b1238d"", ""694f40da3fc2f04d68b1238e"", ""694f40da3fc2f04d68b1238f"", ""694f40da3fc2f04d68b12390"", ""694f40da3fc2f04d68b12391"", ""694f40da3fc2f04d68b12392"", ""694f40da3fc2f04d68b12393"", ""694f40da3fc2f04d68b12394"", ""694f40da3fc2f04d68b12395"", ""694f40da3fc2f04d68b12396""]",0.558145,0.943849,0.579394,0.256131,left,away,57.2023,5,backward,46.818
199542,,,0,1242860,1244818,[],0.636932,0.381545,0.636932,0.381545,,neutral,0.0,0,,0.0
199542,11016.0,Equipo Rival 1,0,1244818,1247603,"[""694f40da3fc2f04d68b12397"", ""694f40da3fc2f04d68b12398"", ""694f40da3fc2f04d68b12399""]",0.636932,0.381545,0.763281,0.514345,right,home,3.2228,2,forward,16.0484
199542,,,0,1247603,1248351,[],0.825497,0.553501,0.825497,0.553501,,neutral,0.0,0,,0.0
199542,12987.0,Tu Equipo,0,1248351,1251826,"[""694f40da3fc2f04d68b1239a"", ""694f40da3fc2f04d68b1239b"", ""694f40da3fc2f04d68b1239c""]",0.825497,0.553501,0.71559,0.844308,left,away,21.785,1,forward,22.8959
199542,,,0,1251826,1253603,[],0.582852,0.8756390000000001,0.582852,0.8756390000000001,,neutral,0.0,0,,0.0
199542,11016.0,Equipo Rival 1,0,1253603,1253603,"[""694f40da3fc2f04d68b1239d""]",0.582852,0.8756390000000001,0.582852,0.8756390000000001,right,home,0.0,0,sideways,0.0
199542,,,0,1253603,1253944,[],0.62314,0.885275,0.62314,0.885275,,neutral,0.0,0,,0.0
199542,12987.0,Tu Equipo,0,1253944,1256322,"[""694f40da3fc2f04d68b1239e"", ""694f40da3fc2f04d68b1239f"", ""694f40da3fc2f04d68b123a0""]",0.62314,0.885275,0.637721,0.938656,left,away,3.9396,0,forward,3.9396
199542,,,0,1256322,1261974,[],0.702535,0.914171,0.702535,0.914171,,ballout,0.0,0,,0.0
199542,12987.0,Tu Equipo,0,1261974,1298497,"[""694f40da3fc2f04d68b123a1"", ""694f40da3fc2f04d68b123a2"", ""694f40da3fc2f04d68b123a3"", ""694f40da3fc2f04d68b123a4"", ""694f40da3fc2f04d68b123a5"", ""694f40da3fc2f04d68b123a6"", ""694f40da3fc2f04d68b123a7"", ""694f40da3fc2f04d68b123a8"", ""694f40da3fc2f04d68b123a9"", ""694f40da3fc2f04d68b123aa"", ""694f40da3fc2f04d68b123ab"", ""694f40da3fc2f04d68b123ac"", ""694f40da3fc2f04d68b123ad"", ""694f40da3fc2f04d68b123ae"", ""694f40da3fc2f04d68b123af"", ""694f40da3fc2f04d68b123b0"", ""694f40da3fc2f04d68b123b1"", ""694f40da3fc2f04d68b123b2"", ""694f40da3fc2f04d68b123b3"", ""694f40da3fc2f04d68b123b4"", ""694f40da3fc2f04d68b123b5"", ""694f40da3fc2f04d68b123b6"", ""694f40da3fc2f04d68b123b7"", ""694f40da3fc2f04d68b123b8""]",0.702535,0.914171,0.028985999999999956,0.292058,left,away,157.7285,12,backward,82.4093
199542,,,0,1298497,1301336,"[""694f40da3fc2f04d68b123b9"", ""694f40da3fc2f04d68b123ba""]",0.0138243,0.32147800000000004,0.336115,0.237726,,neutral,34.3164,0,,34.3164
199542,11016.0,Equipo Rival 1,0,1301336,1313036,"[""694f40da3fc2f04d68b123bb"", ""694f40da3fc2f04d68b123bc"", ""694f40da3fc2f04d68b123bd"", ""694f40da3fc2f04d68b123be"", ""694f40da3fc2f04d68b123bf""]",0.336115,0.237726,0.863063,0.42309699999999995,right,home,74.2998,2,sideways,56.7472
199542,,,0,1313036,1356503,"[""694f40da3fc2f04d68b123c0""]",0.994102,0.004102999999999968,0.994102,0.004102999999999968,,ballout,0.0,0,,0.0
199542,11016.0,Equipo Rival 1,0,1356503,1356503,"[""694f40da3fc2f04d68b123c1""]",0.994102,0.004102999999999968,0.994102,0.004102999999999968,right,home,0.0,0,sideways,0.0
199542,,,0,1356503,1363342,"[""694f40da3fc2f04d68b123c2""]",0.928866,0.530521,0.465205,0.6729430000000001,,neutral,49.6383,0,,49.6383
199542,11016.0,Equipo Rival 1,0,1363342,1367684,"[""694f40da3fc2f04d68b123c3"", ""694f40da3fc2f04d68b123c4"", ""694f40da3fc2f04d68b123c5""]",0.465205,0.6729430000000001,0.228304,0.43427000000000004,right,home,26.7269,2,backward,29.701
199542,,,0,1367684,1369236,[],0.5825,0.429556,0.5825,0.429556,,neutral,0.0,0,,0.0
199542,12987.0,Tu Equipo,0,1369236,1373533,"[""694f40da3fc2f04d68b123c6"", ""694f40da3fc2f04d68b123c7"", ""694f40da3fc2f04d68b123c8""]",0.5825,0.429556,0.28721399999999997,0.376068,left,away,24.5009,2,sideways,31.2176
199542,,,0,1373533,1403669,[],0.0900518,0.99851606,0.0900518,0.99851606,,ballout,0.0,0,,0.0
199542,11016.0,Equipo Rival 1,0,1403669,1403669,"[""694f40da3fc2f04d68b123c9""]",0.0900518,0.99851606,0.0900518,0.99851606,right,home,0.0,1,sideways,0.0
199542,,,0,1403669,1405431,[],0.331522,0.971166,0.331522,0.971166,,neutral,0.0,0,,0.0
199542,12987.0,Tu Equipo,0,1405431,1406966,"[""694f40da3fc2f04d68b123ca"", ""694f40da3fc2f04d68b123cb"", ""694f40da3fc2f04d68b123cc""]",0.331522,0.971166,0.26672700000000005,0.982073,left,away,6.8903,1,sideways,6.8438
199542,,,0,1406966,1412303,"[""694f40da3fc2f04d68b123cd""]",0.0126238,0.468387,0.0126238,0.468387,,neutral,0.0,0,,0.0
199542,,,0,1412303,1453836,[],0.00813699999999995,0.0240897,0.00813699999999995,0.0240897,,ballout,0.0,0,,0.0
199542,12987.0,Tu Equipo,0,1453836,1457756,"[""694f40da3fc2f04d68b123ce"", ""694f40da3fc2f04d68b123cf"", ""694f40da3fc2f04d68b123d0"", ""694f40da3fc2f04d68b123d1""]",0.00813699999999995,0.0240897,0.11956500000000003,0.516557,left,away,24.6565,2,forward,35.4728
199542,,,0,1457756,1462003,[],0.038965999999999945,0.901481,0.038965999999999945,0.901481,,neutral,0.0,0,,0.0
199542,12987.0,Tu Equipo,0,1462003,1463136,"[""694f40da3fc2f04d68b123d2"", ""694f40da3fc2f04d68b123d3""]",0.038965999999999945,0.901481,0.163884,0.894235,left,away,11.2482,1,sideways,13.1256
199542,,,0,1463136,1467921,"[""694f40da3fc2f04d68b123d4""]",0.23236900000000005,0.990476,0.23236900000000005,0.990476,,neutral,0.0,0,,0.0
199542,12987.0,Tu Equipo,0,1467921,1482369,"[""694f40da3fc2f04d68b123d5"", ""694f40da3fc2f04d68b123d6"", ""694f40da3fc2f04d68b123d7"", ""694f40da3fc2f04d68b123d8"", ""694f40da3fc2f04d68b123d9"", ""694f40da3fc2f04d68b123da"", ""694f40da3fc2f04d68b123db"", ""694f40da3fc2f04d68b123dc"", ""694f40da3fc2f04d68b123dd"", ""694f40da3fc2f04d68b123de""]",0.23236900000000005,0.990476,0.13587000000000005,0.670899,left,away,52.6303,5,backward,23.9773
199542,,,0,1482369,1516603,[],0.0215268,0.503172,0.0215268,0.503172,,ballout,0.0,0,,0.0
199542,11016.0,Equipo Rival 1,0,1516603,1519203,"[""694f40da3fc2f04d68b123df"", ""694f40da3fc2f04d68b123e0"", ""694f40da3fc2f04d68b123e1""]",0.0215268,0.503172,0.0491772,0.333712,right,home,9.2448,2,backward,11.8834
199542,,,0,1519203,1527611,"[""694f40da3fc2f04d68b123e2"", ""694f40da3fc2f04d68b123e4""]",0.39981599999999995,0.575365,0.399324,0.19957899999999995,,neutral,25.5535,0,,25.5535
199542,11016.0,Equipo Rival 1,0,1527611,1544669,"[""694f40da3fc2f04d68b123e5"", ""694f40da3fc2f04d68b123e6"", ""694f40da3fc2f04d68b123e7"", ""694f40da3fc2f04d68b123e8"", ""694f40da3fc2f04d68b123e9"", ""694f40da3fc2f04d68b123ea"", ""694f40da3fc2f04d68b123eb"", ""694f40da3fc2f04d68b123ec""]",0.399324,0.19957899999999995,0.826997,0.7620169999999999,right,home,59.7783,3,forward,58.9852
199542,,,0,1544669,1546003,"[""694f40da3fc2f04d68b123ed""]",0.829114,0.755182,0.829114,0.755182,,neutral,0.0,0,,0.0
199542,12987.0,Tu Equipo,0,1546003,1548784,"[""694f40da3fc2f04d68b123ee"", ""694f40da3fc2f04d68b123ef"", ""694f40da3fc2f04d68b123f0""]",0.829114,0.755182,0.876812,0.763505,left,away,5.7072,2,sideways,5.0402
199542,,,0,1548784,1553407,[],0.441195,0.9611808,0.441195,0.9611808,,neutral,0.0,0,,0.0
199542,11016.0,Equipo Rival 1,0,1553407,1595726,"[""694f40da3fc2f04d68b123f1"", ""694f40da3fc2f04d68b123f2"", ""694f40da3fc2f04d68b123f3"", ""694f40da3fc2f04d68b123f4"", ""694f40da3fc2f04d68b123f5"", ""694f40da3fc2f04d68b123f6"", ""694f40da3fc2f04d68b123f7"", ""694f40da3fc2f04d68b123f8"", ""694f40da3fc2f04d68b123f9"", ""694f40da3fc2f04d68b123fa"", ""694f40da3fc2f04d68b123fc"", ""694f40da3fc2f04d68b123fd"", ""694f40da3fc2f04d68b123fe"", ""694f40da3fc2f04d68b123ff"", ""694f40da3fc2f04d68b12400"", ""694f40da3fc2f04d68b12401"", ""694f40da3fc2f04d68b12402"", ""694f40da3fc2f04d68b12403"", ""694f40da3fc2f04d68b12404"", ""694f40da3fc2f04d68b12405"", ""694f40da3fc2f04d68b12406"", ""694f40da3fc2f04d68b12407"", ""694f40da3fc2f04d68b12408"", ""694f40da3fc2f04d68b12409""]",0.441195,0.9611808,0.282449,0.222356,right,home,207.9604,12,backward,52.933
199542,,,0,1595726,1598169,[],0.642286,0.0918804,0.642286,0.0918804,,neutral,0.0,0,,0.0
199542,12987.0,Tu Equipo,0,1598169,1598169,"[""694f40da3fc2f04d68b1240a""]",0.642286,0.0918804,0.642286,0.0918804,left,away,0.0,1,sideways,0.0
199542,,,0,1598169,1600636,"[""694f40da3fc2f04d68b1240b""]",0.55056,0.15996500000000002,0.566071,0.156382,,neutral,1.6468,0,,1.6468
199542,12987.0,Tu Equipo,0,1600636,1652130,"[""694f40da3fc2f04d68b1240c"", ""694f40da3fc2f04d68b1240d"", ""694f40da3fc2f04d68b1240e"", ""694f40da3fc2f04d68b1240f"", ""694f40da3fc2f04d68b12411"", ""694f40da3fc2f04d68b12412"", ""694f40da3fc2f04d68b12413"", ""694f40da3fc2f04d68b12414"", ""694f40da3fc2f04d68b12415"", ""694f40da3fc2f04d68b12416"", ""694f40da3fc2f04d68b12417"", ""694f40da3fc2f04d68b12418"", ""694f40da3fc2f04d68b12419"", ""694f40da3fc2f04d68b1241a"", ""694f40da3fc2f04d68b1241b"", ""694f40da3fc2f04d68b1241c"", ""694f40da3fc2f04d68b1241d"", ""694f40da3fc2f04d68b1241e"", ""694f40da3fc2f04d68b1241f"", ""694f40da3fc2f04d68b12420"", ""694f40da3fc2f04d68b12421"", ""694f40da3fc2f04d68b12422"", ""694f40da3fc2f04d68b12423"", ""694f40da3fc2f04d68b12424"", ""694f40da3fc2f04d68b12425"", ""694f40da3fc2f04d68b12426"", ""694f40da3fc2f04d68b12427"", ""694f40da3fc2f04d68b12428"", ""694f40da3fc2f04d68b12429"", ""694f40da3fc2f04d68b1242a"", ""694f40da3fc2f04d68b1242b"", ""694f40da3fc2f04d68b1242c"", ""694f40da3fc2f04d68b1242d"", ""694f40da3fc2f04d68b1242e"", ""694f40da3fc2f04d68b1242f""]",0.566071,0.156382,0.5277700000000001,0.641842,left,away,227.5979,18,forward,33.2553
199542,,,0,1652130,1653336,[],0.27544,0.856386,0.27544,0.856386,,neutral,0.0,0,,0.0
199542,11016.0,Equipo Rival 1,0,1653336,1659941,"[""694f40da3fc2f04d68b12430"", ""694f40da3fc2f04d68b12431"", ""694f40da3fc2f04d68b12432"", ""694f40da3fc2f04d68b12433""]",0.27544,0.856386,0.315596,0.07717600000000002,right,home,65.4141,4,backward,53.1538
199542,,,0,1659941,1684752,[],0.436364,0.0,0.436364,0.0,,ballout,0.0,0,,0.0
199542,12987.0,Tu Equipo,0,1684752,1684752,"[""694f40da3fc2f04d68b12434""]",0.436364,0.0,0.436364,0.0,left,away,0.0,1,sideways,0.0
199542,,,0,1684752,1702699,"[""694f40da3fc2f04d68b12436""]",0.27549500000000005,0.0,0.27549500000000005,0.0,,ballout,0.0,0,,0.0
199542,12987.0,Tu Equipo,0,1702699,1704836,"[""694f40da3fc2f04d68b12437"", ""694f40da3fc2f04d68b12438"", ""694f40da3fc2f04d68b12439""]",0.27549500000000005,0.0,0.267713,0.07955500000000004,left,away,7.769,1,forward,5.4711
199542,,,0,1704836,1706121,[],0.339828,0.154056,0.339828,0.154056,,neutral,0.0,0,,0.0
199542,12987.0,Tu Equipo,0,1706121,1707469,"[""694f40da3fc2f04d68b1243a"", ""694f40da3fc2f04d68b1243b""]",0.339828,0.154056,0.386945,0.088411,left,away,6.6635,1,backward,6.6635
199542,,,0,1707469,1721203,[],0.483306,0.0,0.483306,0.0,,ballout,0.0,0,,0.0
199542,11016.0,Equipo Rival 1,0,1721203,1723336,"[""694f40da3fc2f04d68b1243c"", ""694f40da3fc2f04d68b1243d"", ""694f40da3fc2f04d68b1243e""]",0.483306,0.0,0.540969,0.114672,right,home,10.7832,2,forward,9.8723
199542,,,0,1723336,1744348,[],0.36414100000000005,0.0,0.36414100000000005,0.0,,ballout,0.0,0,,0.0
199542,12987.0,Tu Equipo,0,1744348,1748069,"[""694f40da3fc2f04d68b1243f"", ""694f40da3fc2f04d68b12440"", ""694f40da3fc2f04d68b12441"", ""694f40da3fc2f04d68b12442"", ""694f40da3fc2f04d68b12443"", ""694f40da3fc2f04d68b12444""]",0.36414100000000005,0.0,0.320603,0.10513700000000004,left,away,24.7009,3,forward,8.4859
199542,,,0,1748069,1760903,"[""694f40da3fc2f04d68b12445""]",0.398075,0.0,0.398075,0.0,,ballout,0.0,0,,0.0
199542,11016.0,Equipo Rival 1,0,1760903,1762754,"[""694f40da3fc2f04d68b12446"", ""694f40da3fc2f04d68b12447"", ""694f40da3fc2f04d68b12448""]",0.398075,0.0,0.376366,0.050177999999999945,right,home,14.0929,3,forward,4.1035
199542,,,0,1762754,1764303,[],0.583186,0.203229,0.583186,0.203229,,neutral,0.0,0,,0.0
199542,12987.0,Tu Equipo,0,1764303,1764303,"[""694f40da3fc2f04d68b12449""]",0.583186,0.203229,0.583186,0.203229,left,away,0.0,1,sideways,0.0
199542,,,0,1764303,1767436,"[""694f40da3fc2f04d68b1244b""]",0.28659,0.07279100000000005,0.28659,0.07279100000000005,,neutral,0.0,0,,0.0
199542,,,0,1767436,1775636,[],0.237453,0.0,0.237453,0.0,,ballout,0.0,0,,0.0
199542,11016.0,Equipo Rival 1,0,1775636,1777636,"[""694f40da3fc2f04d68b1244c"", ""694f40da3fc2f04d68b1244d"", ""694f40da3fc2f04d68b1244e""]",0.237453,0.0,0.279478,0.062031999999999976,right,home,8.3705,2,forward,6.1044
199542,,,0,1777636,1778713,"[""694f40da3fc2f04d68b1244f"", ""694f40da3fc2f04d68b12450"", ""694f40da3fc2f04d68b12451""]",0.291193,0.06372500000000003,0.291193,0.06372500000000003,,neutral,0.0,0,,0.0
199542,,,0,1778713,1792332,[],0.341503,0.13334400000000002,0.341503,0.13334400000000002,,ballout,0.0,0,,0.0
199542,11016.0,Equipo Rival 1,0,1792332,1800098,"[""694f40da3fc2f04d68b12452"", ""694f40da3fc2f04d68b12453"", ""694f40da3fc2f04d68b12454"", ""694f40da3fc2f04d68b12455"", ""694f40da3fc2f04d68b12456""]",0.341503,0.13334400000000002,0.0684124,0.421235,right,home,43.0963,3,forward,34.7199
199542,,,0,1800098,1806823,"[""694f40da3fc2f04d68b12458""]",0.507821,0.13822599999999996,0.507821,0.13822599999999996,,neutral,0.0,0,,0.0
199542,11016.0,Equipo Rival 1,0,1806823,1827635,"[""694f40da3fc2f04d68b12459"", ""694f40da3fc2f04d68b1245a"", ""694f40da3fc2f04d68b1245b"", ""694f40da3fc2f04d68b1245c"", ""694f40da3fc2f04d68b1245d"", ""694f40da3fc2f04d68b1245e"", ""694f40da3fc2f04d68b1245f"", ""694f40da3fc2f04d68b12460"", ""694f40da3fc2f04d68b12461"", ""694f40da3fc2f04d68b12462"", ""694f40da3fc2f04d68b12463"", ""694f40da3fc2f04d68b12464""]",0.507821,0.13822599999999996,0.472452,0.9753726,right,home,74.7482,5,forward,57.047
199542,,,0,1827635,1837269,[],0.448306,0.9724453,0.448306,0.9724453,,ballout,0.0,0,,0.0
199542,11016.0,Equipo Rival 1,0,1837269,1847040,"[""694f40da3fc2f04d68b12465"", ""694f40da3fc2f04d68b12466"", ""694f40da3fc2f04d68b12467"", ""694f40da3fc2f04d68b12468"", ""694f40da3fc2f04d68b12469"", ""694f40da3fc2f04d68b1246a"", ""694f40da3fc2f04d68b1246b""]",0.448306,0.9724453,0.910583,0.821711,right,home,47.7566,3,sideways,49.6095
199542,,,0,1847040,1850162,"[""694f40da3fc2f04d68b1246c""]",0.9141049,0.769188,0.9484629,0.69916,,neutral,5.9741,0,,5.9741
199542,12987.0,Tu Equipo,0,1850162,1855036,"[""694f40da3fc2f04d68b1246d"", ""694f40da3fc2f04d68b1246e"", ""694f40da3fc2f04d68b1246f""]",0.9484629,0.69916,0.518302,0.695624,left,away,40.9162,1,sideways,45.1675
199542,,,0,1855036,1856636,"[""694f40da3fc2f04d68b12470"", ""694f40da3fc2f04d68b12471""]",0.56523,0.754544,0.56523,0.754544,,neutral,0.0,0,,0.0
199542,,,0,1856636,1894237,[],0.553471,0.7772950000000001,0.553471,0.7772950000000001,,ballout,0.0,0,,0.0
199542,11016.0,Equipo Rival 1,0,1894237,1894237,"[""694f40da3fc2f04d68b12472""]",0.553471,0.7772950000000001,0.553471,0.7772950000000001,right,home,0.0,1,sideways,0.0
199542,,,0,1894237,1901708,"[""694f40da3fc2f04d68b12473"", ""694f40da3fc2f04d68b12474""]",0.823689,0.416247,0.9484629,0.687955,,neutral,22.6497,0,,22.6497
199542,12987.0,Tu Equipo,0,1901708,1901708,"[""694f40da3fc2f04d68b12475""]",0.9484629,0.687955,0.9484629,0.687955,left,away,0.0,1,sideways,0.0
199542,,,0,1901708,1903636,[],0.64229,0.71811,0.64229,0.71811,,neutral,0.0,0,,0.0
199542,11016.0,Equipo Rival 1,0,1903636,1908669,"[""694f40da3fc2f04d68b12476"", ""694f40da3fc2f04d68b12477"", ""694f40da3fc2f04d68b12478"", ""694f40da3fc2f04d68b12479""]",0.64229,0.71811,0.659132,0.987675,right,home,19.9257,2,forward,18.4155
199542,,,0,1908669,1920203,[],0.727215,1.0,0.727215,1.0,,ballout,0.0,0,,0.0
199542,11016.0,Equipo Rival 1,0,1920203,1920203,"[""694f40da3fc2f04d68b1247a""]",0.727215,1.0,0.727215,1.0,right,home,0.0,1,sideways,0.0
199542,,,0,1920203,1921336,[],0.753571,0.85349,0.753571,0.85349,,neutral,0.0,0,,0.0
199542,12987.0,Tu Equipo,0,1921336,1924034,"[""694f40da3fc2f04d68b1247c"", ""694f40da3fc2f04d68b1247d""]",0.753571,0.85349,0.798665,0.844753,left,away,4.772,0,sideways,4.772
199542,,,0,1924034,1933469,"[""694f40da3fc2f04d68b1247e""]",0.79467,0.708097,0.79467,0.708097,,ballout,0.0,0,,0.0
199542,12987.0,Tu Equipo,0,1933469,1951483,"[""694f40da3fc2f04d68b1247f"", ""694f40da3fc2f04d68b12480"", ""694f40da3fc2f04d68b12481"", ""694f40da3fc2f04d68b12482"", ""694f40da3fc2f04d68b12483"", ""694f40da3fc2f04d68b12484"", ""694f40da3fc2f04d68b12485"", ""694f40da3fc2f04d68b12486"", ""694f40da3fc2f04d68b12487"", ""694f40da3fc2f04d68b12488""]",0.79467,0.708097,0.359649,0.766055,left,away,79.6078,5,sideways,45.8469
199542,,,0,1951483,1954303,"[""694f40da3fc2f04d68b12489""]",0.314062,0.877968,0.513695,0.853092,,neutral,21.0296,0,,21.0296
199542,12987.0,Tu Equipo,0,1954303,1978703,"[""694f40da3fc2f04d68b1248a"", ""694f40da3fc2f04d68b1248b"", ""694f40da3fc2f04d68b1248c"", ""694f40da3fc2f04d68b1248d"", ""694f40da3fc2f04d68b1248e"", ""694f40da3fc2f04d68b1248f"", ""694f40da3fc2f04d68b12490"", ""694f40da3fc2f04d68b12491"", ""694f40da3fc2f04d68b12492"", ""694f40da3fc2f04d68b12493"", ""694f40da3fc2f04d68b12494"", ""694f40da3fc2f04d68b12495""]",0.513695,0.853092,0.12604499999999996,0.0110856,left,away,62.6864,6,backward,70.2499
199542,,,0,1978703,1978836,[],0.117092,0.027766999999999986,0.117092,0.027766999999999986,,neutral,0.0,0,,0.0
199542,11016.0,Equipo Rival 1,0,1978836,1981469,"[""694f40da3fc2f04d68b12496"", ""694f40da3fc2f04d68b12498""]",0.117092,0.027766999999999986,0.159883,0.006036000000000041,right,home,4.7298,1,sideways,4.7298
199542,,,0,1981469,1984406,"[""694f40da3fc2f04d68b1249a""]",0.34511400000000003,0.0568239,0.352452,0.0761762,,neutral,1.5249,0,,1.5249
199542,12987.0,Tu Equipo,0,1984406,1989003,"[""694f40da3fc2f04d68b1249b"", ""694f40da3fc2f04d68b1249c""]",0.352452,0.0761762,0.314377,0.299017,left,away,15.6717,1,forward,15.6717
199542,,,0,1989003,1990436,"[""694f40da3fc2f04d68b1249d""]",0.264274,0.269571,0.264274,0.269571,,neutral,0.0,0,,0.0
199542,11016.0,Equipo Rival 1,0,1990436,1990436,"[""694f40da3fc2f04d68b1249e""]",0.264274,0.269571,0.264274,0.269571,right,home,0.0,1,sideways,0.0
199542,,,0,1990436,1992437,[],0.27378,0.170909,0.27378,0.170909,,neutral,0.0,0,,0.0
199542,12987.0,Tu Equipo,0,1992437,2005459,"[""694f40da3fc2f04d68b1249f"", ""694f40da3fc2f04d68b124a0"", ""694f40da3fc2f04d68b124a1"", ""694f40da3fc2f04d68b124a2"", ""694f40da3fc2f04d68b124a3"", ""694f40da3fc2f04d68b124a4"", ""694f40da3fc2f04d68b124a5"", ""694f40da3fc2f04d68b124a6"", ""694f40da3fc2f04d68b124a7"", ""694f40da3fc2f04d68b124a8"", ""694f40da3fc2f04d68b124a9"", ""694f40da3fc2f04d68b124aa"", ""694f40da3fc2f04d68b124ab""]",0.27378,0.170909,0.17868700000000004,0.104077,left,away,71.7905,6,backward,10.9704
199542,,,0,2005459,2007369,[],0.0942565,0.6320319999999999,0.0942565,0.6320319999999999,,neutral,0.0,0,,0.0
199542,11016.0,Equipo Rival 1,0,2007369,2008803,"[""694f40da3fc2f04d68b124ac"", ""694f40da3fc2f04d68b124ad""]",0.0942565,0.6320319999999999,0.210271,0.613041,right,home,12.2498,2,sideways,12.2498
199542,,,0,2008803,2010812,[],0.296717,0.581873,0.296717,0.581873,,neutral,0.0,0,,0.0
199542,12987.0,Tu Equipo,0,2010812,2012884,"[""694f40da3fc2f04d68b124ae"", ""694f40da3fc2f04d68b124af"", ""694f40da3fc2f04d68b124b0""]",0.296717,0.581873,0.20850999999999997,0.633513,left,away,8.1196,2,forward,9.9051
199542,,,0,2012884,2016569,"[""694f40da3fc2f04d68b124b1""]",0.219889,0.559037,0.268265,0.31283700000000003,,neutral,17.4952,0,,17.4952
199542,11016.0,Equipo Rival 1,0,2016569,2018403,"[""694f40da3fc2f04d68b124b2"", ""694f40da3fc2f04d68b124b3""]",0.268265,0.31283700000000003,0.351688,0.13620100000000002,right,home,14.866,1,backward,14.866
199542,,,0,2018403,2019814,"[""694f40da3fc2f04d68b124b4""]",0.363399,0.141954,0.32378,0.08299500000000004,,neutral,5.7775,0,,5.7775
199542,11016.0,Equipo Rival 1,0,2019814,2022101,"[""694f40da3fc2f04d68b124b5"", ""694f40da3fc2f04d68b124b6""]",0.32378,0.08299500000000004,0.335909,0.0289059,right,home,3.8923,0,backward,3.8923
199542,,,0,2022101,2035803,[],0.344744,0.0,0.344744,0.0,,ballout,0.0,0,,0.0
199542,11016.0,Equipo Rival 1,0,2035803,2036603,"[""694f40da3fc2f04d68b124b7"", ""694f40da3fc2f04d68b124b8""]",0.344744,0.0,0.325508,0.08922799999999997,right,home,6.3949,2,forward,6.3949
199542,,,0,2036603,2039385,[],0.624244,0.210602,0.624244,0.210602,,neutral,0.0,0,,0.0
199542,12987.0,Tu Equipo,0,2039385,2077636,"[""694f40da3fc2f04d68b124b9"", ""694f40da3fc2f04d68b124ba"", ""694f40da3fc2f04d68b124bb"", ""694f40da3fc2f04d68b124bc"", ""694f40da3fc2f04d68b124bd"", ""694f40da3fc2f04d68b124be"", ""694f40da3fc2f04d68b124bf"", ""694f40da3fc2f04d68b124c0"", ""694f40da3fc2f04d68b124c1"", ""694f40da3fc2f04d68b124c2"", ""694f40da3fc2f04d68b124c3"", ""694f40da3fc2f04d68b124c4"", ""694f40da3fc2f04d68b124c5"", ""694f40da3fc2f04d68b124c6"", ""694f40da3fc2f04d68b124c7"", ""694f40da3fc2f04d68b124c8"", ""694f40da3fc2f04d68b124c9"", ""694f40da3fc2f04d68b124ca"", ""694f40da3fc2f04d68b124cb"", ""694f40da3fc2f04d68b124cc"", ""694f40da3fc2f04d68b124cd"", ""694f40da3fc2f04d68b124ce"", ""694f40da3fc2f04d68b124cf"", ""694f40da3fc2f04d68b124d0"", ""694f40da3fc2f04d68b124d1"", ""694f40da3fc2f04d68b124d2""]",0.624244,0.210602,0.406386,0.767496,left,away,141.5798,14,forward,44.2416
199542,,,0,2077636,2101832,[],0.140544,0.9910672700000001,0.140544,0.9910672700000001,,ballout,0.0,0,,0.0
199542,11016.0,Equipo Rival 1,0,2101832,2105236,"[""694f40da3fc2f04d68b124d3"", ""694f40da3fc2f04d68b124d4"", ""694f40da3fc2f04d68b124d5"", ""694f40da3fc2f04d68b124d6""]",0.140544,0.9910672700000001,0.30561,0.895361,right,home,27.7312,3,backward,18.5135
199542,,,0,2105236,2106482,"[""694f40da3fc2f04d68b124d8""]",0.38821700000000003,0.925607,0.38821700000000003,0.925607,,neutral,0.0,0,,0.0
199542,12987.0,Tu Equipo,0,2106482,2106482,"[""694f40da3fc2f04d68b124d9""]",0.38821700000000003,0.925607,0.38821700000000003,0.925607,left,away,0.0,1,sideways,0.0
199542,,,0,2106482,2108103,[],0.245693,0.741687,0.245693,0.741687,,neutral,0.0,0,,0.0
199542,11016.0,Equipo Rival 1,0,2108103,2114903,"[""694f40da3fc2f04d68b124da"", ""694f40da3fc2f04d68b124db"", ""694f40da3fc2f04d68b124dc"", ""694f40da3fc2f04d68b124dd""]",0.245693,0.741687,0.433955,0.09088300000000005,right,home,41.0014,3,backward,48.4689
199542,,,0,2114903,2135336,[],0.5216000000000001,0.0,0.5216000000000001,0.0,,ballout,0.0,0,,0.0
199542,12987.0,Tu Equipo,0,2135336,2135336,"[""694f40da3fc2f04d68b124de""]",0.5216000000000001,0.0,0.5216000000000001,0.0,left,away,0.0,1,sideways,0.0
199542,,,0,2135336,2151340,"[""694f40da3fc2f04d68b124df"", ""694f40da3fc2f04d68b124e1"", ""694f40da3fc2f04d68b124e2""]",0.167523,0.01828799999999997,0.977396,0.214566,,neutral,86.0777,0,,86.0777
199542,12987.0,Tu Equipo,0,2151340,2200614,"[""694f40da3fc2f04d68b124e4"", ""694f40da3fc2f04d68b124e5"", ""694f40da3fc2f04d68b124e6"", ""694f40da3fc2f04d68b124e7"", ""694f40da3fc2f04d68b124e8"", ""694f40da3fc2f04d68b124e9"", ""694f40da3fc2f04d68b124ea"", ""694f40da3fc2f04d68b124eb"", ""694f40da3fc2f04d68b124ec"", ""694f40da3fc2f04d68b124ed"", ""694f40da3fc2f04d68b124ee"", ""694f40da3fc2f04d68b124ef"", ""694f40da3fc2f04d68b124f0"", ""694f40da3fc2f04d68b124f1"", ""694f40da3fc2f04d68b124f2"", ""694f40da3fc2f04d68b124f3"", ""694f40da3fc2f04d68b124f4"", ""694f40da3fc2f04d68b124f5"", ""694f40da3fc2f04d68b124f6"", ""694f40da3fc2f04d68b124f7"", ""694f40da3fc2f04d68b124f8"", ""694f40da3fc2f04d68b124f9"", ""694f40da3fc2f04d68b124fa"", ""694f40da3fc2f04d68b124fb"", ""694f40da3fc2f04d68b124fc""]",0.977396,0.214566,0.21571600000000002,0.448958,left,away,211.9883,12,sideways,81.5492
199542,12987.0,Tu Equipo,0,2200614,2207736,"[""694f40da3fc2f04d68b124fe"", ""694f40da3fc2f04d68b124ff"", ""694f40da3fc2f04d68b12500"", ""694f40da3fc2f04d68b12501"", ""694f40da3fc2f04d68b12502""]",0.21571600000000002,0.448958,0.22298700000000005,0.331424,left,away,29.439,3,backward,8.0287
199542,,,0,2207736,2224803,[],0.235528,0.0,0.235528,0.0,,ballout,0.0,0,,0.0
199542,11016.0,Equipo Rival 1,0,2224803,2224803,"[""694f40da3fc2f04d68b12503""]",0.235528,0.0,0.235528,0.0,right,home,0.0,1,sideways,0.0
199542,,,0,2224803,2228036,"[""694f40da3fc2f04d68b12504""]",0.506976,0.0317787,0.506976,0.0317787,,neutral,0.0,0,,0.0
199542,,,0,2228036,2238536,[],0.458864,0.0,0.458864,0.0,,ballout,0.0,0,,0.0
199542,11016.0,Equipo Rival 1,0,2238536,2239379,"[""694f40da3fc2f04d68b12505"", ""694f40da3fc2f04d68b12506""]",0.458864,0.0,0.495028,0.07501400000000003,right,home,6.3591,1,forward,6.3591
199542,,,0,2239379,2261358,[],0.47318899999999997,0.0,0.47318899999999997,0.0,,ballout,0.0,0,,0.0
199542,12987.0,Tu Equipo,0,2261358,2261358,"[""694f40da3fc2f04d68b12507""]",0.47318899999999997,0.0,0.47318899999999997,0.0,left,away,0.0,1,sideways,0.0
199542,,,0,2261358,2263003,[],0.285486,0.05794100000000002,0.285486,0.05794100000000002,,neutral,0.0,0,,0.0
199542,11016.0,Equipo Rival 1,0,2263003,2264936,"[""694f40da3fc2f04d68b12508"", ""694f40da3fc2f04d68b12509""]",0.285486,0.05794100000000002,0.36306,0.10139500000000001,right,home,8.6647,1,sideways,8.6647
199542,,,0,2264936,2266203,[],0.34682900000000005,0.183635,0.34682900000000005,0.183635,,neutral,0.0,0,,0.0
199542,12987.0,Tu Equipo,0,2266203,2284869,"[""694f40da3fc2f04d68b1250a"", ""694f40da3fc2f04d68b1250b"", ""694f40da3fc2f04d68b1250c"", ""694f40da3fc2f04d68b1250d"", ""694f40da3fc2f04d68b1250e"", ""694f40da3fc2f04d68b1250f"", ""694f40da3fc2f04d68b12510"", ""694f40da3fc2f04d68b12511"", ""694f40da3fc2f04d68b12512"", ""694f40da3fc2f04d68b12513"", ""694f40da3fc2f04d68b12514"", ""694f40da3fc2f04d68b12515""]",0.34682900000000005,0.183635,0.447468,0.673456,left,away,77.8388,7,forward,34.9439
199542,,,0,2284869,2288619,"[""694f40da3fc2f04d68b12516""]",0.283559,0.520708,0.634209,0.529289,,neutral,36.8229,0,,36.8229
199542,12987.0,Tu Equipo,0,2288619,2324336,"[""694f40da3fc2f04d68b12517"", ""694f40da3fc2f04d68b12518"", ""694f40da3fc2f04d68b12519"", ""694f40da3fc2f04d68b1251a"", ""694f40da3fc2f04d68b1251b"", ""694f40da3fc2f04d68b1251c"", ""694f40da3fc2f04d68b1251e"", ""694f40da3fc2f04d68b1251f"", ""694f40da3fc2f04d68b12520"", ""694f40da3fc2f04d68b12521"", ""694f40da3fc2f04d68b12522"", ""694f40da3fc2f04d68b12523"", ""694f40da3fc2f04d68b12524"", ""694f40da3fc2f04d68b12525"", ""694f40da3fc2f04d68b12526"", ""694f40da3fc2f04d68b12527"", ""694f40da3fc2f04d68b12528"", ""694f40da3fc2f04d68b12529"", ""694f40da3fc2f04d68b1252a"", ""694f40da3fc2f04d68b1252b"", ""694f40da3fc2f04d68b1252c"", ""694f40da3fc2f04d68b1252d""]",0.634209,0.529289,0.33032300000000003,0.809292,left,away,140.3626,12,forward,37.1571
199542,,,0,2324336,2325036,[],0.318228,0.9121314,0.318228,0.9121314,,neutral,0.0,0,,0.0
199542,11016.0,Equipo Rival 1,0,2325036,2339011,"[""694f40da3fc2f04d68b1252f"", ""694f40da3fc2f04d68b12530"", ""694f40da3fc2f04d68b12531"", ""694f40da3fc2f04d68b12532"", ""694f40da3fc2f04d68b12534"", ""694f40da3fc2f04d68b12535"", ""694f40da3fc2f04d68b12536"", ""694f40da3fc2f04d68b12538"", ""694f40da3fc2f04d68b12539""]",0.318228,0.9121314,0.901533,0.624214,right,home,62.8957,4,sideways,64.3002
199542,,,0,2339011,2381819,"[""694f40da3fc2f04d68b1253a""]",0.9929,0.011550999999999978,0.9929,0.011550999999999978,,ballout,0.0,0,,0.0
199542,11016.0,Equipo Rival 1,0,2381819,2381819,"[""694f40da3fc2f04d68b1253b""]",0.9929,0.011550999999999978,0.9929,0.011550999999999978,right,home,0.0,0,sideways,0.0
199542,,,0,2381819,2383703,"[""694f40da3fc2f04d68b1253c""]",0.9629295,0.556303,0.9629295,0.556303,,neutral,0.0,0,,0.0
199542,,,0,2383703,2412069,[],0.83421,0.99479167,0.83421,0.99479167,,ballout,0.0,0,,0.0
199542,11016.0,Equipo Rival 1,0,2412069,2415469,"[""694f40da3fc2f04d68b1253d"", ""694f40da3fc2f04d68b1253e"", ""694f40da3fc2f04d68b12540""]",0.83421,0.99479167,0.890597,0.469468,right,home,21.6728,1,backward,36.2093
199542,,,0,2415469,2432469,[],0.638252,1.0,0.638252,1.0,,ballout,0.0,0,,0.0
199542,11016.0,Equipo Rival 1,0,2432469,2441669,"[""694f40da3fc2f04d68b12541"", ""694f40da3fc2f04d68b12542"", ""694f40da3fc2f04d68b12543"", ""694f40da3fc2f04d68b12544"", ""694f40da3fc2f04d68b12545""]",0.638252,1.0,0.936396,0.449168,right,home,61.2507,2,backward,48.816
199542,,,0,2441669,2480669,[],0.9466546,0.407843,0.9466546,0.407843,,ballout,0.0,0,,0.0
199542,12987.0,Tu Equipo,0,2480669,2483803,"[""694f40da3fc2f04d68b12547"", ""694f40da3fc2f04d68b12548""]",0.9466546,0.407843,0.43346399999999996,0.16899,left,away,56.2796,2,sideways,56.2796
199542,,,0,2483803,2499036,"[""694f40da3fc2f04d68b12549""]",0.334738,0.0,0.334738,0.0,,ballout,0.0,0,,0.0
199542,12987.0,Tu Equipo,0,2499036,2499036,"[""694f40da3fc2f04d68b1254a""]",0.334738,0.0,0.334738,0.0,left,away,0.0,1,sideways,0.0
199542,,,0,2499036,2500036,[],0.213339,0.06920099999999996,0.213339,0.06920099999999996,,neutral,0.0,0,,0.0
199542,11016.0,Equipo Rival 1,0,2500036,2516369,"[""694f40da3fc2f04d68b1254b"", ""694f40da3fc2f04d68b1254c"", ""694f40da3fc2f04d68b1254d"", ""694f40da3fc2f04d68b1254e"", ""694f40da3fc2f04d68b1254f"", ""694f40da3fc2f04d68b12550"", ""694f40da3fc2f04d68b12551"", ""694f40da3fc2f04d68b12552"", ""694f40da3fc2f04d68b12553""]",0.213339,0.06920099999999996,0.52765,0.9668587,right,home,86.4728,6,forward,69.3912
199542,,,0,2516369,2520934,[],0.890597,0.794398,0.890597,0.794398,,neutral,0.0,0,,0.0
199542,12987.0,Tu Equipo,0,2520934,2551540,"[""694f40da3fc2f04d68b12554"", ""694f40da3fc2f04d68b12555"", ""694f40da3fc2f04d68b12556"", ""694f40da3fc2f04d68b12557"", ""694f40da3fc2f04d68b12558"", ""694f40da3fc2f04d68b12559"", ""694f40da3fc2f04d68b1255a"", ""694f40da3fc2f04d68b1255b"", ""694f40da3fc2f04d68b1255c"", ""694f40da3fc2f04d68b1255d"", ""694f40da3fc2f04d68b1255e"", ""694f40da3fc2f04d68b1255f"", ""694f40da3fc2f04d68b12560"", ""694f40da3fc2f04d68b12561"", ""694f40da3fc2f04d68b12562"", ""694f40da3fc2f04d68b12563"", ""694f40da3fc2f04d68b12564""]",0.890597,0.794398,0.36025300000000005,0.0340382,left,away,109.7288,8,backward,75.9888
199542,,,0,2551540,2551569,"[""694f40da3fc2f04d68b12565""]",0.357063,0.03135600000000005,0.357063,0.03135600000000005,,neutral,0.0,0,,0.0
199542,,,0,2551569,2568536,[],0.331194,0.0,0.331194,0.0,,ballout,0.0,0,,0.0
199542,12987.0,Tu Equipo,0,2568536,2591603,"[""694f40da3fc2f04d68b12566"", ""694f40da3fc2f04d68b12567"", ""694f40da3fc2f04d68b12568"", ""694f40da3fc2f04d68b12569"", ""694f40da3fc2f04d68b1256a"", ""694f40da3fc2f04d68b1256b"", ""694f40da3fc2f04d68b1256c"", ""694f40da3fc2f04d68b1256d"", ""694f40da3fc2f04d68b1256e"", ""694f40da3fc2f04d68b12570"", ""694f40da3fc2f04d68b12571"", ""694f40da3fc2f04d68b12572"", ""694f40da3fc2f04d68b12573"", ""694f40da3fc2f04d68b12574"", ""694f40da3fc2f04d68b12575"", ""694f40da3fc2f04d68b12576""]",0.331194,0.0,0.36709,0.115151,left,away,114.8973,8,forward,8.6902
199542,,,0,2591603,2592636,[],0.32464499999999996,0.181651,0.32464499999999996,0.181651,,neutral,0.0,0,,0.0
199542,12987.0,Tu Equipo,0,2592636,2620713,"[""694f40da3fc2f04d68b12577"", ""694f40da3fc2f04d68b12578"", ""694f40da3fc2f04d68b12579"", ""694f40da3fc2f04d68b1257a"", ""694f40da3fc2f04d68b1257b"", ""694f40da3fc2f04d68b1257c"", ""694f40da3fc2f04d68b1257d"", ""694f40da3fc2f04d68b1257e"", ""694f40da3fc2f04d68b1257f"", ""694f40da3fc2f04d68b12580"", ""694f40da3fc2f04d68b12581"", ""694f40da3fc2f04d68b12582"", ""694f40da3fc2f04d68b12583"", ""694f40da3fc2f04d68b12584"", ""694f40da3fc2f04d68b12585"", ""694f40da3fc2f04d68b12586"", ""694f40da3fc2f04d68b12588""]",0.32464499999999996,0.181651,0.37675800000000004,0.514517,left,away,97.7171,9,forward,23.2869
199542,,,0,2620713,2622032,[],0.373488,0.606007,0.373488,0.606007,,neutral,0.0,0,,0.0
199542,11016.0,Equipo Rival 1,0,2622032,2639036,"[""694f40da3fc2f04d68b12589"", ""694f40da3fc2f04d68b1258a"", ""694f40da3fc2f04d68b1258b"", ""694f40da3fc2f04d68b1258c"", ""694f40da3fc2f04d68b1258d"", ""694f40da3fc2f04d68b1258e"", ""694f40da3fc2f04d68b1258f""]",0.373488,0.606007,0.915959,0.845816,right,home,84.3682,4,sideways,59.2478
199542,,,0,2639036,2641636,"[""694f40da3fc2f04d68b12590""]",0.877939,0.945658,0.877939,0.945658,,neutral,0.0,0,,0.0
199542,12987.0,Tu Equipo,0,2641636,2641636,"[""694f40da3fc2f04d68b12591""]",0.877939,0.945658,0.877939,0.945658,left,away,0.0,1,sideways,0.0
199542,,,0,2641636,2657703,"[""694f40da3fc2f04d68b12592""]",0.880435,1.0,0.880435,1.0,,ballout,0.0,0,,0.0
199542,12987.0,Tu Equipo,0,2657703,2667003,"[""694f40da3fc2f04d68b12593"", ""694f40da3fc2f04d68b12594"", ""694f40da3fc2f04d68b12595"", ""694f40da3fc2f04d68b12596"", ""694f40da3fc2f04d68b12597""]",0.880435,1.0,0.790931,0.9575477,left,away,20.3387,3,sideways,9.8313
199542,,,0,2667003,2667636,[],0.730511,0.9574616,0.730511,0.9574616,,neutral,0.0,0,,0.0
199542,11016.0,Equipo Rival 1,0,2667636,2668890,"[""694f40da3fc2f04d68b12598"", ""694f40da3fc2f04d68b12599""]",0.730511,0.9574616,0.724638,0.962747,right,home,0.7138,0,forward,0.7138
199542,,,0,2668890,2685003,"[""694f40da3fc2f04d68b1259a"", ""694f40da3fc2f04d68b1259b"", ""694f40da3fc2f04d68b1259c"", ""694f40da3fc2f04d68b1259d"", ""694f40da3fc2f04d68b1259f""]",0.800486,0.92209,0.263524,0.974198,,neutral,56.4922,0,,56.4922
199542,12987.0,Tu Equipo,1,2700628,2703341,"[""694f40da3fc2f04d68b125a0"", ""694f40da3fc2f04d68b125a1"", ""694f40da3fc2f04d68b125a2"", ""694f40da3fc2f04d68b125a3""]",0.498558,0.49541,0.43218,0.287832,right,away,25.7051,3,backward,15.7422
199542,,,1,2703341,2710023,"[""694f40da3fc2f04d68b125a4""]",0.717808,0.725996,0.473152,0.9663243,,neutral,30.4465,0,,30.4465
199542,12987.0,Tu Equipo,1,2710023,2713928,"[""694f40da3fc2f04d68b125a5"", ""694f40da3fc2f04d68b125a6"", ""694f40da3fc2f04d68b125a7"", ""694f40da3fc2f04d68b125a8""]",0.473152,0.9663243,0.525522,0.9098834,right,away,15.1278,3,backward,6.7058
199542,,,1,2713928,2717568,"[""694f40da3fc2f04d68b125a9""]",0.679127,0.735946,0.593656,0.691539,,neutral,9.4689,0,,9.4689
199542,11016.0,Equipo Rival 1,1,2717568,2732128,"[""694f40da3fc2f04d68b125aa"", ""694f40da3fc2f04d68b125ab"", ""694f40da3fc2f04d68b125ac"", ""694f40da3fc2f04d68b125ad"", ""694f40da3fc2f04d68b125ae"", ""694f40da3fc2f04d68b125af"", ""694f40da3fc2f04d68b125b0"", ""694f40da3fc2f04d68b125b1"", ""694f40da3fc2f04d68b125b2"", ""694f40da3fc2f04d68b125b3"", ""694f40da3fc2f04d68b125b4""]",0.593656,0.691539,0.10447799999999996,0.195909,left,home,62.8694,5,backward,61.4338
199542,,,1,2732128,2734059,[],0.00994575,0.36302500000000004,0.00994575,0.36302500000000004,,neutral,0.0,0,,0.0
199542,12987.0,Tu Equipo,1,2734059,2768384,"[""694f40da3fc2f04d68b125b5"", ""694f40da3fc2f04d68b125b6"", ""694f40da3fc2f04d68b125b7"", ""694f40da3fc2f04d68b125b8"", ""694f40da3fc2f04d68b125b9"", ""694f40da3fc2f04d68b125ba"", ""694f40da3fc2f04d68b125bb"", ""694f40da3fc2f04d68b125bc"", ""694f40da3fc2f04d68b125bd"", ""694f40da3fc2f04d68b125be"", ""694f40da3fc2f04d68b125bf"", ""694f40da3fc2f04d68b125c0"", ""694f40da3fc2f04d68b125c1"", ""694f40da3fc2f04d68b125c2"", ""694f40da3fc2f04d68b125c3"", ""694f40da3fc2f04d68b125c4"", ""694f40da3fc2f04d68b125c5"", ""694f40da3fc2f04d68b125c6"", ""694f40da3fc2f04d68b125c7""]",0.00994575,0.36302500000000004,0.70264,0.09313199999999999,right,away,141.9247,11,sideways,75.0126
199542,,,1,2768384,2769594,[],0.717136,0.162599,0.717136,0.162599,,neutral,0.0,0,,0.0
199542,11016.0,Equipo Rival 1,1,2769594,2774208,"[""694f40da3fc2f04d68b125c8"", ""694f40da3fc2f04d68b125c9"", ""694f40da3fc2f04d68b125ca"", ""694f40da3fc2f04d68b125cb"", ""694f40da3fc2f04d68b125cd""]",0.717136,0.162599,0.636607,0.007827000000000028,left,home,18.3397,2,backward,13.5004
199542,,,1,2774208,2789428,[],0.608537,0.0,0.608537,0.0,,ballout,0.0,0,,0.0
199542,11016.0,Equipo Rival 1,1,2789428,2789428,"[""694f40da3fc2f04d68b125ce""]",0.608537,0.0,0.608537,0.0,left,home,0.0,1,sideways,0.0
199542,,,1,2789428,2793843,"[""694f40da3fc2f04d68b125d0""]",0.453935,0.438098,0.453935,0.438098,,neutral,0.0,0,,0.0
199542,12987.0,Tu Equipo,1,2793843,2796283,"[""694f40da3fc2f04d68b125d1"", ""694f40da3fc2f04d68b125d2"", ""694f40da3fc2f04d68b125d3""]",0.453935,0.438098,0.567571,0.28017899999999996,right,away,14.4893,2,backward,16.0525
199542,,,1,2796283,2797961,[],0.610583,0.196407,0.610583,0.196407,,neutral,0.0,0,,0.0
199542,11016.0,Equipo Rival 1,1,2797961,2809661,"[""694f40da3fc2f04d68b125d4"", ""694f40da3fc2f04d68b125d5"", ""694f40da3fc2f04d68b125d6"", ""694f40da3fc2f04d68b125d7"", ""694f40da3fc2f04d68b125d8""]",0.610583,0.196407,0.22196499999999997,0.0548199,left,home,18.3219,3,sideways,41.9254
199542,,,1,2809661,2820161,"[""694f40da3fc2f04d68b125d9""]",0.281983,0.0114249,0.281983,0.0114249,,ballout,0.0,0,,0.0
199542,11016.0,Equipo Rival 1,1,2820161,2821828,"[""694f40da3fc2f04d68b125da"", ""694f40da3fc2f04d68b125db""]",0.281983,0.0114249,0.24004099999999995,0.298671,left,home,20.023,2,forward,20.023
199542,,,1,2821828,2823238,[],0.207818,0.47667800000000005,0.207818,0.47667800000000005,,neutral,0.0,0,,0.0
199542,12987.0,Tu Equipo,1,2823238,2836279,"[""694f40da3fc2f04d68b125dc"", ""694f40da3fc2f04d68b125dd"", ""694f40da3fc2f04d68b125de"", ""694f40da3fc2f04d68b125df"", ""694f40da3fc2f04d68b125e0"", ""694f40da3fc2f04d68b125e1"", ""694f40da3fc2f04d68b125e2""]",0.207818,0.47667800000000005,0.5727059999999999,0.945394,right,away,53.7787,3,forward,49.8375
199542,,,1,2836279,2837819,[],0.454746,0.9778744,0.454746,0.9778744,,neutral,0.0,0,,0.0
199542,12987.0,Tu Equipo,1,2837819,2846752,"[""694f40da3fc2f04d68b125e3"", ""694f40da3fc2f04d68b125e4"", ""694f40da3fc2f04d68b125e5"", ""694f40da3fc2f04d68b125e6"", ""694f40da3fc2f04d68b125e7"", ""694f40da3fc2f04d68b125e8""]",0.454746,0.9778744,0.55377,0.176261,right,away,48.2198,3,backward,55.4925
199542,,,1,2846752,2847828,"[""694f40da3fc2f04d68b125e9""]",0.672227,0.0430951,0.672227,0.0430951,,neutral,0.0,0,,0.0
199542,,,1,2847828,2851694,[],0.646963,0.0,0.646963,0.0,,ballout,0.0,0,,0.0
199542,12987.0,Tu Equipo,1,2851694,2871328,"[""694f40da3fc2f04d68b125ea"", ""694f40da3fc2f04d68b125eb"", ""694f40da3fc2f04d68b125ec"", ""694f40da3fc2f04d68b125ed"", ""694f40da3fc2f04d68b125ee"", ""694f40da3fc2f04d68b125ef"", ""694f40da3fc2f04d68b125f0"", ""694f40da3fc2f04d68b125f1"", ""694f40da3fc2f04d68b125f2"", ""694f40da3fc2f04d68b125f3"", ""694f40da3fc2f04d68b125f4"", ""694f40da3fc2f04d68b125f5"", ""694f40da3fc2f04d68b125f6""]",0.646963,0.0,0.782428,0.29017800000000005,right,away,87.0208,8,forward,24.3243
199542,,,1,2871328,2875761,"[""694f40da3fc2f04d68b125f7""]",0.803184,0.156966,0.488294,0.14951199999999998,,neutral,33.0673,0,,33.0673
199542,12987.0,Tu Equipo,1,2875761,2905620,"[""694f40da3fc2f04d68b125f8"", ""694f40da3fc2f04d68b125f9"", ""694f40da3fc2f04d68b125fa"", ""694f40da3fc2f04d68b125fb"", ""694f40da3fc2f04d68b125fc"", ""694f40da3fc2f04d68b125fd"", ""694f40da3fc2f04d68b125fe"", ""694f40da3fc2f04d68b125ff"", ""694f40da3fc2f04d68b12600"", ""694f40da3fc2f04d68b12601"", ""694f40da3fc2f04d68b12602"", ""694f40da3fc2f04d68b12603"", ""694f40da3fc2f04d68b12604"", ""694f40da3fc2f04d68b12605"", ""694f40da3fc2f04d68b12606"", ""694f40da3fc2f04d68b12607"", ""694f40da3fc2f04d68b12608""]",0.488294,0.14951199999999998,0.985507,0.799986,right,away,154.1795,9,forward,68.4259
199542,,,1,2905620,2906753,[],0.9850128,0.680381,0.9850128,0.680381,,neutral,0.0,0,,0.0
199542,11016.0,Equipo Rival 1,1,2906753,2907594,"[""694f40da3fc2f04d68b12609"", ""694f40da3fc2f04d68b1260a""]",0.9850128,0.680381,0.9868886,0.655872,left,home,1.6782,0,backward,1.6782
199542,,,1,2907594,2909694,[],0.72094,0.890956,0.72094,0.890956,,neutral,0.0,0,,0.0
199542,12987.0,Tu Equipo,1,2909694,2913671,"[""694f40da3fc2f04d68b1260b"", ""694f40da3fc2f04d68b1260c"", ""694f40da3fc2f04d68b1260d""]",0.72094,0.890956,0.78825,0.817457,right,away,8.6562,1,backward,8.6562
199542,,,1,2913671,2917011,[],0.9838123,0.667364,0.9838123,0.667364,,neutral,0.0,0,,0.0
199542,11016.0,Equipo Rival 1,1,2917011,2931061,"[""694f40da3fc2f04d68b1260e"", ""694f40da3fc2f04d68b1260f"", ""694f40da3fc2f04d68b12610"", ""694f40da3fc2f04d68b12611"", ""694f40da3fc2f04d68b12612"", ""694f40da3fc2f04d68b12613""]",0.9838123,0.667364,0.789729,0.968721,left,home,32.4452,3,forward,28.9003
199542,,,1,2931061,2941728,"[""694f40da3fc2f04d68b12614"", ""694f40da3fc2f04d68b12615""]",0.195679,0.773057,0.251146,0.719186,,neutral,6.8803,0,,6.8803
199542,11016.0,Equipo Rival 1,1,2941728,2942421,"[""694f40da3fc2f04d68b12616"", ""694f40da3fc2f04d68b12617""]",0.251146,0.719186,0.223417,0.714378,left,home,2.9298,0,sideways,2.9298
199542,,,1,2942421,2947328,"[""694f40da3fc2f04d68b12618"", ""694f40da3fc2f04d68b12619""]",0.189343,0.774133,0.38098299999999996,0.518069,,neutral,26.61,0,,26.61
199542,11016.0,Equipo Rival 1,1,2947328,2954661,"[""694f40da3fc2f04d68b1261b"", ""694f40da3fc2f04d68b1261c"", ""694f40da3fc2f04d68b1261d"", ""694f40da3fc2f04d68b1261e""]",0.38098299999999996,0.518069,0.04316600000000004,0.270397,left,home,39.9213,2,backward,39.266
199542,,,1,2954661,2955484,"[""694f40da3fc2f04d68b1261f""]",0.0471014,0.48288200000000003,0.0471014,0.48288200000000003,,neutral,0.0,0,,0.0
199542,,,1,2955484,2979028,[],0.13207800000000003,0.00536197,0.13207800000000003,0.00536197,,ballout,0.0,0,,0.0
199542,11016.0,Equipo Rival 1,1,2979028,2979981,"[""694f40da3fc2f04d68b12620"", ""694f40da3fc2f04d68b12621""]",0.13207800000000003,0.00536197,0.18038299999999996,0.0543396,left,home,6.0677,1,forward,6.0677
199542,,,1,2979981,2981894,[],0.17037,0.14978499999999995,0.17037,0.14978499999999995,,neutral,0.0,0,,0.0
199542,12987.0,Tu Equipo,1,2981894,2984324,"[""694f40da3fc2f04d68b12622"", ""694f40da3fc2f04d68b12623""]",0.17037,0.14978499999999995,0.185963,0.254718,right,away,7.3209,1,forward,7.3209
199542,,,1,2984324,2987302,[],0.33124299999999995,0.0982172,0.33124299999999995,0.0982172,,neutral,0.0,0,,0.0
199542,11016.0,Equipo Rival 1,1,2987302,2988371,"[""694f40da3fc2f04d68b12624""]",0.33124299999999995,0.0982172,0.300547,0.0700582,left,home,3.749,0,backward,3.749
199542,11016.0,Equipo Rival 1,1,2988371,2991694,"[""694f40da3fc2f04d68b12625"", ""694f40da3fc2f04d68b12627""]",0.300547,0.0700582,0.16778300000000002,0.0937797,left,home,14.0332,0,sideways,14.0332
199542,,,1,2991694,2998894,"[""694f40da3fc2f04d68b12628""]",0.13524000000000003,0.0,0.13524000000000003,0.0,,ballout,0.0,0,,0.0
199542,11016.0,Equipo Rival 1,1,2998894,3000961,"[""694f40da3fc2f04d68b12629"", ""694f40da3fc2f04d68b1262a"", ""694f40da3fc2f04d68b1262b""]",0.13524000000000003,0.0,0.146555,0.20522,left,home,8.6493,1,forward,14.0054
199542,,,1,3000961,3003128,"[""694f40da3fc2f04d68b1262c"", ""694f40da3fc2f04d68b1262d""]",0.130973,0.540177,0.23594800000000005,0.394483,,neutral,14.8204,0,,14.8204
199542,11016.0,Equipo Rival 1,1,3003128,3007961,"[""694f40da3fc2f04d68b1262e"", ""694f40da3fc2f04d68b1262f"", ""694f40da3fc2f04d68b12630"", ""694f40da3fc2f04d68b12631""]",0.23594800000000005,0.394483,0.08764700000000003,0.780639,left,home,24.077,2,forward,30.5285
199542,,,1,3007961,3011994,"[""694f40da3fc2f04d68b12632"", ""694f40da3fc2f04d68b12633""]",0.0515371,0.595518,0.14467699999999994,0.979777,,neutral,27.8998,0,,27.8998
199542,11016.0,Equipo Rival 1,1,3011994,3014045,"[""694f40da3fc2f04d68b12634""]",0.14467699999999994,0.979777,0.132911,0.9792717,left,home,1.2359,0,sideways,1.2359
199542,12987.0,Tu Equipo,1,3014045,3016389,"[""694f40da3fc2f04d68b12635"", ""694f40da3fc2f04d68b12636""]",0.132911,0.9792717,0.057971,0.9795847,right,away,7.8687,1,sideways,7.8687
199542,,,1,3016389,3017478,[],0.13747399999999999,0.974198,0.13747399999999999,0.974198,,neutral,0.0,0,,0.0
199542,11016.0,Equipo Rival 1,1,3017478,3019064,"[""694f40da3fc2f04d68b12637"", ""694f40da3fc2f04d68b12638""]",0.13747399999999999,0.974198,0.12371299999999996,0.966859,left,home,1.5287,1,sideways,1.5287
199542,,,1,3019064,3057553,[],0.0732369,0.9876751,0.0732369,0.9876751,,ballout,0.0,0,,0.0
199542,12987.0,Tu Equipo,1,3057553,3061672,"[""694f40da3fc2f04d68b1263a"", ""694f40da3fc2f04d68b1263b"", ""694f40da3fc2f04d68b1263c""]",0.0732369,0.9876751,0.18474,0.5902890000000001,right,away,22.997,2,backward,29.4495
199542,,,1,3061672,3063261,[],0.45734600000000003,0.440863,0.45734600000000003,0.440863,,neutral,0.0,0,,0.0
199542,11016.0,Equipo Rival 1,1,3063261,3063261,"[""694f40da3fc2f04d68b1263d""]",0.45734600000000003,0.440863,0.45734600000000003,0.440863,left,home,0.0,1,sideways,0.0
199542,,,1,3063261,3066445,"[""694f40da3fc2f04d68b1263e""]",0.289582,0.6164499999999999,0.356449,0.475445,,neutral,11.8841,0,,11.8841
199542,12987.0,Tu Equipo,1,3066445,3066445,"[""694f40da3fc2f04d68b1263f""]",0.356449,0.475445,0.356449,0.475445,right,away,0.0,1,sideways,0.0
199542,,,1,3066445,3067943,[],0.528573,0.612481,0.528573,0.612481,,neutral,0.0,0,,0.0
199542,11016.0,Equipo Rival 1,1,3067943,3068604,"[""694f40da3fc2f04d68b12640"", ""694f40da3fc2f04d68b12641""]",0.528573,0.612481,0.487342,0.6151260000000001,left,home,4.333,0,sideways,4.333
199542,,,1,3068604,3089417,"[""694f40da3fc2f04d68b12642""]",0.464231,0.43678799999999995,0.464231,0.43678799999999995,,ballout,0.0,0,,0.0
199542,12987.0,Tu Equipo,1,3089417,3102128,"[""694f40da3fc2f04d68b12643"", ""694f40da3fc2f04d68b12644"", ""694f40da3fc2f04d68b12645"", ""694f40da3fc2f04d68b12646"", ""694f40da3fc2f04d68b12647"", ""694f40da3fc2f04d68b12648"", ""694f40da3fc2f04d68b12649"", ""694f40da3fc2f04d68b1264a"", ""694f40da3fc2f04d68b1264b"", ""694f40da3fc2f04d68b1264c"", ""694f40da3fc2f04d68b1264d"", ""694f40da3fc2f04d68b1264e""]",0.464231,0.43678799999999995,0.8233900000000001,0.359782,right,away,79.8616,6,sideways,38.0735
199542,,,1,3102128,3110961,"[""694f40da3fc2f04d68b12650"", ""694f40da3fc2f04d68b12652"", ""694f40da3fc2f04d68b12653"", ""694f40da3fc2f04d68b12655""]",0.81257,0.240602,0.81257,0.240602,,neutral,0.0,0,,0.0
199542,11016.0,Equipo Rival 1,1,3110961,3110961,"[""694f40da3fc2f04d68b12657""]",0.81257,0.240602,0.81257,0.240602,left,home,0.0,1,sideways,0.0
199542,,,1,3110961,3112483,[],0.750038,0.2855,0.750038,0.2855,,neutral,0.0,0,,0.0
199542,12987.0,Tu Equipo,1,3112483,3112483,"[""694f40da3fc2f04d68b12658""]",0.750038,0.2855,0.750038,0.2855,right,away,0.0,1,sideways,0.0
199542,,,1,3112483,3118040,"[""694f40da3fc2f04d68b12659"", ""694f40da3fc2f04d68b1265a""]",0.764483,0.212669,0.610591,0.093412,,neutral,18.0794,0,,18.0794
199542,11016.0,Equipo Rival 1,1,3118040,3118261,"[""694f40da3fc2f04d68b1265b"", ""694f40da3fc2f04d68b1265c""]",0.610591,0.093412,0.604078,0.0802916,left,home,1.1241,0,backward,1.1241
199542,,,1,3118261,3118394,"[""694f40da3fc2f04d68b1265d""]",0.594812,0.08286300000000002,0.594812,0.08286300000000002,,neutral,0.0,0,,0.0
199542,,,1,3118394,3121761,[],0.48037799999999997,0.0,0.48037799999999997,0.0,,ballout,0.0,0,,0.0
199542,11016.0,Equipo Rival 1,1,3121761,3124094,"[""694f40da3fc2f04d68b1265e"", ""694f40da3fc2f04d68b1265f""]",0.48037799999999997,0.0,0.343224,0.319493,left,home,26.0652,2,forward,26.0652
199542,,,1,3124094,3127066,[],0.222483,0.501927,0.222483,0.501927,,neutral,0.0,0,,0.0
199542,12987.0,Tu Equipo,1,3127066,3159614,"[""694f40da3fc2f04d68b12660"", ""694f40da3fc2f04d68b12661"", ""694f40da3fc2f04d68b12662"", ""694f40da3fc2f04d68b12663"", ""694f40da3fc2f04d68b12664"", ""694f40da3fc2f04d68b12665"", ""694f40da3fc2f04d68b12666"", ""694f40da3fc2f04d68b12667"", ""694f40da3fc2f04d68b12668"", ""694f40da3fc2f04d68b12669"", ""694f40da3fc2f04d68b1266a"", ""694f40da3fc2f04d68b1266b"", ""694f40da3fc2f04d68b1266c"", ""694f40da3fc2f04d68b1266d"", ""694f40da3fc2f04d68b1266e"", ""694f40da3fc2f04d68b1266f""]",0.222483,0.501927,0.827306,0.24817900000000004,right,away,135.1676,7,sideways,65.8088
199542,,,1,3159614,3200894,"[""694f40da3fc2f04d68b12670""]",0.988246,0.01848700000000003,0.988246,0.01848700000000003,,ballout,0.0,0,,0.0
199542,12987.0,Tu Equipo,1,3200894,3200894,"[""694f40da3fc2f04d68b12671""]",0.988246,0.01848700000000003,0.988246,0.01848700000000003,right,away,0.0,0,sideways,0.0
199542,,,1,3200894,3204965,"[""694f40da3fc2f04d68b12672""]",0.9436096,0.411924,0.688278,0.49145399999999995,,neutral,27.3498,0,,27.3498
199542,12987.0,Tu Equipo,1,3204965,3207476,"[""694f40da3fc2f04d68b12673"", ""694f40da3fc2f04d68b12674""]",0.688278,0.49145399999999995,0.726236,0.593084,right,away,7.9778,0,forward,7.9778
199542,,,1,3207476,3208728,[],0.9586022,0.483264,0.9586022,0.483264,,neutral,0.0,0,,0.0
199542,11016.0,Equipo Rival 1,1,3208728,3223761,"[""694f40da3fc2f04d68b12675"", ""694f40da3fc2f04d68b12676"", ""694f40da3fc2f04d68b12677"", ""694f40da3fc2f04d68b12678"", ""694f40da3fc2f04d68b12679"", ""694f40da3fc2f04d68b1267a""]",0.9586022,0.483264,0.754865,0.968721,left,home,35.1319,3,forward,39.3366
199542,,,1,3223761,3225694,[],0.589993,0.580851,0.589993,0.580851,,neutral,0.0,0,,0.0
199542,12987.0,Tu Equipo,1,3225694,3225694,"[""694f40da3fc2f04d68b1267b""]",0.589993,0.580851,0.589993,0.580851,right,away,0.0,1,sideways,0.0
199542,,,1,3225694,3250102,[],0.9562012,0.505579,0.9562012,0.505579,,ballout,0.0,0,,0.0
199542,11016.0,Equipo Rival 1,1,3250102,3254261,"[""694f40da3fc2f04d68b1267c"", ""694f40da3fc2f04d68b1267d"", ""694f40da3fc2f04d68b1267e"", ""694f40da3fc2f04d68b1267f"", ""694f40da3fc2f04d68b12680""]",0.9562012,0.505579,0.902735,0.827194,left,home,18.7319,3,forward,22.5789
199542,,,1,3254261,3278125,[],0.575446,1.0,0.575446,1.0,,ballout,0.0,0,,0.0
199542,12987.0,Tu Equipo,1,3278125,3289139,"[""694f40da3fc2f04d68b12681"", ""694f40da3fc2f04d68b12682"", ""694f40da3fc2f04d68b12683"", ""694f40da3fc2f04d68b12684"", ""694f40da3fc2f04d68b12685"", ""694f40da3fc2f04d68b12686"", ""694f40da3fc2f04d68b12687"", ""694f40da3fc2f04d68b12688"", ""694f40da3fc2f04d68b12689"", ""694f40da3fc2f04d68b1268a"", ""694f40da3fc2f04d68b1268b"", ""694f40da3fc2f04d68b1268c""]",0.575446,1.0,0.5515399999999999,0.744399,right,away,58.5962,6,backward,17.5612
199542,,,1,3289139,3290743,[],0.609033,0.83939,0.609033,0.83939,,neutral,0.0,0,,0.0
199542,12987.0,Tu Equipo,1,3290743,3291897,"[""694f40da3fc2f04d68b1268d"", ""694f40da3fc2f04d68b1268e""]",0.609033,0.83939,0.636098,0.799927,right,away,3.9086,1,backward,3.9086
199542,,,1,3291897,3295361,"[""694f40da3fc2f04d68b1268f""]",0.9153849000000001,0.762204,0.9153849000000001,0.762204,,neutral,0.0,0,,0.0
199542,,,1,3295361,3320994,[],0.875,1.0,0.875,1.0,,ballout,0.0,0,,0.0
199542,12987.0,Tu Equipo,1,3320994,3329226,"[""694f40da3fc2f04d68b12690"", ""694f40da3fc2f04d68b12691"", ""694f40da3fc2f04d68b12692""]",0.875,1.0,0.932188,0.158543,right,away,42.5898,2,backward,57.5333
199542,12987.0,Tu Equipo,1,3329226,3331522,"[""694f40da3fc2f04d68b12694""]",0.932188,0.158543,0.9168848,0.02557,right,away,9.1838,0,backward,9.1838
199542,11016.0,Equipo Rival 1,1,3331522,3332628,"[""694f40da3fc2f04d68b12695"", ""694f40da3fc2f04d68b12696"", ""694f40da3fc2f04d68b12697""]",0.9168848,0.02557,0.888309,0.0674174,left,home,4.1353,0,forward,4.1353
199542,,,1,3332628,3365456,[],0.788527,0.197771,0.788527,0.197771,,ballout,0.0,0,,0.0
199542,11016.0,Equipo Rival 1,1,3365456,3365456,"[""694f40da3fc2f04d68b12698""]",0.788527,0.197771,0.788527,0.197771,left,home,0.0,1,sideways,0.0
199542,,,1,3365456,3381028,"[""694f40da3fc2f04d68b1269a""]",0.356248,0.000454783,0.356248,0.000454783,,ballout,0.0,0,,0.0
199542,11016.0,Equipo Rival 1,1,3381028,3381028,"[""694f40da3fc2f04d68b1269b""]",0.356248,0.000454783,0.356248,0.000454783,left,home,0.0,1,sideways,0.0
199542,,,1,3381028,3382861,"[""694f40da3fc2f04d68b1269c""]",0.203134,0.06701199999999996,0.242128,0.132322,,neutral,6.0405,0,,6.0405
199542,11016.0,Equipo Rival 1,1,3382861,3384137,"[""694f40da3fc2f04d68b1269d"", ""694f40da3fc2f04d68b1269e""]",0.242128,0.132322,0.21267599999999998,0.229429,left,home,7.2915,1,forward,7.2915
199542,,,1,3384137,3385717,[],0.212802,0.402983,0.212802,0.402983,,neutral,0.0,0,,0.0
199542,12987.0,Tu Equipo,1,3385717,3385717,"[""694f40da3fc2f04d68b1269f""]",0.212802,0.402983,0.212802,0.402983,right,away,0.0,1,sideways,0.0
199542,,,1,3385717,3408645,[],0.6962900000000001,0.0,0.6962900000000001,0.0,,ballout,0.0,0,,0.0
199542,11016.0,Equipo Rival 1,1,3408645,3408645,"[""694f40da3fc2f04d68b126a0""]",0.6962900000000001,0.0,0.6962900000000001,0.0,left,home,0.0,1,sideways,0.0
199542,,,1,3408645,3410248,[],0.494124,0.088418,0.494124,0.088418,,neutral,0.0,0,,0.0
199542,12987.0,Tu Equipo,1,3410248,3410248,"[""694f40da3fc2f04d68b126a1""]",0.494124,0.088418,0.494124,0.088418,right,away,0.0,1,sideways,0.0
199542,,,1,3410248,3422228,[],0.581771,0.0,0.581771,0.0,,ballout,0.0,0,,0.0
199542,11016.0,Equipo Rival 1,1,3422228,3422228,"[""694f40da3fc2f04d68b126a2""]",0.581771,0.0,0.581771,0.0,left,home,0.0,1,sideways,0.0
199542,,,1,3422228,3424807,"[""694f40da3fc2f04d68b126a4""]",0.370921,0.08163699999999996,0.394957,0.11053800000000003,,neutral,3.1987,0,,3.1987
199542,12987.0,Tu Equipo,1,3424807,3424807,"[""694f40da3fc2f04d68b126a5""]",0.394957,0.11053800000000003,0.394957,0.11053800000000003,right,away,0.0,1,sideways,0.0
199542,,,1,3424807,3427611,"[""694f40da3fc2f04d68b126a6""]",0.527436,0.18062900000000004,0.527436,0.18062900000000004,,neutral,0.0,0,,0.0
199542,12987.0,Tu Equipo,1,3427611,3431594,"[""694f40da3fc2f04d68b126a8"", ""694f40da3fc2f04d68b126a9"", ""694f40da3fc2f04d68b126aa"", ""694f40da3fc2f04d68b126ab""]",0.527436,0.18062900000000004,0.674026,0.192183,right,away,8.2664,1,sideways,15.412
199542,,,1,3431594,3433294,[],0.62706,0.233416,0.62706,0.233416,,neutral,0.0,0,,0.0
199542,11016.0,Equipo Rival 1,1,3433294,3439428,"[""694f40da3fc2f04d68b126ac"", ""694f40da3fc2f04d68b126ad"", ""694f40da3fc2f04d68b126ae"", ""694f40da3fc2f04d68b126af""]",0.62706,0.233416,0.384887,0.01964699999999997,left,home,24.7083,2,backward,29.2899
199542,12987.0,Tu Equipo,1,3439428,3447931,"[""694f40da3fc2f04d68b126b0"", ""694f40da3fc2f04d68b126b1"", ""694f40da3fc2f04d68b126b2"", ""694f40da3fc2f04d68b126b3"", ""694f40da3fc2f04d68b126b4"", ""694f40da3fc2f04d68b126b5"", ""694f40da3fc2f04d68b126b6"", ""694f40da3fc2f04d68b126b7""]",0.384887,0.01964699999999997,0.486207,0.45498400000000006,right,away,29.7911,3,forward,31.4565
199542,,,1,3447931,3459030,[],0.474227,0.45263600000000004,0.474227,0.45263600000000004,,ballout,0.0,0,,0.0
199542,12987.0,Tu Equipo,1,3459030,3506861,"[""694f40da3fc2f04d68b126b8"", ""694f40da3fc2f04d68b126b9"", ""694f40da3fc2f04d68b126ba"", ""694f40da3fc2f04d68b126bb"", ""694f40da3fc2f04d68b126bc"", ""694f40da3fc2f04d68b126bd"", ""694f40da3fc2f04d68b126be"", ""694f40da3fc2f04d68b126bf"", ""694f40da3fc2f04d68b126c0"", ""694f40da3fc2f04d68b126c1"", ""694f40da3fc2f04d68b126c2"", ""694f40da3fc2f04d68b126c3"", ""694f40da3fc2f04d68b126c4"", ""694f40da3fc2f04d68b126c5"", ""694f40da3fc2f04d68b126c6"", ""694f40da3fc2f04d68b126c7"", ""694f40da3fc2f04d68b126c8"", ""694f40da3fc2f04d68b126c9"", ""694f40da3fc2f04d68b126ca"", ""694f40da3fc2f04d68b126cb"", ""694f40da3fc2f04d68b126cc""]",0.474227,0.45263600000000004,0.990942,0.263996,right,away,140.8182,10,sideways,55.7509
199542,,,1,3506861,3508194,"[""694f40da3fc2f04d68b126cd""]",0.968206,0.459089,0.968206,0.459089,,neutral,0.0,0,,0.0
199542,11016.0,Equipo Rival 1,1,3508194,3521694,"[""694f40da3fc2f04d68b126ce"", ""694f40da3fc2f04d68b126cf"", ""694f40da3fc2f04d68b126d0"", ""694f40da3fc2f04d68b126d1"", ""694f40da3fc2f04d68b126d2"", ""694f40da3fc2f04d68b126d3""]",0.968206,0.459089,0.298467,0.427844,left,home,59.85,2,sideways,70.3547
199542,,,1,3521694,3524894,[],0.25570800000000005,0.0271267,0.25570800000000005,0.0271267,,neutral,0.0,0,,0.0
199542,11016.0,Equipo Rival 1,1,3524894,3538794,"[""694f40da3fc2f04d68b126d4"", ""694f40da3fc2f04d68b126d5"", ""694f40da3fc2f04d68b126d6"", ""694f40da3fc2f04d68b126d7"", ""694f40da3fc2f04d68b126d8"", ""694f40da3fc2f04d68b126d9"", ""694f40da3fc2f04d68b126da"", ""694f40da3fc2f04d68b126db"", ""694f40da3fc2f04d68b126dc""]",0.25570800000000005,0.0271267,0.15737500000000004,0.261086,left,home,42.6461,4,forward,18.966
199542,,,1,3538794,3543510,"[""694f40da3fc2f04d68b126dd"", ""694f40da3fc2f04d68b126de""]",0.138336,0.36302500000000004,0.169078,0.43585399999999996,,neutral,5.9115,0,,5.9115
199542,12987.0,Tu Equipo,1,3543510,3545794,"[""694f40da3fc2f04d68b126e0"", ""694f40da3fc2f04d68b126e1"", ""694f40da3fc2f04d68b126e2"", ""694f40da3fc2f04d68b126e3""]",0.169078,0.43585399999999996,0.18863200000000002,0.287157,right,away,11.8839,1,backward,10.3177
199542,,,1,3545794,3546561,[],0.21430400000000005,0.351232,0.21430400000000005,0.351232,,neutral,0.0,0,,0.0
199542,11016.0,Equipo Rival 1,1,3546561,3569728,"[""694f40da3fc2f04d68b126e4"", ""694f40da3fc2f04d68b126e5"", ""694f40da3fc2f04d68b126e6"", ""694f40da3fc2f04d68b126e7"", ""694f40da3fc2f04d68b126e8"", ""694f40da3fc2f04d68b126e9"", ""694f40da3fc2f04d68b126ea"", ""694f40da3fc2f04d68b126eb"", ""694f40da3fc2f04d68b126ec"", ""694f40da3fc2f04d68b126ed"", ""694f40da3fc2f04d68b126ee"", ""694f40da3fc2f04d68b126ef"", ""694f40da3fc2f04d68b126f0"", ""694f40da3fc2f04d68b126f1"", ""694f40da3fc2f04d68b126f2"", ""694f40da3fc2f04d68b126f3""]",0.21430400000000005,0.351232,0.07894000000000001,0.0854498,left,home,64.5963,7,backward,22.9925
199542,,,1,3569728,3572169,[],0.0443038,0.584314,0.0443038,0.584314,,neutral,0.0,0,,0.0
199542,12987.0,Tu Equipo,1,3572169,3573166,"[""694f40da3fc2f04d68b126f5"", ""694f40da3fc2f04d68b126f6""]",0.0443038,0.584314,0.00362319,0.583906,right,away,4.2716,0,sideways,4.2716
199542,,,1,3573166,3575928,[],0.28595400000000004,0.8447,0.28595400000000004,0.8447,,neutral,0.0,0,,0.0
199542,11016.0,Equipo Rival 1,1,3575928,3582429,"[""694f40da3fc2f04d68b126f7"", ""694f40da3fc2f04d68b126f8"", ""694f40da3fc2f04d68b126f9"", ""694f40da3fc2f04d68b126fa""]",0.28595400000000004,0.8447,0.00813743,0.842017,left,home,16.6598,1,sideways,29.1713
199542,,,1,3582429,3614461,[],0.007099999999999995,0.992929,0.007099999999999995,0.992929,,ballout,0.0,0,,0.0
199542,11016.0,Equipo Rival 1,1,3614461,3614461,"[""694f40da3fc2f04d68b126fb""]",0.007099999999999995,0.992929,0.007099999999999995,0.992929,left,home,0.0,0,sideways,0.0
199542,,,1,3614461,3618894,"[""694f40da3fc2f04d68b126fc""]",0.0587703,0.514286,0.380792,0.603216,,neutral,34.3488,0,,34.3488
199542,11016.0,Equipo Rival 1,1,3618894,3618894,"[""694f40da3fc2f04d68b126fd""]",0.380792,0.603216,0.380792,0.603216,left,home,0.0,1,sideways,0.0
199542,,,1,3618894,3639963,[],0.0479204,0.382633,0.0479204,0.382633,,ballout,0.0,0,,0.0
199542,12987.0,Tu Equipo,1,3639963,3646402,"[""694f40da3fc2f04d68b126fe"", ""694f40da3fc2f04d68b126ff"", ""694f40da3fc2f04d68b12700"", ""694f40da3fc2f04d68b12701"", ""694f40da3fc2f04d68b12702""]",0.0479204,0.382633,0.110507,0.25557700000000005,right,away,20.4577,3,backward,10.8551
199542,,,1,3646402,3665761,[],0.262471,0.00507647,0.262471,0.00507647,,ballout,0.0,0,,0.0
199542,11016.0,Equipo Rival 1,1,3665761,3665761,"[""694f40da3fc2f04d68b12703""]",0.262471,0.00507647,0.262471,0.00507647,left,home,0.0,1,sideways,0.0
199542,,,1,3665761,3667094,[],0.185461,0.158528,0.185461,0.158528,,neutral,0.0,0,,0.0
199542,12987.0,Tu Equipo,1,3667094,3668985,"[""694f40da3fc2f04d68b12704"", ""694f40da3fc2f04d68b12705"", ""694f40da3fc2f04d68b12706""]",0.185461,0.158528,0.279062,0.301176,right,away,23.4169,3,forward,13.8088
199542,,,1,3668985,3670838,[],0.43922399999999995,0.190873,0.43922399999999995,0.190873,,neutral,0.0,0,,0.0
199542,11016.0,Equipo Rival 1,1,3670838,3679061,"[""694f40da3fc2f04d68b12707"", ""694f40da3fc2f04d68b12708"", ""694f40da3fc2f04d68b12709"", ""694f40da3fc2f04d68b1270a"", ""694f40da3fc2f04d68b1270b""]",0.43922399999999995,0.190873,0.42185700000000004,0.812296,left,home,36.3196,3,forward,42.2961
199542,,,1,3679061,3679428,[],0.395916,0.818484,0.395916,0.818484,,neutral,0.0,0,,0.0
199542,12987.0,Tu Equipo,1,3679428,3682095,"[""694f40da3fc2f04d68b1270c"", ""694f40da3fc2f04d68b1270d""]",0.395916,0.818484,0.41092,0.763814,right,away,4.0376,0,backward,4.0376
199542,,,1,3682095,3705411,"[""694f40da3fc2f04d68b1270e""]",0.409702,0.6803779999999999,0.409702,0.6803779999999999,,ballout,0.0,0,,0.0
199542,12987.0,Tu Equipo,1,3705411,3711794,"[""694f40da3fc2f04d68b1270f"", ""694f40da3fc2f04d68b12710"", ""694f40da3fc2f04d68b12711"", ""694f40da3fc2f04d68b12712"", ""694f40da3fc2f04d68b12713"", ""694f40da3fc2f04d68b12714""]",0.409702,0.6803779999999999,0.593187,0.729866,right,away,26.9008,4,sideways,19.5576
199542,,,1,3711794,3762128,[],0.51082,1.0,0.51082,1.0,,ballout,0.0,0,,0.0
199542,11016.0,Equipo Rival 1,1,3762128,3762128,"[""694f40da3fc2f04d68b1271a""]",0.51082,1.0,0.51082,1.0,left,home,0.0,1,sideways,0.0
199542,,,1,3762128,3763571,[],0.432343,0.8690720000000001,0.432343,0.8690720000000001,,neutral,0.0,0,,0.0
199542,12987.0,Tu Equipo,1,3763571,3767594,"[""694f40da3fc2f04d68b1271b"", ""694f40da3fc2f04d68b1271c"", ""694f40da3fc2f04d68b1271e"", ""694f40da3fc2f04d68b1271f""]",0.432343,0.8690720000000001,0.580451,0.817992,right,away,14.2119,2,sideways,15.9345
199542,,,1,3767594,3769933,[],0.48234,0.739817,0.48234,0.739817,,neutral,0.0,0,,0.0
199542,12987.0,Tu Equipo,1,3769933,3774028,"[""694f40da3fc2f04d68b12720"", ""694f40da3fc2f04d68b12721"", ""694f40da3fc2f04d68b12722"", ""694f40da3fc2f04d68b12723"", ""694f40da3fc2f04d68b12724""]",0.48234,0.739817,0.5012190000000001,0.9649,right,away,16.6592,2,forward,15.4335
199542,11016.0,Equipo Rival 1,1,3774028,3778894,"[""694f40da3fc2f04d68b12725"", ""694f40da3fc2f04d68b12726"", ""694f40da3fc2f04d68b12727""]",0.5012190000000001,0.9649,0.314862,0.964997,left,home,19.5675,0,sideways,19.5675
199542,,,1,3778894,3837904,[],0.21868699999999996,0.957548,0.21868699999999996,0.957548,,ballout,0.0,0,,0.0
199542,11016.0,Equipo Rival 1,1,3837904,3839228,"[""694f40da3fc2f04d68b12728"", ""694f40da3fc2f04d68b12729""]",0.21868699999999996,0.957548,0.09005200000000002,0.525518,left,home,32.3342,0,backward,32.3342
199542,,,1,3839228,3857244,[],0.0533454,0.388235,0.0533454,0.388235,,ballout,0.0,0,,0.0
199542,12987.0,Tu Equipo,1,3857244,3862161,"[""694f40da3fc2f04d68b1272b"", ""694f40da3fc2f04d68b1272c"", ""694f40da3fc2f04d68b1272d""]",0.0533454,0.388235,0.0507246,0.541813,right,away,7.2291,2,forward,10.4469
199542,,,1,3862161,3873496,[],0.386528,0.939615,0.386528,0.939615,,ballout,0.0,0,,0.0
199542,11016.0,Equipo Rival 1,1,3873496,3887061,"[""694f40da3fc2f04d68b1272e"", ""694f40da3fc2f04d68b1272f"", ""694f40da3fc2f04d68b12730"", ""694f40da3fc2f04d68b12731"", ""694f40da3fc2f04d68b12732"", ""694f40da3fc2f04d68b12733"", ""694f40da3fc2f04d68b12734"", ""694f40da3fc2f04d68b12735"", ""694f40da3fc2f04d68b12737"", ""694f40da3fc2f04d68b12738"", ""694f40da3fc2f04d68b12739""]",0.386528,0.939615,0.49732600000000005,0.265171,left,home,77.7466,7,backward,47.3148
199542,,,1,3887061,3890564,"[""694f40da3fc2f04d68b1273b""]",0.409547,0.08841200000000005,0.409547,0.08841200000000005,,neutral,0.0,0,,0.0
199542,12987.0,Tu Equipo,1,3890564,3892761,"[""694f40da3fc2f04d68b1273c"", ""694f40da3fc2f04d68b1273d"", ""694f40da3fc2f04d68b1273e""]",0.409547,0.08841200000000005,0.45885299999999996,0.200765,right,away,9.479,1,forward,9.2289
199542,,,1,3892761,3894461,[],0.456365,0.42260200000000003,0.456365,0.42260200000000003,,neutral,0.0,0,,0.0
199542,12987.0,Tu Equipo,1,3894461,3895921,"[""694f40da3fc2f04d68b1273f"", ""694f40da3fc2f04d68b12740"", ""694f40da3fc2f04d68b12741"", ""694f40da3fc2f04d68b12742""]",0.456365,0.42260200000000003,0.407455,0.36245000000000005,right,away,6.846,1,backward,6.5654
199542,,,1,3895921,3923981,[],0.433563,0.32425000000000004,0.433563,0.32425000000000004,,ballout,0.0,0,,0.0
199542,12987.0,Tu Equipo,1,3923981,3940061,"[""694f40da3fc2f04d68b12743"", ""694f40da3fc2f04d68b12744"", ""694f40da3fc2f04d68b12745"", ""694f40da3fc2f04d68b12746"", ""694f40da3fc2f04d68b12747"", ""694f40da3fc2f04d68b12748"", ""694f40da3fc2f04d68b12749"", ""694f40da3fc2f04d68b1274a"", ""694f40da3fc2f04d68b1274b"", ""694f40da3fc2f04d68b1274c"", ""694f40da3fc2f04d68b1274d""]",0.433563,0.32425000000000004,0.150362,0.5109440000000001,right,away,70.4355,6,forward,32.3327
199542,,,1,3940061,3952661,[],0.33904500000000004,0.00310922,0.33904500000000004,0.00310922,,ballout,0.0,0,,0.0
199542,11016.0,Equipo Rival 1,1,3952661,3960928,"[""694f40da3fc2f04d68b1274e"", ""694f40da3fc2f04d68b1274f"", ""694f40da3fc2f04d68b12750"", ""694f40da3fc2f04d68b12751"", ""694f40da3fc2f04d68b12752"", ""694f40da3fc2f04d68b12754""]",0.33904500000000004,0.00310922,0.22864399999999996,0.123406,left,home,22.2295,4,forward,14.1878
199542,,,1,3960928,3972605,[],0.193617,0.0,0.193617,0.0,,ballout,0.0,0,,0.0
199542,12987.0,Tu Equipo,1,3972605,3975428,"[""694f40da3fc2f04d68b12755"", ""694f40da3fc2f04d68b12756"", ""694f40da3fc2f04d68b12757""]",0.193617,0.0,0.229989,0.0363889,right,away,7.0381,1,forward,4.5506
199542,,,1,3975428,3989731,[],0.247687,0.0,0.247687,0.0,,ballout,0.0,0,,0.0
199542,12987.0,Tu Equipo,1,3989731,3993317,"[""694f40da3fc2f04d68b12758"", ""694f40da3fc2f04d68b12759"", ""694f40da3fc2f04d68b1275a"", ""694f40da3fc2f04d68b1275b""]",0.247687,0.0,0.440592,0.011795,right,away,35.6846,4,sideways,20.2709
199542,,,1,3993317,3997828,"[""694f40da3fc2f04d68b1275d""]",0.375818,0.218598,0.375818,0.218598,,neutral,0.0,0,,0.0
199542,11016.0,Equipo Rival 1,1,3997828,4019428,"[""694f40da3fc2f04d68b1275e"", ""694f40da3fc2f04d68b12760"", ""694f40da3fc2f04d68b12761"", ""694f40da3fc2f04d68b12762"", ""694f40da3fc2f04d68b12763"", ""694f40da3fc2f04d68b12764"", ""694f40da3fc2f04d68b12765"", ""694f40da3fc2f04d68b12766"", ""694f40da3fc2f04d68b12767"", ""694f40da3fc2f04d68b12768"", ""694f40da3fc2f04d68b12769"", ""694f40da3fc2f04d68b1276a"", ""694f40da3fc2f04d68b1276b"", ""694f40da3fc2f04d68b1276c"", ""694f40da3fc2f04d68b1276d""]",0.375818,0.218598,0.638252,0.948237,left,home,111.346,9,forward,56.7539
199542,,,1,4019428,4031561,[],0.647872,1.0,0.647872,1.0,,ballout,0.0,0,,0.0
199542,12987.0,Tu Equipo,1,4031561,4031561,"[""694f40da3fc2f04d68b1276e""]",0.647872,1.0,0.647872,1.0,right,away,0.0,1,sideways,0.0
199542,,,1,4031561,4034393,"[""694f40da3fc2f04d68b1276f"", ""694f40da3fc2f04d68b12770""]",0.816456,0.864426,0.816456,0.864426,,neutral,0.0,0,,0.0
199542,,,1,4034393,4051161,[],0.8678710000000001,1.0,0.8678710000000001,1.0,,ballout,0.0,0,,0.0
199542,11016.0,Equipo Rival 1,1,4051161,4051161,"[""694f40da3fc2f04d68b12771""]",0.8678710000000001,1.0,0.8678710000000001,1.0,left,home,0.0,1,sideways,0.0
199542,,,1,4051161,4055915,"[""694f40da3fc2f04d68b12773""]",0.586799,0.9764706,0.586799,0.9764706,,neutral,0.0,0,,0.0
199542,,,1,4055915,4073494,[],0.512022,0.994792,0.512022,0.994792,,ballout,0.0,0,,0.0
199542,11016.0,Equipo Rival 1,1,4073494,4073494,"[""694f40da3fc2f04d68b12774""]",0.512022,0.994792,0.512022,0.994792,left,home,0.0,1,sideways,0.0
199542,,,1,4073494,4167926,"[""694f40da3fc2f04d68b12776""]",0.412384,0.994654,0.412384,0.994654,,ballout,0.0,0,,0.0
199542,11016.0,Equipo Rival 1,1,4167926,4179294,"[""694f40da3fc2f04d68b12777"", ""694f40da3fc2f04d68b12778"", ""694f40da3fc2f04d68b12779"", ""694f40da3fc2f04d68b1277a"", ""694f40da3fc2f04d68b1277b"", ""694f40da3fc2f04d68b1277c"", ""694f40da3fc2f04d68b1277d""]",0.412384,0.994654,0.39510900000000004,0.048537,left,home,63.1054,3,backward,64.3615
199542,,,1,4179294,4182946,[],0.107595,0.5282910000000001,0.107595,0.5282910000000001,,neutral,0.0,0,,0.0
199542,12987.0,Tu Equipo,1,4182946,4194494,"[""694f40da3fc2f04d68b1277e"", ""694f40da3fc2f04d68b1277f""]",0.107595,0.5282910000000001,0.0696203,0.497479,right,away,4.5043,1,backward,4.5043
199542,,,1,4194494,4197828,[],0.522115,0.237534,0.522115,0.237534,,neutral,0.0,0,,0.0
199542,11016.0,Equipo Rival 1,1,4197828,4197828,"[""694f40da3fc2f04d68b12780""]",0.522115,0.237534,0.522115,0.237534,left,home,0.0,1,sideways,0.0
199542,,,1,4197828,4199053,[],0.396087,0.29021699999999995,0.396087,0.29021699999999995,,neutral,0.0,0,,0.0
199542,12987.0,Tu Equipo,1,4199053,4216861,"[""694f40da3fc2f04d68b12781"", ""694f40da3fc2f04d68b12782"", ""694f40da3fc2f04d68b12784"", ""694f40da3fc2f04d68b12785"", ""694f40da3fc2f04d68b12786"", ""694f40da3fc2f04d68b12787"", ""694f40da3fc2f04d68b12788"", ""694f40da3fc2f04d68b12789"", ""694f40da3fc2f04d68b1278a"", ""694f40da3fc2f04d68b1278b"", ""694f40da3fc2f04d68b1278c"", ""694f40da3fc2f04d68b1278d"", ""694f40da3fc2f04d68b1278e""]",0.396087,0.29021699999999995,0.679288,0.0217448,right,away,66.587,7,backward,34.893
199542,,,1,4216861,4218528,[],0.558189,0.125058,0.558189,0.125058,,neutral,0.0,0,,0.0
199542,12987.0,Tu Equipo,1,4218528,4218528,"[""694f40da3fc2f04d68b1278f""]",0.558189,0.125058,0.558189,0.125058,right,away,0.0,1,sideways,0.0
199542,,,1,4218528,4256128,[],0.583237,0.0,0.583237,0.0,,ballout,0.0,0,,0.0
199542,11016.0,Equipo Rival 1,1,4256128,4259264,"[""694f40da3fc2f04d68b12793"", ""694f40da3fc2f04d68b12794"", ""694f40da3fc2f04d68b12796""]",0.583237,0.0,0.41521,0.127691,left,home,19.4338,1,forward,19.6638
199542,,,1,4259264,4273359,[],0.46045400000000003,0.0,0.46045400000000003,0.0,,ballout,0.0,0,,0.0
199542,11016.0,Equipo Rival 1,1,4273359,4274861,"[""694f40da3fc2f04d68b12797"", ""694f40da3fc2f04d68b12798""]",0.46045400000000003,0.0,0.305103,0.127178,left,home,18.4626,2,forward,18.4626
199542,,,1,4274861,4278309,[],0.0882666,0.32565500000000003,0.0882666,0.32565500000000003,,neutral,0.0,0,,0.0
199542,12987.0,Tu Equipo,1,4278309,4304015,"[""694f40da3fc2f04d68b12799"", ""694f40da3fc2f04d68b1279a"", ""694f40da3fc2f04d68b1279b"", ""694f40da3fc2f04d68b1279c"", ""694f40da3fc2f04d68b1279d"", ""694f40da3fc2f04d68b1279e"", ""694f40da3fc2f04d68b1279f"", ""694f40da3fc2f04d68b127a0"", ""694f40da3fc2f04d68b127a1"", ""694f40da3fc2f04d68b127a2"", ""694f40da3fc2f04d68b127a3"", ""694f40da3fc2f04d68b127a4""]",0.0882666,0.32565500000000003,0.449893,0.25698699999999997,right,away,63.7402,6,sideways,38.2568
199542,,,1,4304015,4305861,[],0.682813,0.185249,0.682813,0.185249,,neutral,0.0,0,,0.0
199542,11016.0,Equipo Rival 1,1,4305861,4320528,"[""694f40da3fc2f04d68b127a5"", ""694f40da3fc2f04d68b127a6"", ""694f40da3fc2f04d68b127a8"", ""694f40da3fc2f04d68b127a9"", ""694f40da3fc2f04d68b127aa"", ""694f40da3fc2f04d68b127ab""]",0.682813,0.185249,0.086445,0.838367,left,home,87.105,4,forward,76.7693
199542,,,1,4320528,4321636,"[""694f40da3fc2f04d68b127ac""]",0.082839,0.80671,0.082839,0.80671,,neutral,0.0,0,,0.0
199542,11016.0,Equipo Rival 1,1,4321636,4324988,"[""694f40da3fc2f04d68b127ae"", ""694f40da3fc2f04d68b127af""]",0.082839,0.80671,0.120253,0.99327733,left,home,13.2809,0,forward,13.2809
199542,,,1,4324988,4326661,[],0.19344099999999997,0.989205,0.19344099999999997,0.989205,,neutral,0.0,0,,0.0
199542,11016.0,Equipo Rival 1,1,4326661,4326661,"[""694f40da3fc2f04d68b127b0""]",0.19344099999999997,0.989205,0.19344099999999997,0.989205,left,home,0.0,1,sideways,0.0
199542,,,1,4326661,4330663,"[""694f40da3fc2f04d68b127b1""]",0.00813743,0.9428572,0.00813743,0.9428572,,neutral,0.0,0,,0.0
199542,,,1,4330663,4345964,[],0.0515371,0.486275,0.0515371,0.486275,,ballout,0.0,0,,0.0
199542,12987.0,Tu Equipo,1,4345964,4352128,"[""694f40da3fc2f04d68b127b3"", ""694f40da3fc2f04d68b127b4"", ""694f40da3fc2f04d68b127b5"", ""694f40da3fc2f04d68b127b6"", ""694f40da3fc2f04d68b127b7"", ""694f40da3fc2f04d68b127b8""]",0.0515371,0.486275,0.205819,0.429794,right,away,34.865,4,sideways,16.6487
199542,,,1,4352128,4353405,[],0.35148999999999997,0.221547,0.35148999999999997,0.221547,,neutral,0.0,0,,0.0
199542,11016.0,Equipo Rival 1,1,4353405,4365841,"[""694f40da3fc2f04d68b127b9"", ""694f40da3fc2f04d68b127ba"", ""694f40da3fc2f04d68b127bb"", ""694f40da3fc2f04d68b127bc"", ""694f40da3fc2f04d68b127bd"", ""694f40da3fc2f04d68b127be"", ""694f40da3fc2f04d68b127bf""]",0.35148999999999997,0.221547,0.10467,0.288378,left,home,38.6023,3,sideways,26.3115
199542,,,1,4365841,4370262,"[""694f40da3fc2f04d68b127c0"", ""694f40da3fc2f04d68b127c2""]",0.0760792,0.418245,0.16534,0.33512,,neutral,10.945,0,,10.945
199542,12987.0,Tu Equipo,1,4370262,4376555,"[""694f40da3fc2f04d68b127c3"", ""694f40da3fc2f04d68b127c4"", ""694f40da3fc2f04d68b127c5""]",0.16534,0.33512,0.595254,0.025627999999999984,right,away,47.5875,1,backward,49.8058
199542,,,1,4376555,4402661,[],0.637445,0.0,0.637445,0.0,,ballout,0.0,0,,0.0
199542,11016.0,Equipo Rival 1,1,4402661,4405464,"[""694f40da3fc2f04d68b127c6"", ""694f40da3fc2f04d68b127c7"", ""694f40da3fc2f04d68b127c8""]",0.637445,0.0,0.475156,0.322627,left,home,23.9413,1,forward,27.7791
199542,,,1,4405464,4407928,"[""694f40da3fc2f04d68b127c9"", ""694f40da3fc2f04d68b127ca""]",0.559675,0.539496,0.559675,0.539496,,neutral,0.0,0,,0.0
199542,,,1,4407928,4466928,[],0.577758,0.595518,0.577758,0.595518,,ballout,0.0,0,,0.0
199542,12987.0,Tu Equipo,1,4466928,4466928,"[""694f40da3fc2f04d68b127cb""]",0.577758,0.595518,0.577758,0.595518,right,away,0.0,1,sideways,0.0
199542,,,1,4466928,4470402,"[""694f40da3fc2f04d68b127cd""]",0.846958,0.366109,0.775362,0.46043199999999995,,neutral,9.882,0,,9.882
199542,12987.0,Tu Equipo,1,4470402,4470402,"[""694f40da3fc2f04d68b127ce""]",0.775362,0.46043199999999995,0.775362,0.46043199999999995,right,away,0.0,1,sideways,0.0
199542,,,1,4470402,4482794,[],0.6658390000000001,0.0,0.6658390000000001,0.0,,ballout,0.0,0,,0.0
199542,11016.0,Equipo Rival 1,1,4482794,4490728,"[""694f40da3fc2f04d68b127cf"", ""694f40da3fc2f04d68b127d0"", ""694f40da3fc2f04d68b127d1"", ""694f40da3fc2f04d68b127d2"", ""694f40da3fc2f04d68b127d3""]",0.6658390000000001,0.0,0.9363964,0.775052,left,home,50.5957,3,forward,59.8724
199542,,,1,4490728,4511261,[],0.726449,1.0,0.726449,1.0,,ballout,0.0,0,,0.0
199542,12987.0,Tu Equipo,1,4511261,4526561,"[""694f40da3fc2f04d68b127d4"", ""694f40da3fc2f04d68b127d5"", ""694f40da3fc2f04d68b127d6"", ""694f40da3fc2f04d68b127d7"", ""694f40da3fc2f04d68b127d8"", ""694f40da3fc2f04d68b127d9"", ""694f40da3fc2f04d68b127da"", ""694f40da3fc2f04d68b127db"", ""694f40da3fc2f04d68b127dc"", ""694f40da3fc2f04d68b127dd"", ""694f40da3fc2f04d68b127de"", ""694f40da3fc2f04d68b127df"", ""694f40da3fc2f04d68b127e0"", ""694f40da3fc2f04d68b127e1""]",0.726449,1.0,0.847434,0.95941,right,away,77.2024,7,sideways,12.9998
199542,,,1,4526561,4583294,"[""694f40da3fc2f04d68b127e2""]",0.717597,1.0,0.717597,1.0,,ballout,0.0,0,,0.0
199542,11016.0,Equipo Rival 1,1,4583294,4584528,"[""694f40da3fc2f04d68b127e7"", ""694f40da3fc2f04d68b127e8""]",0.717597,1.0,0.564918,0.970583,left,home,16.1556,2,sideways,16.1556
199542,,,1,4584528,4587361,"[""694f40da3fc2f04d68b127e9""]",0.46273200000000003,0.992929,0.46273200000000003,0.992929,,ballout,0.0,0,,0.0
199542,11016.0,Equipo Rival 1,1,4587361,4587361,"[""694f40da3fc2f04d68b127ea""]",0.46273200000000003,0.992929,0.46273200000000003,0.992929,left,home,0.0,1,sideways,0.0
199542,,,1,4587361,4590694,"[""694f40da3fc2f04d68b127eb""]",0.383914,0.786917,0.45199999999999996,0.624593,,neutral,13.1509,0,,13.1509
199542,11016.0,Equipo Rival 1,1,4590694,4592764,"[""694f40da3fc2f04d68b127ec"", ""694f40da3fc2f04d68b127ed"", ""694f40da3fc2f04d68b127ee""]",0.45199999999999996,0.624593,0.391267,0.6845600000000001,left,home,7.5693,0,forward,7.5693
199542,,,1,4592764,4594128,[],0.427387,0.75168,0.427387,0.75168,,neutral,0.0,0,,0.0
199542,12987.0,Tu Equipo,1,4594128,4594258,"[""694f40da3fc2f04d68b127ef"", ""694f40da3fc2f04d68b127f0""]",0.427387,0.75168,0.42155299999999996,0.749061,right,away,0.6379,0,sideways,0.6379
199542,,,1,4594258,4609428,[],0.427536,1.0,0.427536,1.0,,ballout,0.0,0,,0.0
199542,12987.0,Tu Equipo,1,4609428,4613694,"[""694f40da3fc2f04d68b127f1"", ""694f40da3fc2f04d68b127f2"", ""694f40da3fc2f04d68b127f3"", ""694f40da3fc2f04d68b127f4"", ""694f40da3fc2f04d68b127f6""]",0.427536,1.0,0.568841,0.909429,right,away,24.511,4,backward,16.0645
199542,,,1,4613694,4613861,[],0.570929,0.821607,0.570929,0.821607,,neutral,0.0,0,,0.0
199542,11016.0,Equipo Rival 1,1,4613861,4621861,"[""694f40da3fc2f04d68b127f7"", ""694f40da3fc2f04d68b127f8"", ""694f40da3fc2f04d68b127f9"", ""694f40da3fc2f04d68b127fa"", ""694f40da3fc2f04d68b127fb"", ""694f40da3fc2f04d68b127fc""]",0.570929,0.821607,0.184523,0.36871,left,home,36.4959,2,backward,50.9372
199542,,,1,4621861,4628361,[],0.14894799999999997,0.000353515,0.14894799999999997,0.000353515,,ballout,0.0,0,,0.0
199542,11016.0,Equipo Rival 1,1,4628361,4631607,"[""694f40da3fc2f04d68b127fd"", ""694f40da3fc2f04d68b127fe"", ""694f40da3fc2f04d68b127ff"", ""694f40da3fc2f04d68b12800""]",0.14894799999999997,0.000353515,0.12852200000000003,0.359782,left,home,5.8155,1,forward,24.5351
199542,,,1,4631607,4635473,"[""694f40da3fc2f04d68b12801""]",0.0660036,0.5282910000000001,0.371874,0.451924,,neutral,32.5335,0,,32.5335
199542,12987.0,Tu Equipo,1,4635473,4643833,"[""694f40da3fc2f04d68b12802"", ""694f40da3fc2f04d68b12803"", ""694f40da3fc2f04d68b12804"", ""694f40da3fc2f04d68b12805"", ""694f40da3fc2f04d68b12806"", ""694f40da3fc2f04d68b12807""]",0.371874,0.451924,0.554285,0.49772099999999997,right,away,49.9319,3,sideways,19.4047
199542,,,1,4643833,4646394,[],0.658482,0.598559,0.658482,0.598559,,neutral,0.0,0,,0.0
199542,11016.0,Equipo Rival 1,1,4646394,4646394,"[""694f40da3fc2f04d68b12808""]",0.658482,0.598559,0.658482,0.598559,left,home,0.0,1,sideways,0.0
199542,,,1,4646394,4654209,[],0.0443038,0.853221,0.0443038,0.853221,,neutral,0.0,0,,0.0
199542,12987.0,Tu Equipo,1,4654209,4696861,"[""694f40da3fc2f04d68b12809"", ""694f40da3fc2f04d68b1280a"", ""694f40da3fc2f04d68b1280b"", ""694f40da3fc2f04d68b1280c"", ""694f40da3fc2f04d68b1280d"", ""694f40da3fc2f04d68b1280e"", ""694f40da3fc2f04d68b1280f"", ""694f40da3fc2f04d68b12810"", ""694f40da3fc2f04d68b12811"", ""694f40da3fc2f04d68b12812"", ""694f40da3fc2f04d68b12813"", ""694f40da3fc2f04d68b12814"", ""694f40da3fc2f04d68b12815"", ""694f40da3fc2f04d68b12816"", ""694f40da3fc2f04d68b12817"", ""694f40da3fc2f04d68b12818"", ""694f40da3fc2f04d68b12819"", ""694f40da3fc2f04d68b1281a"", ""694f40da3fc2f04d68b1281b"", ""694f40da3fc2f04d68b1281c"", ""694f40da3fc2f04d68b1281d"", ""694f40da3fc2f04d68b1281e"", ""694f40da3fc2f04d68b1281f"", ""694f40da3fc2f04d68b12820"", ""694f40da3fc2f04d68b12821""]",0.0443038,0.853221,0.632241,0.525518,right,away,162.1915,13,sideways,65.6322
199542,,,1,4696861,4702206,"[""694f40da3fc2f04d68b12822""]",0.9369935,0.527894,0.9369935,0.527894,,neutral,0.0,0,,0.0
199542,11016.0,Equipo Rival 1,1,4702206,4716128,"[""694f40da3fc2f04d68b12823"", ""694f40da3fc2f04d68b12824"", ""694f40da3fc2f04d68b12825"", ""694f40da3fc2f04d68b12826"", ""694f40da3fc2f04d68b12827"", ""694f40da3fc2f04d68b12829""]",0.9369935,0.527894,0.47622699999999996,0.0386379,left,home,53.9665,4,backward,58.7156
199542,,,1,4716128,4716340,[],0.470619,0.06440900000000005,0.470619,0.06440900000000005,,neutral,0.0,0,,0.0
199542,12987.0,Tu Equipo,1,4716340,4720473,"[""694f40da3fc2f04d68b1282a"", ""694f40da3fc2f04d68b1282b"", ""694f40da3fc2f04d68b1282c"", ""694f40da3fc2f04d68b1282d"", ""694f40da3fc2f04d68b1282e""]",0.470619,0.06440900000000005,0.560753,0.27014800000000005,right,away,14.8983,1,forward,16.8907
199542,,,1,4720473,4740447,[],0.529965,0.335074,0.529965,0.335074,,ballout,0.0,0,,0.0
199542,12987.0,Tu Equipo,1,4740447,4744746,"[""694f40da3fc2f04d68b1282f"", ""694f40da3fc2f04d68b12830"", ""694f40da3fc2f04d68b12831"", ""694f40da3fc2f04d68b12832""]",0.529965,0.335074,0.5881,0.200859,right,away,12.6058,2,backward,10.9798
199542,,,1,4744746,4745628,[],0.573853,0.338114,0.573853,0.338114,,neutral,0.0,0,,0.0
199542,11016.0,Equipo Rival 1,1,4745628,4756455,"[""694f40da3fc2f04d68b12833"", ""694f40da3fc2f04d68b12834"", ""694f40da3fc2f04d68b12835""]",0.573853,0.338114,0.14557,0.25938399999999995,left,home,7.8201,1,sideways,45.2873
199542,12987.0,Tu Equipo,1,4756455,4802338,"[""694f40da3fc2f04d68b12837"", ""694f40da3fc2f04d68b12839"", ""694f40da3fc2f04d68b1283a"", ""694f40da3fc2f04d68b1283b"", ""694f40da3fc2f04d68b1283c"", ""694f40da3fc2f04d68b1283d"", ""694f40da3fc2f04d68b1283e"", ""694f40da3fc2f04d68b1283f"", ""694f40da3fc2f04d68b12840"", ""694f40da3fc2f04d68b12841"", ""694f40da3fc2f04d68b12842"", ""694f40da3fc2f04d68b12843"", ""694f40da3fc2f04d68b12844"", ""694f40da3fc2f04d68b12845"", ""694f40da3fc2f04d68b12846"", ""694f40da3fc2f04d68b12847"", ""694f40da3fc2f04d68b12848"", ""694f40da3fc2f04d68b12849"", ""694f40da3fc2f04d68b1284a"", ""694f40da3fc2f04d68b1284b"", ""694f40da3fc2f04d68b1284c"", ""694f40da3fc2f04d68b1284d"", ""694f40da3fc2f04d68b1284e"", ""694f40da3fc2f04d68b1284f"", ""694f40da3fc2f04d68b12850"", ""694f40da3fc2f04d68b12851"", ""694f40da3fc2f04d68b12852"", ""694f40da3fc2f04d68b12853""]",0.14557,0.25938399999999995,0.696672,0.622617,right,away,201.1584,14,forward,62.9168
199542,,,1,4802338,4804594,[],0.9453969,0.446072,0.9453969,0.446072,,neutral,0.0,0,,0.0
199542,11016.0,Equipo Rival 1,1,4804594,4820194,"[""694f40da3fc2f04d68b12854"", ""694f40da3fc2f04d68b12855"", ""694f40da3fc2f04d68b12856"", ""694f40da3fc2f04d68b12857"", ""694f40da3fc2f04d68b12858"", ""694f40da3fc2f04d68b12859""]",0.9453969,0.446072,0.855849,0.937064,left,home,26.9553,3,forward,34.6862
199542,,,1,4820194,4837758,[],0.596665,1.0,0.596665,1.0,,ballout,0.0,0,,0.0
199542,12987.0,Tu Equipo,1,4837758,4848094,"[""694f40da3fc2f04d68b1285a"", ""694f40da3fc2f04d68b1285b"", ""694f40da3fc2f04d68b1285c"", ""694f40da3fc2f04d68b1285d"", ""694f40da3fc2f04d68b12860"", ""694f40da3fc2f04d68b12861"", ""694f40da3fc2f04d68b12862""]",0.596665,1.0,0.634764,0.39798999999999995,right,away,40.9248,4,backward,41.1317
199542,,,1,4848094,4850594,[],0.855361,0.756625,0.855361,0.756625,,neutral,0.0,0,,0.0
199542,11016.0,Equipo Rival 1,1,4850594,4866030,"[""694f40da3fc2f04d68b12863"", ""694f40da3fc2f04d68b12864"", ""694f40da3fc2f04d68b12865"", ""694f40da3fc2f04d68b12866"", ""694f40da3fc2f04d68b12867"", ""694f40da3fc2f04d68b12868"", ""694f40da3fc2f04d68b12869""]",0.855361,0.756625,0.058635,0.16149899999999995,left,home,107.9455,3,backward,92.9305
199542,,,1,4866030,4881372,[],0.121309,0.0,0.121309,0.0,,ballout,0.0,0,,0.0
199542,11016.0,Equipo Rival 1,1,4881372,4885094,"[""694f40da3fc2f04d68b1286a"", ""694f40da3fc2f04d68b1286b"", ""694f40da3fc2f04d68b1286c"", ""694f40da3fc2f04d68b1286d""]",0.121309,0.0,0.17781199999999997,0.0469332,left,home,13.2673,3,forward,6.7367
199542,,,1,4885094,4885861,"[""694f40da3fc2f04d68b1286e""]",0.153048,0.06291199999999997,0.153048,0.06291199999999997,,neutral,0.0,0,,0.0
199542,,,1,4885861,4903394,[],0.213878,0.0,0.213878,0.0,,ballout,0.0,0,,0.0
199542,11016.0,Equipo Rival 1,1,4903394,4903394,"[""694f40da3fc2f04d68b1286f""]",0.213878,0.0,0.213878,0.0,left,home,0.0,1,sideways,0.0
199542,,,1,4903394,4908394,"[""694f40da3fc2f04d68b12871"", ""694f40da3fc2f04d68b12873""]",0.0660036,0.312605,0.209503,0.609716,,neutral,25.2034,0,,25.2034
199542,11016.0,Equipo Rival 1,1,4908394,4909128,"[""694f40da3fc2f04d68b12874"", ""694f40da3fc2f04d68b12875""]",0.209503,0.609716,0.20786700000000002,0.601868,left,home,0.5606,0,backward,0.5606
199542,,,1,4909128,4913061,"[""694f40da3fc2f04d68b12876""]",0.116637,0.8168070000000001,0.116637,0.8168070000000001,,neutral,0.0,0,,0.0
199542,12987.0,Tu Equipo,1,4913061,4918430,"[""694f40da3fc2f04d68b12877"", ""694f40da3fc2f04d68b12879"", ""694f40da3fc2f04d68b1287a"", ""694f40da3fc2f04d68b1287b""]",0.116637,0.8168070000000001,0.428077,0.777283,right,away,42.7597,3,sideways,32.8115
199542,,,1,4918430,4919561,"[""694f40da3fc2f04d68b1287c""]",0.43159099999999995,0.803115,0.43159099999999995,0.803115,,neutral,0.0,0,,0.0
199542,11016.0,Equipo Rival 1,1,4919561,4924994,"[""694f40da3fc2f04d68b1287d"", ""694f40da3fc2f04d68b1287e"", ""694f40da3fc2f04d68b1287f"", ""694f40da3fc2f04d68b12880"", ""694f40da3fc2f04d68b12881"", ""694f40da3fc2f04d68b12882""]",0.43159099999999995,0.803115,0.44349700000000003,0.873749,left,home,22.5867,4,forward,4.9631
199542,,,1,4924994,4944362,[],0.291891,0.88097,0.291891,0.88097,,ballout,0.0,0,,0.0
199542,12987.0,Tu Equipo,1,4944362,4971694,"[""694f40da3fc2f04d68b12884"", ""694f40da3fc2f04d68b12885"", ""694f40da3fc2f04d68b12886"", ""694f40da3fc2f04d68b12887"", ""694f40da3fc2f04d68b12888"", ""694f40da3fc2f04d68b12889"", ""694f40da3fc2f04d68b1288a"", ""694f40da3fc2f04d68b1288b"", ""694f40da3fc2f04d68b1288c"", ""694f40da3fc2f04d68b1288d"", ""694f40da3fc2f04d68b1288e"", ""694f40da3fc2f04d68b1288f"", ""694f40da3fc2f04d68b12890""]",0.291891,0.88097,0.492767,0.573109,right,away,102.1249,7,backward,29.7175
199542,,,1,4971694,4972646,[],0.603389,0.575797,0.603389,0.575797,,neutral,0.0,0,,0.0
199542,11016.0,Equipo Rival 1,1,4972646,4975862,"[""694f40da3fc2f04d68b12891"", ""694f40da3fc2f04d68b12892"", ""694f40da3fc2f04d68b12893""]",0.603389,0.575797,0.389206,0.266988,left,home,30.6663,1,backward,30.7689
199542,,,1,4975862,4977850,[],0.293248,0.318306,0.293248,0.318306,,neutral,0.0,0,,0.0
199542,12987.0,Tu Equipo,1,4977850,5008928,"[""694f40da3fc2f04d68b12894"", ""694f40da3fc2f04d68b12895"", ""694f40da3fc2f04d68b12896"", ""694f40da3fc2f04d68b12897"", ""694f40da3fc2f04d68b12898"", ""694f40da3fc2f04d68b12899"", ""694f40da3fc2f04d68b1289a"", ""694f40da3fc2f04d68b1289b"", ""694f40da3fc2f04d68b1289c"", ""694f40da3fc2f04d68b1289d"", ""694f40da3fc2f04d68b1289e"", ""694f40da3fc2f04d68b1289f"", ""694f40da3fc2f04d68b128a0"", ""694f40da3fc2f04d68b128a1"", ""694f40da3fc2f04d68b128a2"", ""694f40da3fc2f04d68b128a3"", ""694f40da3fc2f04d68b128a4"", ""694f40da3fc2f04d68b128a5"", ""694f40da3fc2f04d68b128a6"", ""694f40da3fc2f04d68b128a7"", ""694f40da3fc2f04d68b128a8""]",0.293248,0.318306,0.777762,0.233865,right,away,129.6848,10,sideways,51.197
199542,,,1,5008928,5010099,"[""694f40da3fc2f04d68b128a9""]",0.825607,0.357758,0.825607,0.357758,,neutral,0.0,0,,0.0
199542,12987.0,Tu Equipo,1,5010099,5011794,"[""694f40da3fc2f04d68b128aa"", ""694f40da3fc2f04d68b128ab""]",0.825607,0.357758,0.8157449999999999,0.418178,right,away,4.237,0,forward,4.237
199542,,,1,5011794,5012794,[],0.836153,0.648768,0.836153,0.648768,,neutral,0.0,0,,0.0
199542,11016.0,Equipo Rival 1,1,5012794,5018900,"[""694f40da3fc2f04d68b128ac"", ""694f40da3fc2f04d68b128ad""]",0.836153,0.648768,0.7332259999999999,0.981756,left,home,25.0901,1,forward,25.0901
199542,,,1,5018900,5024230,[],0.144928,0.741055,0.144928,0.741055,,neutral,0.0,0,,0.0
199542,12987.0,Tu Equipo,1,5024230,5037901,"[""694f40da3fc2f04d68b128ae"", ""694f40da3fc2f04d68b128af"", ""694f40da3fc2f04d68b128b0"", ""694f40da3fc2f04d68b128b1"", ""694f40da3fc2f04d68b128b2"", ""694f40da3fc2f04d68b128b3"", ""694f40da3fc2f04d68b128b4""]",0.144928,0.741055,0.805172,0.490409,right,away,52.6772,3,sideways,71.39
199542,,,1,5037901,5039513,[],0.840955,0.559507,0.840955,0.559507,,neutral,0.0,0,,0.0
199542,11016.0,Equipo Rival 1,1,5039513,5045728,"[""694f40da3fc2f04d68b128b5"", ""694f40da3fc2f04d68b128b6"", ""694f40da3fc2f04d68b128b7"", ""694f40da3fc2f04d68b128b8""]",0.840955,0.559507,0.699762,0.0817165,left,home,37.5631,3,backward,35.7124
199542,,,1,5045728,5051855,[],0.0111107,0.17535199999999995,0.0111107,0.17535199999999995,,neutral,0.0,0,,0.0
199542,12987.0,Tu Equipo,1,5051855,5076194,"[""694f40da3fc2f04d68b128b9"", ""694f40da3fc2f04d68b128ba"", ""694f40da3fc2f04d68b128bb"", ""694f40da3fc2f04d68b128bc"", ""694f40da3fc2f04d68b128bd"", ""694f40da3fc2f04d68b128be"", ""694f40da3fc2f04d68b128bf"", ""694f40da3fc2f04d68b128c0"", ""694f40da3fc2f04d68b128c1"", ""694f40da3fc2f04d68b128c2""]",0.0111107,0.17535199999999995,0.422686,0.09531900000000004,right,away,55.5252,5,sideways,43.5567
199542,,,1,5076194,5078428,[],0.7750630000000001,0.120019,0.7750630000000001,0.120019,,neutral,0.0,0,,0.0
199542,11016.0,Equipo Rival 1,1,5078428,5081194,"[""694f40da3fc2f04d68b128c3"", ""694f40da3fc2f04d68b128c4""]",0.7750630000000001,0.120019,0.582856,0.0681885,left,home,20.4872,2,sideways,20.4872
199542,,,1,5081194,5084294,[],0.464297,0.031136000000000053,0.464297,0.031136000000000053,,neutral,0.0,0,,0.0
199542,12987.0,Tu Equipo,1,5084294,5088394,"[""694f40da3fc2f04d68b128c5"", ""694f40da3fc2f04d68b128c6"", ""694f40da3fc2f04d68b128c7""]",0.464297,0.031136000000000053,0.255676,0.24761,right,away,13.0328,2,forward,26.3917
199542,,,1,5088394,5088461,[],0.275423,0.232383,0.275423,0.232383,,neutral,0.0,0,,0.0
199542,11016.0,Equipo Rival 1,1,5088461,5104361,"[""694f40da3fc2f04d68b128c8"", ""694f40da3fc2f04d68b128c9"", ""694f40da3fc2f04d68b128ca"", ""694f40da3fc2f04d68b128cb"", ""694f40da3fc2f04d68b128cc"", ""694f40da3fc2f04d68b128cd"", ""694f40da3fc2f04d68b128ce"", ""694f40da3fc2f04d68b128cf"", ""694f40da3fc2f04d68b128d0"", ""694f40da3fc2f04d68b128d1"", ""694f40da3fc2f04d68b128d2""]",0.275423,0.232383,0.20546200000000003,0.73036,left,home,84.9662,7,forward,34.6501
199542,,,1,5104361,5146311,[],0.0985533,0.480672,0.0985533,0.480672,,ballout,0.0,0,,0.0
199542,12987.0,Tu Equipo,1,5146311,5160694,"[""694f40da3fc2f04d68b128d6"", ""694f40da3fc2f04d68b128d7"", ""694f40da3fc2f04d68b128d8"", ""694f40da3fc2f04d68b128d9"", ""694f40da3fc2f04d68b128da"", ""694f40da3fc2f04d68b128db"", ""694f40da3fc2f04d68b128dc"", ""694f40da3fc2f04d68b128dd"", ""694f40da3fc2f04d68b128de"", ""694f40da3fc2f04d68b128df"", ""694f40da3fc2f04d68b128e0""]",0.0985533,0.480672,0.102204,0.6437390000000001,right,away,85.0248,6,forward,11.0952
199542,,,1,5160694,5164562,"[""694f40da3fc2f04d68b128e2""]",0.474684,0.92605,0.474684,0.92605,,neutral,0.0,0,,0.0
199542,11016.0,Equipo Rival 1,1,5164562,5174361,"[""694f40da3fc2f04d68b128e3"", ""694f40da3fc2f04d68b128e4"", ""694f40da3fc2f04d68b128e5"", ""694f40da3fc2f04d68b128e6"", ""694f40da3fc2f04d68b128e7"", ""694f40da3fc2f04d68b128e9""]",0.474684,0.92605,0.094256,0.433054,left,home,17.7175,1,backward,52.1482
199542,,,1,5174361,5175887,"[""694f40da3fc2f04d68b128ea""]",0.0732369,0.539496,0.0732369,0.539496,,neutral,0.0,0,,0.0
199542,12987.0,Tu Equipo,1,5175887,5176294,"[""694f40da3fc2f04d68b128eb"", ""694f40da3fc2f04d68b128ec""]",0.0732369,0.539496,0.0724638,0.539007,right,away,0.0877,0,backward,0.0877
199542,,,1,5176294,5177696,[],0.28753399999999996,0.817992,0.28753399999999996,0.817992,,neutral,0.0,0,,0.0
199542,11016.0,Equipo Rival 1,1,5177696,5178532,"[""694f40da3fc2f04d68b128ed"", ""694f40da3fc2f04d68b128ee""]",0.28753399999999996,0.817992,0.256699,0.80357,left,home,3.3829,0,sideways,3.3829
199542,,,1,5178532,5179652,[],0.237133,0.776897,0.237133,0.776897,,neutral,0.0,0,,0.0
199542,12987.0,Tu Equipo,1,5179652,5184050,"[""694f40da3fc2f04d68b128ef"", ""694f40da3fc2f04d68b128f0"", ""694f40da3fc2f04d68b128f2""]",0.237133,0.776897,0.553389,0.8932869999999999,right,away,28.6947,2,sideways,34.137
199542,,,1,5184050,5189728,"[""694f40da3fc2f04d68b128f3""]",0.5672459999999999,0.587401,0.456866,0.232765,,neutral,26.7558,0,,26.7558
199542,11016.0,Equipo Rival 1,1,5189728,5195028,"[""694f40da3fc2f04d68b128f4"", ""694f40da3fc2f04d68b128f5""]",0.456866,0.232765,0.08314200000000005,0.045383,left,home,41.2579,0,sideways,41.2579
199542,,,1,5195028,5198588,"[""694f40da3fc2f04d68b128f6""]",0.0641953,0.410644,0.296155,0.338588,,neutral,24.8437,0,,24.8437
199542,12987.0,Tu Equipo,1,5198588,5200061,"[""694f40da3fc2f04d68b128f7"", ""694f40da3fc2f04d68b128f8""]",0.296155,0.338588,0.399161,0.26020699999999997,right,away,12.0576,2,backward,12.0576
199542,,,1,5200061,5234694,[],0.28446899999999997,0.00558358,0.28446899999999997,0.00558358,,ballout,0.0,0,,0.0
199542,11016.0,Equipo Rival 1,1,5234694,5237494,"[""694f40da3fc2f04d68b128fb"", ""694f40da3fc2f04d68b128fc"", ""694f40da3fc2f04d68b128fe""]",0.28446899999999997,0.00558358,0.16939700000000002,0.0394844,left,home,16.5129,2,sideways,12.3005
199542,,,1,5237494,5239305,[],0.266283,0.190407,0.266283,0.190407,,neutral,0.0,0,,0.0
199542,12987.0,Tu Equipo,1,5239305,5241122,"[""694f40da3fc2f04d68b128ff"", ""694f40da3fc2f04d68b12900""]",0.266283,0.190407,0.411849,0.21958900000000003,right,away,15.4127,1,sideways,15.4127
199542,,,1,5241122,5258411,"[""694f40da3fc2f04d68b12901""]",0.479481,0.281486,0.479481,0.281486,,ballout,0.0,0,,0.0
199542,12987.0,Tu Equipo,1,5258411,5275861,"[""694f40da3fc2f04d68b12902"", ""694f40da3fc2f04d68b12903"", ""694f40da3fc2f04d68b12904"", ""694f40da3fc2f04d68b12905"", ""694f40da3fc2f04d68b12906"", ""694f40da3fc2f04d68b12907"", ""694f40da3fc2f04d68b12908"", ""694f40da3fc2f04d68b12909"", ""694f40da3fc2f04d68b1290a"", ""694f40da3fc2f04d68b1290b"", ""694f40da3fc2f04d68b1290c"", ""694f40da3fc2f04d68b1290d""]",0.479481,0.281486,0.9474368,0.0139652,right,away,78.8023,6,sideways,52.3948
199542,,,1,5275861,5299794,[],0.913043,0.00021099999999996122,0.913043,0.00021099999999996122,,ballout,0.0,0,,0.0
199542,12987.0,Tu Equipo,1,5299794,5302994,"[""694f40da3fc2f04d68b1290e"", ""694f40da3fc2f04d68b1290f"", ""694f40da3fc2f04d68b12910""]",0.913043,0.00021099999999996122,0.972826,0.269609,right,away,19.1589,1,forward,19.3647
199542,,,1,5302994,5304928,"[""694f40da3fc2f04d68b12911""]",0.9622036,0.382845,0.899296,0.10949399999999998,,neutral,19.7266,0,,19.7266
199542,12987.0,Tu Equipo,1,5304928,5311794,"[""694f40da3fc2f04d68b12912"", ""694f40da3fc2f04d68b12914"", ""694f40da3fc2f04d68b12915"", ""694f40da3fc2f04d68b12917""]",0.899296,0.10949399999999998,0.824275,0.22751500000000002,right,away,7.4045,1,forward,11.2453
199542,,,1,5311794,5312940,"[""694f40da3fc2f04d68b12918""]",0.9790104,0.481404,0.9790104,0.481404,,neutral,0.0,0,,0.0
199542,11016.0,Equipo Rival 1,1,5312940,5324194,"[""694f40da3fc2f04d68b12919"", ""694f40da3fc2f04d68b1291a"", ""694f40da3fc2f04d68b1291b"", ""694f40da3fc2f04d68b1291c"", ""694f40da3fc2f04d68b1291d"", ""694f40da3fc2f04d68b1291e""]",0.9790104,0.481404,0.37737600000000004,0.955685,left,home,52.5818,3,forward,70.928
199542,,,1,5324194,5325228,"[""694f40da3fc2f04d68b1291f""]",0.361212,0.80767,0.361212,0.80767,,neutral,0.0,0,,0.0
199542,12987.0,Tu Equipo,1,5325228,5350499,"[""694f40da3fc2f04d68b12920"", ""694f40da3fc2f04d68b12921"", ""694f40da3fc2f04d68b12922"", ""694f40da3fc2f04d68b12923"", ""694f40da3fc2f04d68b12924"", ""694f40da3fc2f04d68b12925""]",0.361212,0.80767,0.449275,0.81963,right,away,19.3213,2,sideways,9.2823
199542,12987.0,Tu Equipo,1,5350499,5357515,"[""694f40da3fc2f04d68b12926"", ""694f40da3fc2f04d68b12927"", ""694f40da3fc2f04d68b12928"", ""694f40da3fc2f04d68b12929"", ""694f40da3fc2f04d68b1292a"", ""694f40da3fc2f04d68b1292b"", ""694f40da3fc2f04d68b1292c""]",0.449275,0.81963,0.427536,0.9431037,right,away,26.8673,4,forward,8.701
199542,,,1,5357515,5363994,"[""694f40da3fc2f04d68b1292d""]",0.583607,1.0,0.583607,1.0,,ballout,0.0,0,,0.0
199542,12987.0,Tu Equipo,1,5363994,5363994,"[""694f40da3fc2f04d68b1292e""]",0.583607,1.0,0.583607,1.0,right,away,0.0,1,sideways,0.0
199542,,,1,5363994,5368590,"[""694f40da3fc2f04d68b1292f"", ""694f40da3fc2f04d68b12931""]",0.6944969999999999,0.927708,0.665079,0.9241678,,neutral,3.0983,0,,3.0983
199542,12987.0,Tu Equipo,1,5368590,5371594,"[""694f40da3fc2f04d68b12932"", ""694f40da3fc2f04d68b12933"", ""694f40da3fc2f04d68b12934"", ""694f40da3fc2f04d68b12935"", ""694f40da3fc2f04d68b12936""]",0.665079,0.9241678,0.693028,0.692977,right,away,20.1919,2,backward,15.9925
199542,,,1,5371594,5381299,"[""694f40da3fc2f04d68b12937"", ""694f40da3fc2f04d68b12938""]",0.734112,0.646908,0.333592,0.543578,,neutral,42.6375,0,,42.6375
199542,12987.0,Tu Equipo,1,5381299,5403278,"[""694f40da3fc2f04d68b1293a"", ""694f40da3fc2f04d68b1293b"", ""694f40da3fc2f04d68b1293c"", ""694f40da3fc2f04d68b1293d"", ""694f40da3fc2f04d68b1293e"", ""694f40da3fc2f04d68b1293f"", ""694f40da3fc2f04d68b12940"", ""694f40da3fc2f04d68b12941"", ""694f40da3fc2f04d68b12942"", ""694f40da3fc2f04d68b12943""]",0.333592,0.543578,0.897516,0.112035,right,away,95.7405,4,backward,66.0847
199542,,,1,5403278,5429528,[],0.9484184,0.607455,0.9484184,0.607455,,ballout,0.0,0,,0.0
199542,11016.0,Equipo Rival 1,1,5429528,5429528,"[""694f40da3fc2f04d68b12944""]",0.9484184,0.607455,0.9484184,0.607455,left,home,0.0,1,sideways,0.0
199542,,,1,5429528,5435361,"[""694f40da3fc2f04d68b12946""]",0.664485,0.648768,0.664485,0.648768,,neutral,0.0,0,,0.0
199542,11016.0,Equipo Rival 1,1,5435361,5440428,"[""694f40da3fc2f04d68b12947"", ""694f40da3fc2f04d68b12948"", ""694f40da3fc2f04d68b12949""]",0.664485,0.648768,0.946014,0.767604,left,home,28.1194,1,sideways,30.6452
199542,,,1,5440428,5453828,[],0.654399,1.0,0.654399,1.0,,ballout,0.0,0,,0.0
199542,12987.0,Tu Equipo,1,5453828,5456543,"[""694f40da3fc2f04d68b1294a"", ""694f40da3fc2f04d68b1294b""]",0.654399,1.0,0.825497,0.878431,right,away,13.7432,1,backward,19.776
199542,12987.0,Tu Equipo,1,5456543,5458271,"[""694f40da3fc2f04d68b1294d"", ""694f40da3fc2f04d68b1294e""]",0.825497,0.878431,0.910488,0.85042,right,away,9.1251,0,sideways,9.1251
199542,,,1,5458271,5460461,"[""694f40da3fc2f04d68b1294f""]",0.9850128,0.756625,0.9850128,0.756625,,neutral,0.0,0,,0.0
199542,,,1,5460461,5485228,[],0.946014,0.60373,0.946014,0.60373,,ballout,0.0,0,,0.0
199542,11016.0,Equipo Rival 1,1,5485228,5485228,"[""694f40da3fc2f04d68b12950""]",0.946014,0.60373,0.946014,0.60373,left,home,0.0,1,sideways,0.0
199542,,,1,5485228,5488594,[],0.467289,0.725052,0.467289,0.725052,,neutral,0.0,0,,0.0
199542,12987.0,Tu Equipo,1,5488594,5488594,"[""694f40da3fc2f04d68b12951""]",0.467289,0.725052,0.467289,0.725052,right,away,0.0,1,sideways,0.0
199542,,,1,5488594,5492461,"[""694f40da3fc2f04d68b12952""]",0.75727,0.737808,0.75727,0.737808,,neutral,0.0,0,,0.0
199542,,,1,5492461,5519694,[],0.894928,1.0,0.894928,1.0,,ballout,0.0,0,,0.0
199542,12987.0,Tu Equipo,1,5519694,5519694,"[""694f40da3fc2f04d68b12953""]",0.894928,1.0,0.894928,1.0,right,away,0.0,1,sideways,0.0
199542,,,1,5519694,5524028,"[""694f40da3fc2f04d68b12955""]",0.9357931,0.745467,0.782098,0.780392,,neutral,16.3118,0,,16.3118
199542,12987.0,Tu Equipo,1,5524028,5528931,"[""694f40da3fc2f04d68b12956"", ""694f40da3fc2f04d68b12957"", ""694f40da3fc2f04d68b12958"", ""694f40da3fc2f04d68b12959"", ""694f40da3fc2f04d68b1295a"", ""694f40da3fc2f04d68b1295b""]",0.782098,0.780392,0.844557,0.946304,right,away,21.824,2,forward,13.0497
199542,,,1,5528931,5547361,[],0.913043,1.0,0.913043,1.0,,ballout,0.0,0,,0.0
199542,12987.0,Tu Equipo,1,5547361,5550494,"[""694f40da3fc2f04d68b1295c"", ""694f40da3fc2f04d68b1295e"", ""694f40da3fc2f04d68b1295f""]",0.913043,1.0,0.896177,0.613436,right,away,15.9318,1,backward,26.3459
199542,,,1,5550494,5551138,[],0.847197,0.6319330000000001,0.847197,0.6319330000000001,,neutral,0.0,0,,0.0
199542,12987.0,Tu Equipo,1,5551138,5555994,"[""694f40da3fc2f04d68b12960"", ""694f40da3fc2f04d68b12961"", ""694f40da3fc2f04d68b12962""]",0.847197,0.6319330000000001,0.907609,0.9767785,right,away,16.8157,1,forward,24.2923
199542,,,1,5555994,5558083,"[""694f40da3fc2f04d68b12963""]",0.9369935,0.663645,0.738698,0.82521,,neutral,23.5418,0,,23.5418
199542,12987.0,Tu Equipo,1,5558083,5559448,"[""694f40da3fc2f04d68b12964"", ""694f40da3fc2f04d68b12965""]",0.738698,0.82521,0.762681,0.763505,right,away,4.8936,1,backward,4.8936
199542,,,1,5559448,5565455,"[""694f40da3fc2f04d68b12966"", ""694f40da3fc2f04d68b12967"", ""694f40da3fc2f04d68b12969""]",0.840955,0.617155,0.451175,0.609524,,neutral,40.9302,0,,40.9302
199542,,,1,5565455,5589605,[],0.403825,1.0,0.403825,1.0,,ballout,0.0,0,,0.0
199542,11016.0,Equipo Rival 1,1,5589605,5591161,"[""694f40da3fc2f04d68b1296a"", ""694f40da3fc2f04d68b1296b""]",0.403825,1.0,0.23311300000000001,0.875611,left,home,19.8203,2,backward,19.8203
199542,,,1,5591161,5593994,"[""694f40da3fc2f04d68b1296c""]",0.203436,0.788796,0.43159099999999995,0.607857,,neutral,26.9312,0,,26.9312
199542,11016.0,Equipo Rival 1,1,5593994,5602528,"[""694f40da3fc2f04d68b1296d"", ""694f40da3fc2f04d68b1296e"", ""694f40da3fc2f04d68b1296f"", ""694f40da3fc2f04d68b12970""]",0.43159099999999995,0.607857,0.486776,0.838367,left,home,18.256,2,forward,16.7114
199542,,,1,5602528,5603928,[],0.324279,0.620938,0.324279,0.620938,,neutral,0.0,0,,0.0
199542,12987.0,Tu Equipo,1,5603928,5611261,"[""694f40da3fc2f04d68b12971"", ""694f40da3fc2f04d68b12972"", ""694f40da3fc2f04d68b12973"", ""694f40da3fc2f04d68b12974""]",0.324279,0.620938,0.714271,0.705415,right,away,27.4469,2,sideways,41.3501
199542,,,1,5611261,5613944,"[""694f40da3fc2f04d68b12975"", ""694f40da3fc2f04d68b12977""]",0.773426,0.55301,0.773426,0.55301,,neutral,0.0,0,,0.0
199542,12987.0,Tu Equipo,1,5613944,5615078,"[""694f40da3fc2f04d68b12978"", ""694f40da3fc2f04d68b12979""]",0.773426,0.55301,0.741641,0.553451,right,away,3.3376,0,sideways,3.3376
199542,,,1,5615078,5617463,[],0.9045806,0.535332,0.9045806,0.535332,,neutral,0.0,0,,0.0
199542,11016.0,Equipo Rival 1,1,5617463,5622628,"[""694f40da3fc2f04d68b1297a"", ""694f40da3fc2f04d68b1297b""]",0.9045806,0.535332,0.839019,0.536691,left,home,6.8846,1,sideways,6.8846
199542,,,1,5622628,5628072,[],0.114874,0.41914700000000005,0.114874,0.41914700000000005,,neutral,0.0,0,,0.0
199542,12987.0,Tu Equipo,1,5628072,5637459,"[""694f40da3fc2f04d68b1297c"", ""694f40da3fc2f04d68b1297d"", ""694f40da3fc2f04d68b1297e"", ""694f40da3fc2f04d68b1297f"", ""694f40da3fc2f04d68b12980""]",0.114874,0.41914700000000005,0.694061,0.42286500000000005,right,away,54.4158,2,sideways,60.8152
199542,,,1,5637459,5638394,[],0.6500790000000001,0.40888,0.6500790000000001,0.40888,,neutral,0.0,0,,0.0
199542,11016.0,Equipo Rival 1,1,5638394,5639915,"[""694f40da3fc2f04d68b12981"", ""694f40da3fc2f04d68b12982""]",0.6500790000000001,0.40888,0.732162,0.24549,left,home,14.0615,1,backward,14.0615
