match_id,team_id,team_name,period_order,start_time,end_time,event_ids,x,y,to_x,to_y,attack_direction,ball_status,total_distance,num_of_passes,progress_direction,progress_distance
212200,13020.0,Equipo Rival 4,0,1746,9846,"[""69696514169e17de1daeaa01"", ""69696514169e17de1daeaa02"", ""69696514169e17de1daeaa03"", ""69696514169e17de1daeaa04"", ""69696514169e17de1daeaa06""]",0.504144,0.47195,0.725445,0.127084,right,home,73.8389,3,backward,33.0134
212200,12987.0,Tu Equipo,0,9846,11846,"[""69696514169e17de1daeaa07"", ""69696514169e17de1daeaa08""]",0.725445,0.127084,0.738128,0.0217562,left,away,7.285,1,backward,7.285
212200,,,0,11846,14598,[],0.873948,0.059235999999999955,0.873948,0.059235999999999955,,neutral,0.0,0,,0.0
212200,13020.0,Equipo Rival 4,0,14598,16713,"[""69696514169e17de1daeaa09"", ""69696514169e17de1daeaa0a""]",0.873948,0.059235999999999955,0.925386,0.008091999999999988,right,home,6.4238,1,backward,6.4238
212200,,,0,16713,45146,"[""69696514169e17de1daeaa0b""]",0.909195,0.0,0.909195,0.0,,ballout,0.0,0,,0.0
212200,13020.0,Equipo Rival 4,0,45146,45146,"[""69696514169e17de1daeaa0c""]",0.909195,0.0,0.909195,0.0,right,home,0.0,1,sideways,0.0
212200,,,0,45146,48673,"[""69696514169e17de1daeaa0d""]",0.9664279,0.304212,0.94872,0.03703299999999998,,neutral,18.2631,0,,18.2631
212200,13020.0,Equipo Rival 4,0,48673,51413,"[""69696514169e17de1daeaa0e"", ""69696514169e17de1daeaa0f"", ""69696514169e17de1daeaa11""]",0.94872,0.03703299999999998,0.969683,0.40943799999999997,right,home,25.419,0,forward,25.419
212200,,,0,51413,58854,"[""69696514169e17de1daeaa12"", ""69696514169e17de1daeaa13"", ""69696514169e17de1daeaa15"", ""69696514169e17de1daeaa16"", ""69696514169e17de1daeaa18"", ""69696514169e17de1daeaa19""]",0.9664023,0.502322,0.818619,0.359669,,neutral,18.2998,0,,18.2998
212200,13020.0,Equipo Rival 4,0,58854,59646,"[""69696514169e17de1daeaa1b"", ""69696514169e17de1daeaa1c""]",0.818619,0.359669,0.82953,0.32479,right,home,2.634,0,backward,2.634
212200,,,0,59646,91946,[],0.953797,0.508831,0.953797,0.508831,,ballout,0.0,0,,0.0
212200,12987.0,Tu Equipo,0,91946,99680,"[""69696514169e17de1daeaa1d"", ""69696514169e17de1daeaa1e"", ""69696514169e17de1daeaa1f"", ""69696514169e17de1daeaa20"", ""69696514169e17de1daeaa22""]",0.953797,0.508831,0.785657,0.958947,left,away,33.1456,3,forward,35.3346
212200,,,0,99680,101543,"[""69696514169e17de1daeaa24""]",0.646026,0.872079,0.646026,0.872079,,neutral,0.0,0,,0.0
212200,,,0,101543,117413,[],0.567956,1.0,0.567956,1.0,,ballout,0.0,0,,0.0
212200,12987.0,Tu Equipo,0,117413,130871,"[""69696514169e17de1daeaa25"", ""69696514169e17de1daeaa26"", ""69696514169e17de1daeaa28"", ""69696514169e17de1daeaa29"", ""69696514169e17de1daeaa2a"", ""69696514169e17de1daeaa2b"", ""69696514169e17de1daeaa2c"", ""69696514169e17de1daeaa2d"", ""69696514169e17de1daeaa2f"", ""69696514169e17de1daeaa30"", ""69696514169e17de1daeaa32"", ""69696514169e17de1daeaa34""]",0.567956,1.0,0.325238,0.04435,left,away,80.0135,6,backward,69.8029
212200,,,0,130871,142746,[],0.37854600000000005,0.0,0.37854600000000005,0.0,,ballout,0.0,0,,0.0
212200,12987.0,Tu Equipo,0,142746,142746,"[""69696514169e17de1daeaa35""]",0.37854600000000005,0.0,0.37854600000000005,0.0,left,away,0.0,1,sideways,0.0
212200,,,0,142746,148746,"[""69696514169e17de1daeaa37"", ""69696514169e17de1daeaa38""]",0.229803,0.115672,0.377234,0.20157899999999995,,neutral,16.5458,0,,16.5458
212200,13020.0,Equipo Rival 4,0,148746,148746,"[""69696514169e17de1daeaa39""]",0.377234,0.20157899999999995,0.377234,0.20157899999999995,right,home,0.0,1,sideways,0.0
212200,,,0,148746,162513,[],0.552563,0.0,0.552563,0.0,,ballout,0.0,0,,0.0
212200,12987.0,Tu Equipo,0,162513,165833,"[""69696514169e17de1daeaa3a"", ""69696514169e17de1daeaa3b"", ""69696514169e17de1daeaa3c"", ""69696514169e17de1daeaa3d""]",0.552563,0.0,0.388931,0.11621700000000001,left,away,30.5779,2,forward,18.9117
212200,,,0,165833,166646,[],0.366428,0.162991,0.366428,0.162991,,neutral,0.0,0,,0.0
212200,13020.0,Equipo Rival 4,0,166646,166646,"[""69696514169e17de1daeaa3e""]",0.366428,0.162991,0.366428,0.162991,right,home,0.0,1,sideways,0.0
212200,,,0,166646,169066,"[""69696514169e17de1daeaa3f""]",0.301987,0.236433,0.301987,0.236433,,neutral,0.0,0,,0.0
212200,13020.0,Equipo Rival 4,0,169066,171225,"[""69696514169e17de1daeaa40"", ""69696514169e17de1daeaa41""]",0.301987,0.236433,0.10253,0.46519699999999997,right,home,26.0882,2,forward,26.0882
212200,,,0,171225,173113,[],0.439847,0.669249,0.439847,0.669249,,neutral,0.0,0,,0.0
212200,12987.0,Tu Equipo,0,173113,182513,"[""69696514169e17de1daeaa42"", ""69696514169e17de1daeaa43"", ""69696514169e17de1daeaa44"", ""69696514169e17de1daeaa45"", ""69696514169e17de1daeaa46"", ""69696514169e17de1daeaa47"", ""69696514169e17de1daeaa48"", ""69696514169e17de1daeaa49"", ""69696514169e17de1daeaa4a""]",0.439847,0.669249,0.28515999999999997,0.97896,left,away,47.8513,5,forward,26.596
212200,,,0,182513,185626,"[""69696514169e17de1daeaa4c""]",0.0822617,0.717908,0.0822617,0.717908,,neutral,0.0,0,,0.0
212200,,,0,185626,202547,[],0.0776037,0.580948,0.0776037,0.580948,,ballout,0.0,0,,0.0
212200,13020.0,Equipo Rival 4,0,202547,205233,"[""69696514169e17de1daeaa4d"", ""69696514169e17de1daeaa4e"", ""69696514169e17de1daeaa4f""]",0.0776037,0.580948,0.0529208,0.48118700000000003,right,home,9.1254,2,backward,7.262
212200,,,0,205233,210046,"[""69696514169e17de1daeaa50""]",0.530184,0.337039,0.530184,0.337039,,neutral,0.0,0,,0.0
212200,12987.0,Tu Equipo,0,210046,210046,"[""69696514169e17de1daeaa52""]",0.530184,0.337039,0.530184,0.337039,left,away,0.0,1,sideways,0.0
212200,,,0,210046,211600,[],0.43681,0.28120199999999995,0.43681,0.28120199999999995,,neutral,0.0,0,,0.0
212200,13020.0,Equipo Rival 4,0,211600,211600,"[""69696514169e17de1daeaa53""]",0.43681,0.28120199999999995,0.43681,0.28120199999999995,right,home,0.0,1,sideways,0.0
212200,,,0,211600,213980,[],0.561747,0.0855306,0.561747,0.0855306,,neutral,0.0,0,,0.0
212200,12987.0,Tu Equipo,0,213980,213980,"[""69696514169e17de1daeaa54""]",0.561747,0.0855306,0.561747,0.0855306,left,away,0.0,1,sideways,0.0
212200,,,0,213980,225634,[],0.517938,0.0,0.517938,0.0,,ballout,0.0,0,,0.0
212200,13020.0,Equipo Rival 4,0,225634,226526,"[""69696514169e17de1daeaa55"", ""69696514169e17de1daeaa56""]",0.517938,0.0,0.510529,0.06456600000000001,right,home,4.4589,2,forward,4.4589
212200,,,0,226526,230801,"[""69696514169e17de1daeaa58"", ""69696514169e17de1daeaa59""]",0.7019610000000001,0.0803124,0.542368,0.07989199999999996,,neutral,16.7573,0,,16.7573
212200,13020.0,Equipo Rival 4,0,230801,235913,"[""69696514169e17de1daeaa5a"", ""69696514169e17de1daeaa5b"", ""69696514169e17de1daeaa5c""]",0.542368,0.07989199999999996,0.9239022,0.168905,right,home,34.7589,1,sideways,40.5158
212200,,,0,235913,237913,"[""69696514169e17de1daeaa5d""]",0.888258,0.0915654,0.888258,0.0915654,,neutral,0.0,0,,0.0
212200,,,0,237913,248986,[],0.674215,0.0,0.674215,0.0,,ballout,0.0,0,,0.0
212200,13020.0,Equipo Rival 4,0,248986,251713,"[""69696514169e17de1daeaa5e"", ""69696514169e17de1daeaa5f"", ""69696514169e17de1daeaa61""]",0.674215,0.0,0.8572,0.138421,right,home,15.6034,1,forward,21.3952
212200,,,0,251713,253932,[],0.715472,0.30167600000000006,0.715472,0.30167600000000006,,neutral,0.0,0,,0.0
212200,13020.0,Equipo Rival 4,0,253932,255332,"[""69696514169e17de1daeaa62"", ""69696514169e17de1daeaa63""]",0.715472,0.30167600000000006,0.776361,0.440593,right,home,11.4065,0,forward,11.4065
212200,,,0,255332,272746,[],0.9598851,0.49786,0.9598851,0.49786,,ballout,0.0,0,,0.0
212200,12987.0,Tu Equipo,0,272746,286148,"[""69696514169e17de1daeaa64"", ""69696514169e17de1daeaa65"", ""69696514169e17de1daeaa66"", ""69696514169e17de1daeaa67"", ""69696514169e17de1daeaa68"", ""69696514169e17de1daeaa69"", ""69696514169e17de1daeaa6a"", ""69696514169e17de1daeaa6b"", ""69696514169e17de1daeaa6c"", ""69696514169e17de1daeaa6e"", ""69696514169e17de1daeaa6f"", ""69696514169e17de1daeaa70""]",0.9598851,0.49786,0.524388,0.022839000000000054,left,away,60.6494,5,backward,55.9853
212200,,,0,286148,288280,[],0.485645,0.415477,0.485645,0.415477,,neutral,0.0,0,,0.0
212200,12987.0,Tu Equipo,0,288280,289163,"[""69696514169e17de1daeaa71"", ""69696514169e17de1daeaa72""]",0.485645,0.415477,0.462179,0.34638199999999997,left,away,5.3053,0,backward,5.3053
212200,,,0,289163,293646,"[""69696514169e17de1daeaa73""]",0.633668,0.384826,0.633668,0.384826,,neutral,0.0,0,,0.0
212200,12987.0,Tu Equipo,0,293646,293646,"[""69696514169e17de1daeaa75""]",0.633668,0.384826,0.633668,0.384826,left,away,0.0,1,sideways,0.0
212200,,,0,293646,296578,"[""69696514169e17de1daeaa76"", ""69696514169e17de1daeaa77""]",0.434741,0.30830100000000005,0.434741,0.30830100000000005,,neutral,0.0,0,,0.0
212200,,,0,296578,322014,[],0.425282,0.36416800000000005,0.425282,0.36416800000000005,,ballout,0.0,0,,0.0
212200,13020.0,Equipo Rival 4,0,322014,324716,"[""69696514169e17de1daeaa78"", ""69696514169e17de1daeaa79""]",0.425282,0.36416800000000005,0.780485,0.12256800000000001,right,home,40.7544,1,backward,40.7544
212200,,,0,324716,325713,[],0.81517,0.291968,0.81517,0.291968,,neutral,0.0,0,,0.0
212200,12987.0,Tu Equipo,0,325713,327713,"[""69696514169e17de1daeaa7a"", ""69696514169e17de1daeaa7b"", ""69696514169e17de1daeaa7c"", ""69696514169e17de1daeaa7d""]",0.81517,0.291968,0.777469,0.298433,left,away,18.4069,3,sideways,3.9829
212200,,,0,327713,328445,[],0.681938,0.25199800000000006,0.681938,0.25199800000000006,,neutral,0.0,0,,0.0
212200,13020.0,Equipo Rival 4,0,328445,334646,"[""69696514169e17de1daeaa7f"", ""69696514169e17de1daeaa80"", ""69696514169e17de1daeaa81"", ""69696514169e17de1daeaa82"", ""69696514169e17de1daeaa83"", ""69696514169e17de1daeaa84"", ""69696514169e17de1daeaa85""]",0.681938,0.25199800000000006,0.827647,0.018491999999999953,right,home,41.6038,4,backward,22.0499
212200,,,0,334646,336080,"[""69696514169e17de1daeaa86""]",0.9039974,0.379193,0.9039974,0.379193,,neutral,0.0,0,,0.0
212200,,,0,336080,355275,[],0.700433,0.0,0.700433,0.0,,ballout,0.0,0,,0.0
212200,13020.0,Equipo Rival 4,0,355275,358007,"[""69696514169e17de1daeaa87"", ""69696514169e17de1daeaa88"", ""69696514169e17de1daeaa89"", ""69696514169e17de1daeaa8a""]",0.700433,0.0,0.714167,0.017096,right,home,14.195,2,forward,1.8523
212200,,,0,358007,358276,"[""69696514169e17de1daeaa8b""]",0.734279,0.0196371,0.734279,0.0196371,,neutral,0.0,0,,0.0
212200,,,0,358276,383946,[],0.815485,0.0,0.815485,0.0,,ballout,0.0,0,,0.0
212200,12987.0,Tu Equipo,0,383946,402687,"[""69696514169e17de1daeaa8c"", ""69696514169e17de1daeaa8d"", ""69696514169e17de1daeaa8e"", ""69696514169e17de1daeaa8f"", ""69696514169e17de1daeaa90"", ""69696514169e17de1daeaa91"", ""69696514169e17de1daeaa92"", ""69696514169e17de1daeaa93"", ""69696514169e17de1daeaa95"", ""69696514169e17de1daeaa96"", ""69696514169e17de1daeaa97"", ""69696514169e17de1daeaa98""]",0.815485,0.0,0.476893,0.0234317,left,away,155.0482,7,sideways,35.5878
212200,,,0,402687,419680,[],0.403258,0.0009609999999999896,0.403258,0.0009609999999999896,,ballout,0.0,0,,0.0
212200,13020.0,Equipo Rival 4,0,419680,424213,"[""69696514169e17de1daeaa99"", ""69696514169e17de1daeaa9a"", ""69696514169e17de1daeaa9c""]",0.403258,0.0009609999999999896,0.59478,0.032582,right,home,22.0922,2,sideways,20.2244
212200,,,0,424213,426131,"[""69696514169e17de1daeaa9d"", ""69696514169e17de1daeaa9e"", ""69696514169e17de1daeaa9f""]",0.436547,0.07225400000000004,0.436547,0.07225400000000004,,neutral,0.0,0,,0.0
212200,,,0,426131,434707,[],0.445168,0.0,0.445168,0.0,,ballout,0.0,0,,0.0
212200,13020.0,Equipo Rival 4,0,434707,435626,"[""69696514169e17de1daeaaa0"", ""69696514169e17de1daeaaa1""]",0.445168,0.0,0.442682,0.061782000000000004,right,home,4.2093,2,forward,4.2093
212200,,,0,435626,439207,"[""69696514169e17de1daeaaa2"", ""69696514169e17de1daeaaa4""]",0.684442,0.0965679,0.594278,0.11716599999999999,,neutral,9.5703,0,,9.5703
212200,13020.0,Equipo Rival 4,0,439207,440113,"[""69696514169e17de1daeaaa5"", ""69696514169e17de1daeaaa6""]",0.594278,0.11716599999999999,0.62104,0.130917,right,home,2.9615,0,sideways,2.9615
212200,,,0,440113,442113,[],0.621613,0.0537926,0.621613,0.0537926,,neutral,0.0,0,,0.0
212200,12987.0,Tu Equipo,0,442113,442113,"[""69696514169e17de1daeaaa7""]",0.621613,0.0537926,0.621613,0.0537926,left,away,0.0,1,sideways,0.0
212200,,,0,442113,443046,"[""69696514169e17de1daeaaa8""]",0.557878,0.0857325,0.557878,0.0857325,,neutral,0.0,0,,0.0
212200,12987.0,Tu Equipo,0,443046,444213,"[""69696514169e17de1daeaaa9"", ""69696514169e17de1daeaaaa""]",0.557878,0.0857325,0.539792,0.0358641,left,away,3.8866,1,backward,3.8866
212200,,,0,444213,446013,[],0.455961,0.03414600000000001,0.455961,0.03414600000000001,,neutral,0.0,0,,0.0
212200,13020.0,Equipo Rival 4,0,446013,447154,"[""69696514169e17de1daeaaab"", ""69696514169e17de1daeaaac""]",0.455961,0.03414600000000001,0.491218,0.01793800000000001,right,home,3.8626,1,sideways,3.8626
212200,,,0,447154,473180,[],0.619738,0.0,0.619738,0.0,,ballout,0.0,0,,0.0
212200,12987.0,Tu Equipo,0,473180,473180,"[""69696514169e17de1daeaaad""]",0.619738,0.0,0.619738,0.0,left,away,0.0,1,sideways,0.0
212200,,,0,473180,474780,[],0.437106,0.05737800000000004,0.437106,0.05737800000000004,,neutral,0.0,0,,0.0
212200,13020.0,Equipo Rival 4,0,474780,482246,"[""69696514169e17de1daeaaae"", ""69696514169e17de1daeaaaf"", ""69696514169e17de1daeaab0"", ""69696514169e17de1daeaab1""]",0.437106,0.05737800000000004,0.8674850000000001,0.274609,right,home,49.962,2,sideways,47.5428
212200,,,0,482246,485373,"[""69696514169e17de1daeaab2""]",0.724864,0.14439000000000002,0.724864,0.14439000000000002,,neutral,0.0,0,,0.0
212200,13020.0,Equipo Rival 4,0,485373,485373,"[""69696514169e17de1daeaab4""]",0.724864,0.14439000000000002,0.724864,0.14439000000000002,right,home,0.0,0,sideways,0.0
212200,,,0,485373,486813,[],0.9706041,0.508831,0.9706041,0.508831,,neutral,0.0,0,,0.0
212200,12987.0,Tu Equipo,0,486813,499046,"[""69696514169e17de1daeaab5"", ""69696514169e17de1daeaab6"", ""69696514169e17de1daeaab7"", ""69696514169e17de1daeaab8"", ""69696514169e17de1daeaab9"", ""69696514169e17de1daeaaba""]",0.9706041,0.508831,0.7447239999999999,0.424896,left,away,18.9058,3,sideways,24.3945
212200,,,0,499046,501238,"[""69696514169e17de1daeaabc""]",0.649108,0.484417,0.685191,0.5244679999999999,,neutral,4.666,0,,4.666
212200,13020.0,Equipo Rival 4,0,501238,502844,"[""69696514169e17de1daeaabe""]",0.685191,0.5244679999999999,0.66132,0.604553,right,home,5.9949,0,forward,5.9949
212200,13020.0,Equipo Rival 4,0,502844,503637,"[""69696514169e17de1daeaabf""]",0.66132,0.604553,0.693291,0.609747,right,home,3.3755,0,sideways,3.3755
212200,12987.0,Tu Equipo,0,503637,510813,"[""69696514169e17de1daeaac1"", ""69696514169e17de1daeaac2"", ""69696514169e17de1daeaac5"", ""69696514169e17de1daeaac6"", ""69696514169e17de1daeaac7"", ""69696514169e17de1daeaac8"", ""69696514169e17de1daeaac9"", ""69696514169e17de1daeaacb""]",0.693291,0.609747,0.6765209999999999,0.699755,left,away,32.1925,3,forward,6.3688
212200,,,0,510813,511892,[],0.661263,0.617313,0.661263,0.617313,,neutral,0.0,0,,0.0
212200,13020.0,Equipo Rival 4,0,511892,514846,"[""69696514169e17de1daeaacc"", ""69696514169e17de1daeaacd"", ""69696514169e17de1daeaace""]",0.661263,0.617313,0.6351,0.7312799999999999,right,home,6.5007,2,forward,8.2222
212200,,,0,514846,516789,[],0.798959,0.622933,0.798959,0.622933,,neutral,0.0,0,,0.0
212200,12987.0,Tu Equipo,0,516789,525880,"[""69696514169e17de1daeaacf"", ""69696514169e17de1daeaad0"", ""69696514169e17de1daeaad1"", ""69696514169e17de1daeaad2"", ""69696514169e17de1daeaad4"", ""69696514169e17de1daeaad5"", ""69696514169e17de1daeaad6""]",0.798959,0.622933,0.7322310000000001,0.0532586,left,away,79.2947,5,backward,39.3664
212200,,,0,525880,527146,[],0.727749,0.23660899999999996,0.727749,0.23660899999999996,,neutral,0.0,0,,0.0
212200,13020.0,Equipo Rival 4,0,527146,530824,"[""69696514169e17de1daeaad7"", ""69696514169e17de1daeaad8"", ""69696514169e17de1daeaad9"", ""69696514169e17de1daeaadc""]",0.727749,0.23660899999999996,0.674247,0.302964,right,home,9.7904,2,forward,7.2054
212200,,,0,530824,531280,[],0.745027,0.430535,0.745027,0.430535,,neutral,0.0,0,,0.0
212200,12987.0,Tu Equipo,0,531280,537093,"[""69696514169e17de1daeaadd"", ""69696514169e17de1daeaade"", ""69696514169e17de1daeaadf"", ""69696514169e17de1daeaae0"", ""69696514169e17de1daeaae1""]",0.745027,0.430535,0.672817,0.7432810000000001,left,away,25.1468,2,forward,22.5779
212200,,,0,537093,538738,[],0.717424,0.868426,0.717424,0.868426,,neutral,0.0,0,,0.0
212200,13020.0,Equipo Rival 4,0,538738,540666,"[""69696514169e17de1daeaae2"", ""69696514169e17de1daeaae4""]",0.717424,0.868426,0.671655,0.886399,right,home,4.9587,1,sideways,4.9587
212200,,,0,540666,567846,[],0.774517,1.0,0.774517,1.0,,ballout,0.0,0,,0.0
212200,12987.0,Tu Equipo,0,567846,577913,"[""69696514169e17de1daeaae5"", ""69696514169e17de1daeaae6"", ""69696514169e17de1daeaae7"", ""69696514169e17de1daeaae9"", ""69696514169e17de1daeaaea"", ""69696514169e17de1daeaaeb"", ""69696514169e17de1daeaaec"", ""69696514169e17de1daeaaed""]",0.774517,1.0,0.824141,0.336017,left,away,48.052,5,backward,45.4505
212200,,,0,577913,579562,[],0.476478,0.17682299999999995,0.476478,0.17682299999999995,,neutral,0.0,0,,0.0
212200,13020.0,Equipo Rival 4,0,579562,579562,"[""69696514169e17de1daeaaee""]",0.476478,0.17682299999999995,0.476478,0.17682299999999995,right,home,0.0,1,sideways,0.0
212200,,,0,579562,581713,[],0.771922,0.368412,0.771922,0.368412,,neutral,0.0,0,,0.0
212200,12987.0,Tu Equipo,0,581713,581713,"[""69696514169e17de1daeaaef""]",0.771922,0.368412,0.771922,0.368412,left,away,0.0,1,sideways,0.0
212200,,,0,581713,583343,[],0.57138,0.26349,0.57138,0.26349,,neutral,0.0,0,,0.0
212200,13020.0,Equipo Rival 4,0,583343,593861,"[""69696514169e17de1daeaaf0"", ""69696514169e17de1daeaaf1"", ""69696514169e17de1daeaaf2"", ""69696514169e17de1daeaaf3"", ""69696514169e17de1daeaaf4"", ""69696514169e17de1daeaaf5"", ""69696514169e17de1daeaaf6"", ""69696514169e17de1daeaaf7""]",0.57138,0.26349,0.131882,0.433816,right,home,53.242,4,sideways,47.5786
212200,,,0,593861,600013,[],0.47423099999999996,1.0,0.47423099999999996,1.0,,ballout,0.0,0,,0.0
212200,12987.0,Tu Equipo,0,600013,627680,"[""69696514169e17de1daeaaf8"", ""69696514169e17de1daeaaf9"", ""69696514169e17de1daeaafa"", ""69696514169e17de1daeaafb"", ""69696514169e17de1daeaafc"", ""69696514169e17de1daeaafd"", ""69696514169e17de1daeaafe"", ""69696514169e17de1daeaaff"", ""69696514169e17de1daeab00"", ""69696514169e17de1daeab01"", ""69696514169e17de1daeab02"", ""69696514169e17de1daeab03"", ""69696514169e17de1daeab04"", ""69696514169e17de1daeab05"", ""69696514169e17de1daeab06"", ""69696514169e17de1daeab07"", ""69696514169e17de1daeab08"", ""69696514169e17de1daeab09"", ""69696514169e17de1daeab0a""]",0.47423099999999996,1.0,0.20132499999999998,0.287353,left,away,162.9531,10,backward,56.2982
212200,,,0,627680,629251,"[""69696514169e17de1daeab0b""]",0.0425823,0.400548,0.0425823,0.400548,,neutral,0.0,0,,0.0
212200,13020.0,Equipo Rival 4,0,629251,640358,"[""69696514169e17de1daeab0c"", ""69696514169e17de1daeab0d"", ""69696514169e17de1daeab0e"", ""69696514169e17de1daeab0f"", ""69696514169e17de1daeab10"", ""69696514169e17de1daeab11""]",0.0425823,0.400548,0.171059,0.838013,right,home,25.3353,3,forward,32.6635
212200,,,0,640358,665446,[],0.967109,0.498453,0.967109,0.498453,,ballout,0.0,0,,0.0
212200,12987.0,Tu Equipo,0,665446,669846,"[""69696514169e17de1daeab12"", ""69696514169e17de1daeab13"", ""69696514169e17de1daeab14"", ""69696514169e17de1daeab15"", ""69696514169e17de1daeab16""]",0.967109,0.498453,0.9500371,0.491773,left,away,16.2089,3,sideways,1.8492
212200,,,0,669846,686946,[],0.693481,0.0020599999999999508,0.693481,0.0020599999999999508,,ballout,0.0,0,,0.0
212200,13020.0,Equipo Rival 4,0,686946,693549,"[""69696514169e17de1daeab17"", ""69696514169e17de1daeab18"", ""69696514169e17de1daeab1a"", ""69696514169e17de1daeab1b"", ""69696514169e17de1daeab1c"", ""69696514169e17de1daeab1d"", ""69696514169e17de1daeab1e"", ""69696514169e17de1daeab1f""]",0.693481,0.0020599999999999508,0.852327,0.17665200000000003,right,home,26.6297,4,forward,20.4728
212200,,,0,693549,711246,[],0.9638586,0.494917,0.9638586,0.494917,,ballout,0.0,0,,0.0
212200,12987.0,Tu Equipo,0,711246,714513,"[""69696514169e17de1daeab20"", ""69696514169e17de1daeab21""]",0.9638586,0.494917,0.5491159999999999,0.952255,left,away,53.5124,2,forward,53.5124
212200,,,0,714513,717080,[],0.364865,0.793489,0.364865,0.793489,,neutral,0.0,0,,0.0
212200,13020.0,Equipo Rival 4,0,717080,719313,"[""69696514169e17de1daeab22"", ""69696514169e17de1daeab23""]",0.364865,0.793489,0.616666,0.656649,right,home,28.0288,2,sideways,28.0288
212200,,,0,719313,748146,[],0.702407,0.690088,0.702407,0.690088,,ballout,0.0,0,,0.0
212200,12987.0,Tu Equipo,0,748146,748146,"[""69696514169e17de1daeab25""]",0.702407,0.690088,0.702407,0.690088,left,away,0.0,1,sideways,0.0
212200,,,0,748146,765311,[],0.304641,0.0,0.304641,0.0,,ballout,0.0,0,,0.0
212200,13020.0,Equipo Rival 4,0,765311,765311,"[""69696514169e17de1daeab26""]",0.304641,0.0,0.304641,0.0,right,home,0.0,1,sideways,0.0
212200,,,0,765311,793457,"[""69696514169e17de1daeab27""]",0.539649,0.0,0.539649,0.0,,ballout,0.0,0,,0.0
212200,13020.0,Equipo Rival 4,0,793457,800780,"[""69696514169e17de1daeab29"", ""69696514169e17de1daeab2b"", ""69696514169e17de1daeab2c"", ""69696514169e17de1daeab2e"", ""69696514169e17de1daeab30"", ""69696514169e17de1daeab33"", ""69696514169e17de1daeab34""]",0.539649,0.0,0.773121,0.297296,right,home,16.8692,1,forward,31.7751
212200,,,0,800780,801931,[],0.675383,0.26567399999999997,0.675383,0.26567399999999997,,neutral,0.0,0,,0.0
212200,13020.0,Equipo Rival 4,0,801931,807767,"[""69696514169e17de1daeab36"", ""69696514169e17de1daeab38"", ""69696514169e17de1daeab39"", ""69696514169e17de1daeab3a""]",0.675383,0.26567399999999997,0.812748,0.04962500000000003,right,home,8.3245,1,backward,20.588
212200,,,0,807767,839413,[],0.9522917,0.499564,0.9522917,0.499564,,ballout,0.0,0,,0.0
212200,12987.0,Tu Equipo,0,839413,859046,"[""69696514169e17de1daeab3b"", ""69696514169e17de1daeab3c"", ""69696514169e17de1daeab3d"", ""69696514169e17de1daeab3e"", ""69696514169e17de1daeab3f"", ""69696514169e17de1daeab40"", ""69696514169e17de1daeab41"", ""69696514169e17de1daeab42"", ""69696514169e17de1daeab43"", ""69696514169e17de1daeab44"", ""69696514169e17de1daeab45"", ""69696514169e17de1daeab46"", ""69696514169e17de1daeab47"", ""69696514169e17de1daeab48"", ""69696514169e17de1daeab49"", ""69696514169e17de1daeab4b""]",0.9522917,0.499564,0.895541,0.447155,left,away,119.3023,8,backward,6.9432
212200,,,0,859046,860817,[],0.731146,0.25439199999999995,0.731146,0.25439199999999995,,neutral,0.0,0,,0.0
212200,13020.0,Equipo Rival 4,0,860817,866489,"[""69696514169e17de1daeab4c"", ""69696514169e17de1daeab4d"", ""69696514169e17de1daeab4e"", ""69696514169e17de1daeab4f"", ""69696514169e17de1daeab50"", ""69696514169e17de1daeab51""]",0.731146,0.25439199999999995,0.528285,0.23156100000000002,right,home,26.9562,3,sideways,21.3569
212200,,,0,866489,867680,[],0.77034,0.148948,0.77034,0.148948,,neutral,0.0,0,,0.0
212200,12987.0,Tu Equipo,0,867680,867680,"[""69696514169e17de1daeab52""]",0.77034,0.148948,0.77034,0.148948,left,away,0.0,1,sideways,0.0
212200,,,0,867680,888564,[],0.719049,0.0,0.719049,0.0,,ballout,0.0,0,,0.0
212200,13020.0,Equipo Rival 4,0,888564,899480,"[""69696514169e17de1daeab53"", ""69696514169e17de1daeab54"", ""69696514169e17de1daeab55"", ""69696514169e17de1daeab56"", ""69696514169e17de1daeab57"", ""69696514169e17de1daeab58"", ""69696514169e17de1daeab59""]",0.719049,0.0,0.209546,0.33606100000000005,right,home,57.9796,4,forward,58.1742
212200,,,0,899480,917746,[],0.703947,0.243616,0.703947,0.243616,,ballout,0.0,0,,0.0
212200,12987.0,Tu Equipo,0,917746,933422,"[""69696514169e17de1daeab5b"", ""69696514169e17de1daeab5c"", ""69696514169e17de1daeab5d"", ""69696514169e17de1daeab5e"", ""69696514169e17de1daeab5f"", ""69696514169e17de1daeab60"", ""69696514169e17de1daeab61"", ""69696514169e17de1daeab62"", ""69696514169e17de1daeab63"", ""69696514169e17de1daeab64"", ""69696514169e17de1daeab65"", ""69696514169e17de1daeab66"", ""69696514169e17de1daeab67""]",0.703947,0.243616,0.528982,0.07070299999999996,left,away,105.5816,6,backward,21.8119
212200,,,0,933422,947880,[],0.49493200000000004,0.0,0.49493200000000004,0.0,,ballout,0.0,0,,0.0
212200,12987.0,Tu Equipo,0,947880,951156,"[""69696514169e17de1daeab68"", ""69696514169e17de1daeab6a""]",0.49493200000000004,0.0,0.31132,0.083654,left,away,20.5471,1,sideways,20.101
212200,13020.0,Equipo Rival 4,0,951156,952346,"[""69696514169e17de1daeab6b""]",0.31132,0.083654,0.32248699999999997,0.0831698,right,home,1.173,0,sideways,1.173
212200,12987.0,Tu Equipo,0,952346,985846,"[""69696514169e17de1daeab6c"", ""69696514169e17de1daeab6d"", ""69696514169e17de1daeab6e"", ""69696514169e17de1daeab6f"", ""69696514169e17de1daeab70"", ""69696514169e17de1daeab71"", ""69696514169e17de1daeab72"", ""69696514169e17de1daeab73"", ""69696514169e17de1daeab74"", ""69696514169e17de1daeab75"", ""69696514169e17de1daeab76"", ""69696514169e17de1daeab77"", ""69696514169e17de1daeab78"", ""69696514169e17de1daeab79"", ""69696514169e17de1daeab7a"", ""69696514169e17de1daeab7b"", ""69696514169e17de1daeab7c"", ""69696514169e17de1daeab7d"", ""69696514169e17de1daeab7e"", ""69696514169e17de1daeab7f"", ""69696514169e17de1daeab80"", ""69696514169e17de1daeab81""]",0.32248699999999997,0.0831698,0.04653300000000005,0.752091,left,away,171.4896,11,forward,53.9314
212200,,,0,985846,990546,[],0.03642599999999996,0.0867462,0.03642599999999996,0.0867462,,neutral,0.0,0,,0.0
212200,12987.0,Tu Equipo,0,990546,997913,"[""69696514169e17de1daeab82"", ""69696514169e17de1daeab83"", ""69696514169e17de1daeab84"", ""69696514169e17de1daeab85"", ""69696514169e17de1daeab86""]",0.03642599999999996,0.0867462,0.10545899999999997,0.418039,left,away,11.2436,2,forward,23.6653
212200,,,0,997913,999464,[],0.105918,0.533374,0.105918,0.533374,,neutral,0.0,0,,0.0
212200,13020.0,Equipo Rival 4,0,999464,999464,"[""69696514169e17de1daeab88""]",0.105918,0.533374,0.105918,0.533374,right,home,0.0,1,sideways,0.0
212200,,,0,999464,1031248,[],0.0,1.0,0.0,1.0,,ballout,0.0,0,,0.0
212200,12987.0,Tu Equipo,0,1031248,1031248,"[""69696514169e17de1daeab89""]",0.0,1.0,0.0,1.0,left,away,0.0,0,sideways,0.0
212200,,,0,1031248,1034287,"[""69696514169e17de1daeab8b""]",0.0920095,0.43526200000000004,0.134038,0.462796,,neutral,4.7938,0,,4.7938
212200,13020.0,Equipo Rival 4,0,1034287,1038799,"[""69696514169e17de1daeab8c"", ""69696514169e17de1daeab8d"", ""69696514169e17de1daeab8e"", ""69696514169e17de1daeab8f"", ""69696514169e17de1daeab90""]",0.134038,0.462796,0.391989,0.576773,right,home,20.0254,3,sideways,28.1719
212200,,,0,1038799,1041646,[],0.673152,0.660574,0.673152,0.660574,,neutral,0.0,0,,0.0
212200,12987.0,Tu Equipo,0,1041646,1045746,"[""69696514169e17de1daeab91"", ""69696514169e17de1daeab92"", ""69696514169e17de1daeab93"", ""69696514169e17de1daeab94"", ""69696514169e17de1daeab95""]",0.673152,0.660574,0.505277,0.851948,left,away,37.492,2,forward,21.9102
212200,,,0,1045746,1111246,[],0.468492,0.941663,0.468492,0.941663,,ballout,0.0,0,,0.0
212200,12987.0,Tu Equipo,0,1111246,1126761,"[""69696514169e17de1daeab97"", ""69696514169e17de1daeab98"", ""69696514169e17de1daeab9a"", ""69696514169e17de1daeab9b"", ""69696514169e17de1daeab9c"", ""69696514169e17de1daeab9d"", ""69696514169e17de1daeab9e"", ""69696514169e17de1daeab9f"", ""69696514169e17de1daeaba0"", ""69696514169e17de1daeaba2"", ""69696514169e17de1daeaba4"", ""69696514169e17de1daeaba5""]",0.468492,0.941663,0.585566,0.123512,left,away,76.4374,7,backward,56.9762
212200,,,0,1126761,1144113,[],0.6682669999999999,0.106412,0.6682669999999999,0.106412,,ballout,0.0,0,,0.0
212200,12987.0,Tu Equipo,0,1144113,1151480,"[""69696514169e17de1daeaba6"", ""69696514169e17de1daeaba7"", ""69696514169e17de1daeaba8"", ""69696514169e17de1daeaba9"", ""69696514169e17de1daeabaa"", ""69696514169e17de1daeabab"", ""69696514169e17de1daeabac""]",0.6682669999999999,0.106412,0.526122,0.937729,left,away,58.7783,4,forward,58.4667
212200,,,0,1151480,1152329,[],0.501285,0.753717,0.501285,0.753717,,neutral,0.0,0,,0.0
212200,13020.0,Equipo Rival 4,0,1152329,1153758,"[""69696514169e17de1daeabad"", ""69696514169e17de1daeabae"", ""69696514169e17de1daeabaf""]",0.501285,0.753717,0.572249,0.764254,right,home,7.6998,2,sideways,7.4856
212200,,,0,1153758,1154309,[],0.5585720000000001,0.732989,0.5585720000000001,0.732989,,neutral,0.0,0,,0.0
212200,12987.0,Tu Equipo,0,1154309,1171113,"[""69696514169e17de1daeabb0"", ""69696514169e17de1daeabb1"", ""69696514169e17de1daeabb2"", ""69696514169e17de1daeabb3"", ""69696514169e17de1daeabb4"", ""69696514169e17de1daeabb5"", ""69696514169e17de1daeabb6"", ""69696514169e17de1daeabb7"", ""69696514169e17de1daeabb8"", ""69696514169e17de1daeabb9""]",0.5585720000000001,0.732989,0.6695949999999999,0.225002,left,away,76.1851,5,backward,36.4571
212200,,,0,1171113,1174346,"[""69696514169e17de1daeabba""]",0.197718,0.551712,0.197718,0.551712,,neutral,0.0,0,,0.0
212200,,,0,1174346,1195446,[],0.229456,1.0,0.229456,1.0,,ballout,0.0,0,,0.0
212200,12987.0,Tu Equipo,0,1195446,1197680,"[""69696514169e17de1daeabbb"", ""69696514169e17de1daeabbc"", ""69696514169e17de1daeabbd"", ""69696514169e17de1daeabbe""]",0.229456,1.0,0.248911,0.982801,left,away,13.4931,2,backward,2.3539
212200,,,0,1197680,1266113,[],0.257433,0.948707,0.257433,0.948707,,ballout,0.0,0,,0.0
212200,12987.0,Tu Equipo,0,1266113,1266113,"[""69696514169e17de1daeabbf""]",0.257433,0.948707,0.257433,0.948707,left,away,0.0,0,sideways,0.0
212200,,,0,1266113,1268977,"[""69696514169e17de1daeabc0"", ""69696514169e17de1daeabc1""]",0.12984,0.488934,0.219672,0.5135540000000001,,neutral,9.5798,0,,9.5798
212200,13020.0,Equipo Rival 4,0,1268977,1275913,"[""69696514169e17de1daeabc2"", ""69696514169e17de1daeabc3"", ""69696514169e17de1daeabc4"", ""69696514169e17de1daeabc5""]",0.219672,0.5135540000000001,0.39474299999999996,0.975866,right,home,11.759,1,forward,36.4172
212200,,,0,1275913,1292213,[],0.356082,1.0,0.356082,1.0,,ballout,0.0,0,,0.0
212200,13020.0,Equipo Rival 4,0,1292213,1300280,"[""69696514169e17de1daeabc6"", ""69696514169e17de1daeabc7"", ""69696514169e17de1daeabc8"", ""69696514169e17de1daeabc9"", ""69696514169e17de1daeabca"", ""69696514169e17de1daeabcb"", ""69696514169e17de1daeabcc""]",0.356082,1.0,0.351709,0.544235,right,home,87.6525,5,backward,30.9954
212200,,,0,1300280,1322146,"[""69696514169e17de1daeabcd""]",0.407799,1.0,0.407799,1.0,,ballout,0.0,0,,0.0
212200,13020.0,Equipo Rival 4,0,1322146,1322146,"[""69696514169e17de1daeabcf""]",0.407799,1.0,0.407799,1.0,right,home,0.0,1,sideways,0.0
212200,,,0,1322146,1325613,"[""69696514169e17de1daeabd0""]",0.600704,0.949894,0.5884929999999999,0.933186,,neutral,1.7131,0,,1.7131
212200,12987.0,Tu Equipo,0,1325613,1330313,"[""69696514169e17de1daeabd2"", ""69696514169e17de1daeabd3"", ""69696514169e17de1daeabd4"", ""69696514169e17de1daeabd5""]",0.5884929999999999,0.933186,0.89874,0.736514,left,away,38.0075,3,backward,35.2143
212200,,,0,1330313,1334713,"[""69696514169e17de1daeabd6""]",0.409275,0.6779200000000001,0.5526610000000001,0.67994,,neutral,15.0562,0,,15.0562
212200,12987.0,Tu Equipo,0,1334713,1343546,"[""69696514169e17de1daeabd7"", ""69696514169e17de1daeabd8"", ""69696514169e17de1daeabd9"", ""69696514169e17de1daeabda"", ""69696514169e17de1daeabdb"", ""69696514169e17de1daeabdc"", ""69696514169e17de1daeabdd"", ""69696514169e17de1daeabdf"", ""69696514169e17de1daeabe0""]",0.5526610000000001,0.67994,0.478997,0.967698,left,away,50.3448,5,forward,21.0408
212200,,,0,1343546,1344057,[],0.491201,0.804801,0.491201,0.804801,,neutral,0.0,0,,0.0
212200,13020.0,Equipo Rival 4,0,1344057,1349962,"[""69696514169e17de1daeabe1"", ""69696514169e17de1daeabe2"", ""69696514169e17de1daeabe3"", ""69696514169e17de1daeabe4"", ""69696514169e17de1daeabe5""]",0.491201,0.804801,0.634097,0.31163700000000005,right,home,44.0262,2,backward,36.7387
212200,,,0,1349962,1350946,[],0.694719,0.337871,0.694719,0.337871,,neutral,0.0,0,,0.0
212200,12987.0,Tu Equipo,0,1350946,1354680,"[""69696514169e17de1daeabe6"", ""69696514169e17de1daeabe8""]",0.694719,0.337871,0.572287,0.190008,left,away,16.3204,1,backward,16.3204
212200,,,0,1354680,1356817,"[""69696514169e17de1daeabe9""]",0.388234,0.039868000000000015,0.388234,0.039868000000000015,,neutral,0.0,0,,0.0
212200,,,0,1356817,1370480,[],0.37307,0.000321925,0.37307,0.000321925,,ballout,0.0,0,,0.0
212200,12987.0,Tu Equipo,0,1370480,1370480,"[""69696514169e17de1daeabea""]",0.37307,0.000321925,0.37307,0.000321925,left,away,0.0,1,sideways,0.0
212200,,,0,1370480,1373650,"[""69696514169e17de1daeabec""]",0.0959621,0.06394100000000003,0.0959621,0.06394100000000003,,neutral,0.0,0,,0.0
212200,,,0,1373650,1393880,[],0.059087,0.0,0.059087,0.0,,ballout,0.0,0,,0.0
212200,12987.0,Tu Equipo,0,1393880,1396813,"[""69696514169e17de1daeabed"", ""69696514169e17de1daeabef"", ""69696514169e17de1daeabf0""]",0.059087,0.0,0.07621100000000003,0.421947,left,away,29.6272,2,forward,28.7487
212200,,,0,1396813,1434313,"[""69696514169e17de1daeabf1""]",0.0,0.993733,0.0,0.993733,,ballout,0.0,0,,0.0
212200,12987.0,Tu Equipo,0,1434313,1434313,"[""69696514169e17de1daeabf2""]",0.0,0.993733,0.0,0.993733,left,away,0.0,0,sideways,0.0
212200,,,0,1434313,1438913,"[""69696514169e17de1daeabf4""]",0.0805831,0.364289,0.24699000000000004,0.375146,,neutral,17.4883,0,,17.4883
212200,12987.0,Tu Equipo,0,1438913,1439894,"[""69696514169e17de1daeabf5""]",0.24699000000000004,0.375146,0.244108,0.35169700000000004,left,away,1.623,0,backward,1.623
212200,13020.0,Equipo Rival 4,0,1439894,1442480,"[""69696514169e17de1daeabf6"", ""69696514169e17de1daeabf7"", ""69696514169e17de1daeabf8"", ""69696514169e17de1daeabf9""]",0.244108,0.35169700000000004,0.064604,0.280034,right,home,13.171,1,sideways,19.4677
212200,,,0,1442480,1477613,"[""69696514169e17de1daeabfa""]",0.0,0.0,0.0,0.0,,ballout,0.0,0,,0.0
212200,12987.0,Tu Equipo,0,1477613,1481480,"[""69696514169e17de1daeabfb"", ""69696514169e17de1daeabfc"", ""69696514169e17de1daeabfd"", ""69696514169e17de1daeabfe""]",0.0,0.0,0.08823199999999998,0.494135,left,away,28.9746,2,forward,34.855
212200,,,0,1481480,1512179,[],0.118799,0.9822415,0.118799,0.9822415,,ballout,0.0,0,,0.0
212200,13020.0,Equipo Rival 4,0,1512179,1514440,"[""69696514169e17de1daeabff"", ""69696514169e17de1daeac00""]",0.118799,0.9822415,0.341695,0.9141916999999999,right,home,23.8572,2,sideways,23.8572
212200,,,0,1514440,1515446,[],0.31244799999999995,0.87779,0.31244799999999995,0.87779,,neutral,0.0,0,,0.0
212200,12987.0,Tu Equipo,0,1515446,1538438,"[""69696514169e17de1daeac01"", ""69696514169e17de1daeac02"", ""69696514169e17de1daeac03"", ""69696514169e17de1daeac04"", ""69696514169e17de1daeac05"", ""69696514169e17de1daeac06"", ""69696514169e17de1daeac07"", ""69696514169e17de1daeac08"", ""69696514169e17de1daeac09"", ""69696514169e17de1daeac0a"", ""69696514169e17de1daeac0b"", ""69696514169e17de1daeac0c"", ""69696514169e17de1daeac0d"", ""69696514169e17de1daeac0e"", ""69696514169e17de1daeac0f"", ""69696514169e17de1daeac10""]",0.31244799999999995,0.87779,0.207501,0.041591000000000045,left,away,104.6576,8,backward,57.9194
212200,,,0,1538438,1539049,[],0.181989,0.08575200000000005,0.181989,0.08575200000000005,,neutral,0.0,0,,0.0
212200,13020.0,Equipo Rival 4,0,1539049,1539049,"[""69696514169e17de1daeac11""]",0.181989,0.08575200000000005,0.181989,0.08575200000000005,right,home,0.0,1,sideways,0.0
212200,,,0,1539049,1543280,"[""69696514169e17de1daeac13""]",0.372278,0.181868,0.343657,0.039633,,neutral,10.1281,0,,10.1281
212200,12987.0,Tu Equipo,0,1543280,1548746,"[""69696514169e17de1daeac14"", ""69696514169e17de1daeac15"", ""69696514169e17de1daeac16"", ""69696514169e17de1daeac17""]",0.343657,0.039633,0.43203199999999997,0.146681,left,away,15.9118,2,forward,11.7938
212200,,,0,1548746,1551381,[],0.27628,0.41976,0.27628,0.41976,,neutral,0.0,0,,0.0
212200,13020.0,Equipo Rival 4,0,1551381,1553483,"[""69696514169e17de1daeac18"", ""69696514169e17de1daeac19"", ""69696514169e17de1daeac1a""]",0.27628,0.41976,0.111395,0.438762,right,home,17.2544,2,sideways,17.3611
212200,,,0,1553483,1559378,[],0.884984,0.628773,0.884984,0.628773,,neutral,0.0,0,,0.0
212200,12987.0,Tu Equipo,0,1559378,1592113,"[""69696514169e17de1daeac1b"", ""69696514169e17de1daeac1c"", ""69696514169e17de1daeac1d"", ""69696514169e17de1daeac1e"", ""69696514169e17de1daeac1f"", ""69696514169e17de1daeac20"", ""69696514169e17de1daeac21"", ""69696514169e17de1daeac22"", ""69696514169e17de1daeac23"", ""69696514169e17de1daeac24"", ""69696514169e17de1daeac25"", ""69696514169e17de1daeac26"", ""69696514169e17de1daeac27"", ""69696514169e17de1daeac28"", ""69696514169e17de1daeac29"", ""69696514169e17de1daeac2a"", ""69696514169e17de1daeac2b"", ""69696514169e17de1daeac2c"", ""69696514169e17de1daeac2d""]",0.884984,0.628773,0.016874999999999973,0.074151,left,away,178.4037,9,backward,98.6456
212200,,,0,1592113,1595185,"[""69696514169e17de1daeac2e""]",0.0375559,0.15070399999999995,0.0924223,0.18748900000000002,,neutral,6.2806,0,,6.2806
212200,13020.0,Equipo Rival 4,0,1595185,1603741,"[""69696514169e17de1daeac2f"", ""69696514169e17de1daeac30"", ""69696514169e17de1daeac31"", ""69696514169e17de1daeac32"", ""69696514169e17de1daeac33""]",0.0924223,0.18748900000000002,0.624425,0.07088899999999998,right,home,27.6523,2,sideways,56.4202
212200,,,0,1603741,1623613,[],0.546029,0.0,0.546029,0.0,,ballout,0.0,0,,0.0
212200,12987.0,Tu Equipo,0,1623613,1623613,"[""69696514169e17de1daeac34""]",0.546029,0.0,0.546029,0.0,left,away,0.0,1,sideways,0.0
212200,,,0,1623613,1625247,"[""69696514169e17de1daeac35""]",0.373011,0.061185000000000045,0.373011,0.061185000000000045,,neutral,0.0,0,,0.0
212200,,,0,1625247,1638213,[],0.40303999999999995,0.00315142,0.40303999999999995,0.00315142,,ballout,0.0,0,,0.0
212200,12987.0,Tu Equipo,0,1638213,1638213,"[""69696514169e17de1daeac36""]",0.40303999999999995,0.00315142,0.40303999999999995,0.00315142,left,away,0.0,1,sideways,0.0
212200,,,0,1638213,1640076,"[""69696514169e17de1daeac38""]",0.201546,0.08295399999999997,0.201546,0.08295399999999997,,neutral,0.0,0,,0.0
212200,,,0,1640076,1661013,[],0.162359,0.0,0.162359,0.0,,ballout,0.0,0,,0.0
212200,13020.0,Equipo Rival 4,0,1661013,1661013,"[""69696514169e17de1daeac39""]",0.162359,0.0,0.162359,0.0,right,home,0.0,1,sideways,0.0
212200,,,0,1661013,1667756,"[""69696514169e17de1daeac3a""]",0.408246,0.0945516,0.303638,0.05276800000000004,,neutral,11.3454,0,,11.3454
212200,13020.0,Equipo Rival 4,0,1667756,1667756,"[""69696514169e17de1daeac3c""]",0.303638,0.05276800000000004,0.303638,0.05276800000000004,right,home,0.0,1,sideways,0.0
212200,,,0,1667756,1668713,"[""69696514169e17de1daeac3d""]",0.469881,0.0584249,0.469881,0.0584249,,neutral,0.0,0,,0.0
212200,,,0,1668713,1701653,[],0.532096,0.0,0.532096,0.0,,ballout,0.0,0,,0.0
212200,13020.0,Equipo Rival 4,0,1701653,1710109,"[""69696514169e17de1daeac3f"", ""69696514169e17de1daeac40"", ""69696514169e17de1daeac41"", ""69696514169e17de1daeac42"", ""69696514169e17de1daeac43""]",0.532096,0.0,0.171201,0.592163,right,home,79.2908,4,forward,55.2937
212200,,,0,1710109,1714546,[],0.898209,0.39776,0.898209,0.39776,,neutral,0.0,0,,0.0
212200,12987.0,Tu Equipo,0,1714546,1726846,"[""69696514169e17de1daeac44"", ""69696514169e17de1daeac45"", ""69696514169e17de1daeac46"", ""69696514169e17de1daeac47"", ""69696514169e17de1daeac48"", ""69696514169e17de1daeac49""]",0.898209,0.39776,0.6827829999999999,0.894423,left,away,48.978,4,forward,40.6482
212200,,,0,1726846,1728201,[],0.516132,0.635208,0.516132,0.635208,,neutral,0.0,0,,0.0
212200,13020.0,Equipo Rival 4,0,1728201,1731432,"[""69696514169e17de1daeac4a"", ""69696514169e17de1daeac4b"", ""69696514169e17de1daeac4c"", ""69696514169e17de1daeac4d"", ""69696514169e17de1daeac4e""]",0.516132,0.635208,0.529765,0.717503,right,home,25.435,3,forward,5.7762
212200,,,0,1731432,1736013,"[""69696514169e17de1daeac4f""]",0.9290156,0.868792,0.9290156,0.868792,,neutral,0.0,0,,0.0
212200,12987.0,Tu Equipo,0,1736013,1754846,"[""69696514169e17de1daeac50"", ""69696514169e17de1daeac51"", ""69696514169e17de1daeac52"", ""69696514169e17de1daeac53""]",0.9290156,0.868792,0.9291323,0.338611,left,away,19.8381,3,backward,36.0523
212200,,,0,1754846,1757118,[],0.74872,0.427945,0.74872,0.427945,,neutral,0.0,0,,0.0
212200,13020.0,Equipo Rival 4,0,1757118,1759780,"[""69696514169e17de1daeac54"", ""69696514169e17de1daeac55""]",0.74872,0.427945,0.815941,0.48449,right,home,8.0376,1,forward,8.0376
212200,,,0,1759780,1761113,"[""69696514169e17de1daeac56"", ""69696514169e17de1daeac57""]",0.848753,0.53812,0.84245,0.541375,,neutral,0.6978,0,,0.6978
212200,,,0,1761113,1789721,[],0.933946,0.9979974,0.933946,0.9979974,,ballout,0.0,0,,0.0
212200,13020.0,Equipo Rival 4,0,1789721,1789721,"[""69696514169e17de1daeac59""]",0.933946,0.9979974,0.933946,0.9979974,right,home,0.0,1,sideways,0.0
212200,,,0,1789721,1794846,"[""69696514169e17de1daeac5a"", ""69696514169e17de1daeac5b"", ""69696514169e17de1daeac5d""]",0.9180819,0.622734,0.900611,0.639086,,neutral,2.1451,0,,2.1451
212200,13020.0,Equipo Rival 4,0,1794846,1795555,"[""69696514169e17de1daeac5e"", ""69696514169e17de1daeac5f""]",0.900611,0.639086,0.920436,0.642918,right,home,2.0979,1,sideways,2.0979
212200,,,0,1795555,1796413,"[""69696514169e17de1daeac60""]",0.9151624,0.61645,0.931148,0.684833,,neutral,4.9437,0,,4.9437
212200,13020.0,Equipo Rival 4,0,1796413,1802743,"[""69696514169e17de1daeac61"", ""69696514169e17de1daeac62"", ""69696514169e17de1daeac63"", ""69696514169e17de1daeac65""]",0.931148,0.684833,1.0,0.473502,right,home,9.4302,1,backward,16.0865
212200,,,0,1802743,1804127,"[""69696514169e17de1daeac66""]",0.963406,0.35827299999999995,0.963406,0.35827299999999995,,neutral,0.0,0,,0.0
212200,13020.0,Equipo Rival 4,0,1804127,1814546,"[""69696514169e17de1daeac67"", ""69696514169e17de1daeac68"", ""69696514169e17de1daeac69"", ""69696514169e17de1daeac6a"", ""69696514169e17de1daeac6b"", ""69696514169e17de1daeac6c""]",0.963406,0.35827299999999995,0.924378,0.05377299999999996,right,home,16.1852,2,backward,21.1076
212200,,,0,1814546,1821946,"[""69696514169e17de1daeac6d"", ""69696514169e17de1daeac6e"", ""69696514169e17de1daeac6f""]",0.9832094,0.274516,0.9643014,0.606462,,neutral,22.6595,0,,22.6595
212200,12987.0,Tu Equipo,0,1821946,1838113,"[""69696514169e17de1daeac70"", ""69696514169e17de1daeac71"", ""69696514169e17de1daeac72""]",0.9643014,0.606462,0.639751,0.0391177,left,away,44.7051,1,backward,51.4749
212200,,,0,1838113,1851413,[],0.596832,0.007661999999999947,0.596832,0.007661999999999947,,ballout,0.0,0,,0.0
212200,13020.0,Equipo Rival 4,0,1851413,1852263,"[""69696514169e17de1daeac73"", ""69696514169e17de1daeac74""]",0.596832,0.007661999999999947,0.576087,0.09569099999999997,right,home,6.37,2,forward,6.37
212200,,,0,1852263,1859613,"[""69696514169e17de1daeac75"", ""69696514169e17de1daeac76""]",0.792029,0.266329,0.618338,0.158027,,neutral,19.6684,0,,19.6684
212200,12987.0,Tu Equipo,0,1859613,1860846,"[""69696514169e17de1daeac78"", ""69696514169e17de1daeac79""]",0.618338,0.158027,0.644218,0.246646,left,away,6.6104,2,forward,6.6104
212200,,,0,1860846,1865513,"[""69696514169e17de1daeac7a""]",0.483105,0.345831,0.535207,0.29193800000000003,,neutral,6.5847,0,,6.5847
212200,13020.0,Equipo Rival 4,0,1865513,1877146,"[""69696514169e17de1daeac7b"", ""69696514169e17de1daeac7c"", ""69696514169e17de1daeac7d"", ""69696514169e17de1daeac7f"", ""69696514169e17de1daeac80"", ""69696514169e17de1daeac81"", ""69696514169e17de1daeac82"", ""69696514169e17de1daeac83""]",0.535207,0.29193800000000003,0.584387,0.7754369999999999,right,home,63.1045,4,forward,33.281
212200,,,0,1877146,1890513,"[""69696514169e17de1daeac84""]",0.616096,0.9839829,0.616096,0.9839829,,ballout,0.0,0,,0.0
212200,13020.0,Equipo Rival 4,0,1890513,1894003,"[""69696514169e17de1daeac85"", ""69696514169e17de1daeac86"", ""69696514169e17de1daeac87"", ""69696514169e17de1daeac88"", ""69696514169e17de1daeac89""]",0.616096,0.9839829,0.48186,0.9670585,right,home,29.2084,3,sideways,14.1417
212200,,,0,1894003,1895513,[],0.7176290000000001,0.846552,0.7176290000000001,0.846552,,neutral,0.0,0,,0.0
212200,12987.0,Tu Equipo,0,1895513,1896913,"[""69696514169e17de1daeac8a"", ""69696514169e17de1daeac8b""]",0.7176290000000001,0.846552,0.5910949999999999,0.891756,left,away,13.637,2,sideways,13.637
212200,,,0,1896913,1898184,[],0.512334,0.845874,0.512334,0.845874,,neutral,0.0,0,,0.0
212200,13020.0,Equipo Rival 4,0,1898184,1904946,"[""69696514169e17de1daeac8c"", ""69696514169e17de1daeac8d"", ""69696514169e17de1daeac8e""]",0.512334,0.845874,0.186506,0.202781,right,home,48.6333,2,backward,55.523
212200,,,0,1904946,1934113,[],0.9556559,0.499213,0.9556559,0.499213,,ballout,0.0,0,,0.0
212200,12987.0,Tu Equipo,0,1934113,1938513,"[""69696514169e17de1daeac8f"", ""69696514169e17de1daeac90"", ""69696514169e17de1daeac91"", ""69696514169e17de1daeac92"", ""69696514169e17de1daeac93""]",0.9556559,0.499213,0.9685032,0.495813,left,away,19.0616,3,sideways,1.3686
212200,,,0,1938513,1940898,[],0.540941,0.33462800000000004,0.540941,0.33462800000000004,,neutral,0.0,0,,0.0
212200,13020.0,Equipo Rival 4,0,1940898,1946913,"[""69696514169e17de1daeac94"", ""69696514169e17de1daeac95"", ""69696514169e17de1daeac96"", ""69696514169e17de1daeac97"", ""69696514169e17de1daeac98""]",0.540941,0.33462800000000004,0.869228,0.222495,right,home,12.1583,1,sideways,35.3034
212200,,,0,1946913,1948724,"[""69696514169e17de1daeac99""]",0.923298,0.168867,0.923298,0.168867,,neutral,0.0,0,,0.0
212200,13020.0,Equipo Rival 4,0,1948724,1950170,"[""69696514169e17de1daeac9a"", ""69696514169e17de1daeac9b""]",0.923298,0.168867,0.969232,0.11590400000000001,right,home,6.0194,0,backward,6.0194
212200,,,0,1950170,1950713,[],0.972705,0.32984,0.972705,0.32984,,neutral,0.0,0,,0.0
212200,12987.0,Tu Equipo,0,1950713,1951913,"[""69696514169e17de1daeac9c"", ""69696514169e17de1daeac9d""]",0.972705,0.32984,0.9664023,0.297296,left,away,2.3098,1,backward,2.3098
212200,,,0,1951913,1960950,[],0.259773,0.5341750000000001,0.259773,0.5341750000000001,,neutral,0.0,0,,0.0
212200,13020.0,Equipo Rival 4,0,1960950,1976134,"[""69696514169e17de1daeac9e"", ""69696514169e17de1daeac9f"", ""69696514169e17de1daeaca0"", ""69696514169e17de1daeaca1"", ""69696514169e17de1daeaca2"", ""69696514169e17de1daeaca3"", ""69696514169e17de1daeaca4"", ""69696514169e17de1daeaca6""]",0.259773,0.5341750000000001,0.489102,0.709947,right,home,93.0077,4,forward,26.8828
212200,13020.0,Equipo Rival 4,0,1976134,1981201,"[""69696514169e17de1daeaca7"", ""69696514169e17de1daeaca8"", ""69696514169e17de1daeaca9""]",0.489102,0.709947,0.880524,0.878894,right,home,22.3185,1,sideways,42.6748
212200,,,0,1981201,1982315,[],0.9643014,0.510407,0.9643014,0.510407,,neutral,0.0,0,,0.0
212200,12987.0,Tu Equipo,0,1982315,2004213,"[""69696514169e17de1daeacaa"", ""69696514169e17de1daeacab"", ""69696514169e17de1daeacac""]",0.9643014,0.510407,0.657638,0.965392,left,away,39.8849,2,forward,44.6547
212200,,,0,2004213,2005948,[],0.59701,0.744012,0.59701,0.744012,,neutral,0.0,0,,0.0
212200,13020.0,Equipo Rival 4,0,2005948,2006880,"[""69696514169e17de1daeacad""]",0.59701,0.744012,0.6159950000000001,0.78642,right,home,3.5057,0,forward,3.5057
212200,12987.0,Tu Equipo,0,2006880,2010046,"[""69696514169e17de1daeacae"", ""69696514169e17de1daeacaf""]",0.6159950000000001,0.78642,0.579677,0.72962,left,away,5.4277,0,backward,5.4277
212200,,,0,2010046,2010852,[],0.529665,0.70601,0.529665,0.70601,,neutral,0.0,0,,0.0
212200,13020.0,Equipo Rival 4,0,2010852,2014646,"[""69696514169e17de1daeacb1"", ""69696514169e17de1daeacb2"", ""69696514169e17de1daeacb3""]",0.529665,0.70601,0.625576,0.39157299999999995,right,home,15.0323,2,backward,23.6346
212200,,,0,2014646,2018503,"[""69696514169e17de1daeacb4"", ""69696514169e17de1daeacb5""]",0.9474943,0.274516,0.9474943,0.274516,,neutral,0.0,0,,0.0
212200,,,0,2018503,2053525,[],0.9664023,0.209428,0.9664023,0.209428,,ballout,0.0,0,,0.0
212200,12987.0,Tu Equipo,0,2053525,2074413,"[""69696514169e17de1daeacb6"", ""69696514169e17de1daeacb7"", ""69696514169e17de1daeacb9"", ""69696514169e17de1daeacbb""]",0.9664023,0.209428,0.340005,0.001052000000000053,left,away,54.3448,2,sideways,67.2807
212200,,,0,2074413,2079813,"[""69696514169e17de1daeacbc"", ""69696514169e17de1daeacbf""]",0.370836,0.15629800000000005,0.370836,0.15629800000000005,,neutral,0.0,0,,0.0
212200,13020.0,Equipo Rival 4,0,2079813,2081446,"[""69696514169e17de1daeacc0"", ""69696514169e17de1daeacc1"", ""69696514169e17de1daeacc2""]",0.370836,0.15629800000000005,0.45105300000000004,0.181296,right,home,6.8958,1,sideways,8.5926
212200,,,0,2081446,2081713,[],0.45760599999999996,0.153984,0.45760599999999996,0.153984,,neutral,0.0,0,,0.0
212200,12987.0,Tu Equipo,0,2081713,2083171,"[""69696514169e17de1daeacc3"", ""69696514169e17de1daeacc5""]",0.45760599999999996,0.153984,0.44908,0.13292499999999996,left,away,1.6888,0,backward,1.6888
212200,,,0,2083171,2084995,[],0.400801,0.03655799999999998,0.400801,0.03655799999999998,,neutral,0.0,0,,0.0
212200,13020.0,Equipo Rival 4,0,2084995,2084995,"[""69696514169e17de1daeacc6""]",0.400801,0.03655799999999998,0.400801,0.03655799999999998,right,home,0.0,1,sideways,0.0
212200,,,0,2084995,2096348,"[""69696514169e17de1daeacc7"", ""69696514169e17de1daeacc9"", ""69696514169e17de1daeacca""]",0.827197,0.138583,0.473296,0.013602000000000003,,neutral,38.1191,0,,38.1191
212200,13020.0,Equipo Rival 4,0,2096348,2096348,"[""69696514169e17de1daeaccb""]",0.473296,0.013602000000000003,0.473296,0.013602000000000003,right,home,0.0,1,sideways,0.0
212200,,,0,2096348,2101524,"[""69696514169e17de1daeaccc""]",0.7185079999999999,0.216478,0.7185079999999999,0.216478,,neutral,0.0,0,,0.0
212200,12987.0,Tu Equipo,0,2101524,2103287,"[""69696514169e17de1daeacce""]",0.7185079999999999,0.216478,0.699121,0.10392299999999999,left,away,7.9198,0,backward,7.9198
212200,13020.0,Equipo Rival 4,0,2103287,2108835,"[""69696514169e17de1daeaccf"", ""69696514169e17de1daeacd0"", ""69696514169e17de1daeacd2""]",0.699121,0.10392299999999999,0.950966,0.10796399999999995,right,home,26.4452,0,sideways,26.4452
212200,,,0,2108835,2110520,"[""69696514169e17de1daeacd3""]",0.9516961,0.163867,0.930651,0.270501,,neutral,7.5803,0,,7.5803
212200,13020.0,Equipo Rival 4,0,2110520,2114108,"[""69696514169e17de1daeacd4"", ""69696514169e17de1daeacd5"", ""69696514169e17de1daeacd7"", ""69696514169e17de1daeacd8""]",0.930651,0.270501,0.747328,0.223066,right,home,19.1857,2,sideways,19.5173
212200,,,0,2114108,2116970,"[""69696514169e17de1daeacd9""]",0.677066,0.045665999999999984,0.677066,0.045665999999999984,,neutral,0.0,0,,0.0
212200,13020.0,Equipo Rival 4,0,2116970,2119493,"[""69696514169e17de1daeacda"", ""69696514169e17de1daeacdb"", ""69696514169e17de1daeacdc""]",0.677066,0.045665999999999984,0.807867,0.068156,right,home,11.2993,1,sideways,13.819
212200,,,0,2119493,2122746,"[""69696514169e17de1daeacdd""]",0.9453934,0.502322,0.899174,0.32984,,neutral,12.6932,0,,12.6932
212200,12987.0,Tu Equipo,0,2122746,2122746,"[""69696514169e17de1daeacde""]",0.899174,0.32984,0.899174,0.32984,left,away,0.0,1,sideways,0.0
212200,,,0,2122746,2127251,"[""69696514169e17de1daeacdf""]",0.698374,0.552314,0.698374,0.552314,,neutral,0.0,0,,0.0
212200,13020.0,Equipo Rival 4,0,2127251,2141580,"[""69696514169e17de1daeace1"", ""69696514169e17de1daeace2"", ""69696514169e17de1daeace3"", ""69696514169e17de1daeace5"", ""69696514169e17de1daeace6"", ""69696514169e17de1daeace7"", ""69696514169e17de1daeace8"", ""69696514169e17de1daeace9"", ""69696514169e17de1daeacea"", ""69696514169e17de1daeaceb"", ""69696514169e17de1daeacec""]",0.698374,0.552314,0.910527,0.15489299999999995,right,home,65.9125,5,backward,35.0222
212200,,,0,2141580,2175280,"[""69696514169e17de1daeaced""]",0.992824,0.008950000000000014,0.992824,0.008950000000000014,,ballout,0.0,0,,0.0
212200,13020.0,Equipo Rival 4,0,2175280,2176600,"[""69696514169e17de1daeacee"", ""69696514169e17de1daeacef""]",0.992824,0.008950000000000014,0.933647,0.447727,right,home,30.477,0,forward,30.477
212200,,,0,2176600,2181405,"[""69696514169e17de1daeacf0"", ""69696514169e17de1daeacf2""]",0.979792,0.136984,0.979792,0.136984,,neutral,0.0,0,,0.0
212200,13020.0,Equipo Rival 4,0,2181405,2181405,"[""69696514169e17de1daeacf3""]",0.979792,0.136984,0.979792,0.136984,right,home,0.0,0,sideways,0.0
212200,,,0,2181405,2184380,"[""69696514169e17de1daeacf4""]",0.972705,0.372147,0.732777,0.152438,,neutral,29.2894,0,,29.2894
212200,12987.0,Tu Equipo,0,2184380,2192880,"[""69696514169e17de1daeacf5"", ""69696514169e17de1daeacf6"", ""69696514169e17de1daeacf7"", ""69696514169e17de1daeacf8"", ""69696514169e17de1daeacf9""]",0.732777,0.152438,0.13865300000000003,0.573918,left,away,21.7016,1,forward,68.6518
212200,,,0,2192880,2300613,[],0.10083699999999995,0.508831,0.10083699999999995,0.508831,,ballout,0.0,0,,0.0
212200,12987.0,Tu Equipo,0,2300613,2300613,"[""69696514169e17de1daeacfa""]",0.10083699999999995,0.508831,0.10083699999999995,0.508831,left,away,0.0,0,sideways,0.0
212200,,,0,2300613,2365546,[],0.501883,0.480209,0.501883,0.480209,,ballout,0.0,0,,0.0
212200,13020.0,Equipo Rival 4,0,2365546,2368307,"[""69696514169e17de1daeacfc"", ""69696514169e17de1daeacfd"", ""69696514169e17de1daeacfe"", ""69696514169e17de1daeacff""]",0.501883,0.480209,0.350486,0.563296,right,home,18.6905,3,sideways,16.8709
212200,,,0,2368307,2372569,"[""69696514169e17de1daead00""]",0.593406,0.346717,0.521875,0.34687999999999997,,neutral,7.5108,0,,7.5108
212200,13020.0,Equipo Rival 4,0,2372569,2390068,"[""69696514169e17de1daead01"", ""69696514169e17de1daead02"", ""69696514169e17de1daead03"", ""69696514169e17de1daead04"", ""69696514169e17de1daead05"", ""69696514169e17de1daead06"", ""69696514169e17de1daead08""]",0.521875,0.34687999999999997,0.507244,0.15053799999999995,right,home,109.2389,5,backward,13.4393
212200,13020.0,Equipo Rival 4,0,2390068,2392013,"[""69696514169e17de1daead09"", ""69696514169e17de1daead0a"", ""69696514169e17de1daead0b""]",0.507244,0.15053799999999995,0.465923,0.06479199999999996,right,home,7.8424,2,backward,7.2679
212200,,,0,2392013,2392913,[],0.539621,0.0351583,0.539621,0.0351583,,neutral,0.0,0,,0.0
212200,12987.0,Tu Equipo,0,2392913,2393013,"[""69696514169e17de1daead0d"", ""69696514169e17de1daead0e""]",0.539621,0.0351583,0.532525,0.01732100000000003,left,away,1.4235,0,backward,1.4235
212200,,,0,2393013,2396513,"[""69696514169e17de1daead0f""]",0.774953,0.0657856,0.774953,0.0657856,,neutral,0.0,0,,0.0
212200,,,0,2396513,2407505,[],0.601371,0.010704000000000047,0.601371,0.010704000000000047,,ballout,0.0,0,,0.0
212200,13020.0,Equipo Rival 4,0,2407505,2409153,"[""69696514169e17de1daead10"", ""69696514169e17de1daead11"", ""69696514169e17de1daead12""]",0.601371,0.010704000000000047,0.787807,0.060933000000000015,right,home,19.8715,1,sideways,19.8715
212200,,,0,2409153,2479913,[],0.791889,0.07301100000000005,0.791889,0.07301100000000005,,ballout,0.0,0,,0.0
212200,13020.0,Equipo Rival 4,0,2479913,2480980,"[""69696514169e17de1daead13"", ""69696514169e17de1daead14""]",0.791889,0.07301100000000005,0.909184,0.439337,right,home,27.7885,1,forward,27.7885
212200,,,0,2480980,2482661,[],0.9664023,0.505576,0.9664023,0.505576,,neutral,0.0,0,,0.0
212200,12987.0,Tu Equipo,0,2482661,2485980,"[""69696514169e17de1daead15"", ""69696514169e17de1daead16""]",0.9664023,0.505576,0.873963,0.352621,left,away,14.2263,1,backward,14.2263
212200,,,0,2485980,2487860,[],0.583212,0.161509,0.583212,0.161509,,neutral,0.0,0,,0.0
212200,13020.0,Equipo Rival 4,0,2487860,2492780,"[""69696514169e17de1daead17"", ""69696514169e17de1daead18"", ""69696514169e17de1daead19""]",0.583212,0.161509,0.807009,0.03294600000000003,right,home,7.4508,1,sideways,25.0722
212200,,,0,2492780,2511213,"[""69696514169e17de1daead1a""]",0.872267,0.0,0.872267,0.0,,ballout,0.0,0,,0.0
212200,13020.0,Equipo Rival 4,0,2511213,2513010,"[""69696514169e17de1daead1b"", ""69696514169e17de1daead1d""]",0.872267,0.0,0.903493,0.27562600000000004,right,home,19.0272,2,forward,19.0272
212200,,,0,2513010,2515730,"[""69696514169e17de1daead1f""]",0.9338601,0.452115,0.843583,0.415412,,neutral,9.8022,0,,9.8022
212200,13020.0,Equipo Rival 4,0,2515730,2515730,"[""69696514169e17de1daead20""]",0.843583,0.415412,0.843583,0.415412,right,home,0.0,0,sideways,0.0
212200,,,0,2515730,2516813,"[""69696514169e17de1daead21""]",0.857082,0.448245,0.857082,0.448245,,neutral,0.0,0,,0.0
212200,12987.0,Tu Equipo,0,2516813,2518480,"[""69696514169e17de1daead22"", ""69696514169e17de1daead23""]",0.857082,0.448245,0.782208,0.460052,left,away,7.9027,2,sideways,7.9027
212200,,,0,2518480,2532319,[],0.394037,0.0008749999999999591,0.394037,0.0008749999999999591,,ballout,0.0,0,,0.0
212200,13020.0,Equipo Rival 4,0,2532319,2532319,"[""69696514169e17de1daead24""]",0.394037,0.0008749999999999591,0.394037,0.0008749999999999591,right,home,0.0,1,sideways,0.0
212200,,,0,2532319,2533913,"[""69696514169e17de1daead25""]",0.563175,0.0836652,0.563175,0.0836652,,neutral,0.0,0,,0.0
212200,,,0,2533913,2545512,[],0.521201,0.0,0.521201,0.0,,ballout,0.0,0,,0.0
212200,13020.0,Equipo Rival 4,0,2545512,2545512,"[""69696514169e17de1daead26""]",0.521201,0.0,0.521201,0.0,right,home,0.0,1,sideways,0.0
212200,,,0,2545512,2548346,"[""69696514169e17de1daead27""]",0.717768,0.112586,0.755583,0.107245,,neutral,3.9872,0,,3.9872
212200,12987.0,Tu Equipo,0,2548346,2549513,"[""69696514169e17de1daead29"", ""69696514169e17de1daead2a"", ""69696514169e17de1daead2b""]",0.755583,0.107245,0.7462420000000001,0.211706,left,away,6.1184,2,forward,7.1707
212200,,,0,2549513,2551823,[],0.45949,0.42570600000000003,0.45949,0.42570600000000003,,neutral,0.0,0,,0.0
212200,13020.0,Equipo Rival 4,0,2551823,2569546,"[""69696514169e17de1daead2c"", ""69696514169e17de1daead2d"", ""69696514169e17de1daead2e"", ""69696514169e17de1daead2f"", ""69696514169e17de1daead30"", ""69696514169e17de1daead31"", ""69696514169e17de1daead32"", ""69696514169e17de1daead33""]",0.45949,0.42570600000000003,0.892505,0.03396699999999997,right,home,89.2733,3,backward,52.6954
212200,,,0,2569546,2571280,[],0.9809371,0.488118,0.9809371,0.488118,,neutral,0.0,0,,0.0
212200,12987.0,Tu Equipo,0,2571280,2583846,"[""69696514169e17de1daead34"", ""69696514169e17de1daead35""]",0.9809371,0.488118,0.852486,0.469076,left,away,13.5494,1,sideways,13.5494
212200,,,0,2583846,2588463,"[""69696514169e17de1daead36""]",0.424521,0.568307,0.424521,0.568307,,neutral,0.0,0,,0.0
212200,13020.0,Equipo Rival 4,0,2588463,2597909,"[""69696514169e17de1daead38"", ""69696514169e17de1daead39"", ""69696514169e17de1daead3a"", ""69696514169e17de1daead3b"", ""69696514169e17de1daead3c"", ""69696514169e17de1daead3d""]",0.424521,0.568307,0.458118,0.6625380000000001,right,home,30.1325,2,forward,7.3146
212200,,,0,2597909,2599213,[],0.525344,0.699287,0.525344,0.699287,,neutral,0.0,0,,0.0
212200,12987.0,Tu Equipo,0,2599213,2600046,"[""69696514169e17de1daead3f"", ""69696514169e17de1daead40""]",0.525344,0.699287,0.47574700000000003,0.682002,left,away,5.3387,2,sideways,5.3387
212200,,,0,2600046,2601736,[],0.422692,0.7096020000000001,0.422692,0.7096020000000001,,neutral,0.0,0,,0.0
212200,13020.0,Equipo Rival 4,0,2601736,2611480,"[""69696514169e17de1daead41"", ""69696514169e17de1daead42"", ""69696514169e17de1daead44"", ""69696514169e17de1daead45""]",0.422692,0.7096020000000001,0.9678845,0.0365466,right,home,76.4099,2,backward,73.2919
212200,,,0,2611480,2633880,[],0.94672,0.0,0.94672,0.0,,ballout,0.0,0,,0.0
212200,13020.0,Equipo Rival 4,0,2633880,2633880,"[""69696514169e17de1daead46""]",0.94672,0.0,0.94672,0.0,right,home,0.0,1,sideways,0.0
212200,,,0,2633880,2639032,"[""69696514169e17de1daead47"", ""69696514169e17de1daead4a""]",0.981108,0.332071,0.972705,0.446998,,neutral,7.8647,0,,7.8647
212200,12987.0,Tu Equipo,0,2639032,2648713,"[""69696514169e17de1daead4b"", ""69696514169e17de1daead4c""]",0.972705,0.446998,0.854058,0.478774,left,away,12.6439,1,sideways,12.6439
212200,,,0,2648713,2652617,[],0.304202,0.218665,0.304202,0.218665,,neutral,0.0,0,,0.0
212200,13020.0,Equipo Rival 4,0,2652617,2652617,"[""69696514169e17de1daead4d""]",0.304202,0.218665,0.304202,0.218665,right,home,0.0,1,sideways,0.0
212200,,,0,2652617,2654446,[],0.48350099999999996,0.294729,0.48350099999999996,0.294729,,neutral,0.0,0,,0.0
212200,12987.0,Tu Equipo,0,2654446,2654446,"[""69696514169e17de1daead4e""]",0.48350099999999996,0.294729,0.48350099999999996,0.294729,left,away,0.0,1,sideways,0.0
212200,,,0,2654446,2655417,[],0.384201,0.26400500000000005,0.384201,0.26400500000000005,,neutral,0.0,0,,0.0
212200,13020.0,Equipo Rival 4,0,2655417,2682632,"[""69696514169e17de1daead4f"", ""69696514169e17de1daead50"", ""69696514169e17de1daead51"", ""69696514169e17de1daead52"", ""69696514169e17de1daead53"", ""69696514169e17de1daead54"", ""69696514169e17de1daead55"", ""69696514169e17de1daead56"", ""69696514169e17de1daead57"", ""69696514169e17de1daead58"", ""69696514169e17de1daead59"", ""69696514169e17de1daead5a"", ""69696514169e17de1daead5b"", ""69696514169e17de1daead5c"", ""69696514169e17de1daead5d"", ""69696514169e17de1daead5e"", ""69696514169e17de1daead5f"", ""69696514169e17de1daead60""]",0.384201,0.26400500000000005,0.905491,0.536788,right,home,129.6172,8,sideways,57.7931
212200,,,0,2682632,2713227,"[""69696514169e17de1daead62""]",1.0,0.9812053,1.0,0.9812053,,ballout,0.0,0,,0.0
212200,13020.0,Equipo Rival 4,0,2713227,2713227,"[""69696514169e17de1daead63""]",1.0,0.9812053,1.0,0.9812053,right,home,0.0,0,sideways,0.0
212200,,,0,2713227,2719491,"[""69696514169e17de1daead64""]",0.9716127999999999,0.532599,0.550496,0.861405,,neutral,49.5488,0,,49.5488
212200,13020.0,Equipo Rival 4,0,2719491,2720461,"[""69696514169e17de1daead65"", ""69696514169e17de1daead66""]",0.550496,0.861405,0.564674,0.847893,right,home,1.7494,1,backward,1.7494
212200,,,0,2720461,2725730,"[""69696514169e17de1daead67"", ""69696514169e17de1daead69""]",0.422561,0.29843699999999995,0.422561,0.29843699999999995,,neutral,0.0,0,,0.0
212200,,,0,2725730,2754213,[],0.619255,0.00438499,0.619255,0.00438499,,ballout,0.0,0,,0.0
212200,12987.0,Tu Equipo,0,2754213,2754213,"[""69696514169e17de1daead6a""]",0.619255,0.00438499,0.619255,0.00438499,left,away,0.0,1,sideways,0.0
212200,,,0,2754213,2757313,"[""69696514169e17de1daead6c""]",0.35792100000000004,0.241786,0.35792100000000004,0.241786,,neutral,0.0,0,,0.0
212200,12987.0,Tu Equipo,0,2757313,2758763,"[""69696514169e17de1daead6d"", ""69696514169e17de1daead6f""]",0.35792100000000004,0.241786,0.282358,0.261658,left,away,8.0484,1,sideways,8.0484
212200,,,0,2758763,2885280,"[""69696514169e17de1daead70""]",0.24349299999999996,0.247082,0.24349299999999996,0.247082,,ballout,0.0,0,,0.0
212200,12987.0,Tu Equipo,0,2885280,2885280,"[""69696514169e17de1daead71""]",0.24349299999999996,0.247082,0.24349299999999996,0.247082,left,away,0.0,1,sideways,0.0
212200,,,0,2885280,2888846,"[""69696514169e17de1daead72""]",0.121714,0.417849,0.23222200000000004,0.578229,,neutral,15.924,0,,15.924
212200,12987.0,Tu Equipo,0,2888846,2888846,"[""69696514169e17de1daead73""]",0.23222200000000004,0.578229,0.23222200000000004,0.578229,left,away,0.0,0,sideways,0.0
212200,,,0,2888846,2889953,[],0.0192071,0.45170999999999994,0.0192071,0.45170999999999994,,neutral,0.0,0,,0.0
212200,13020.0,Equipo Rival 4,0,2889953,2908827,"[""69696514169e17de1daead74"", ""69696514169e17de1daead75"", ""69696514169e17de1daead76"", ""69696514169e17de1daead77"", ""69696514169e17de1daead78"", ""69696514169e17de1daead79"", ""69696514169e17de1daead7a"", ""69696514169e17de1daead7b"", ""69696514169e17de1daead7c""]",0.0192071,0.45170999999999994,0.522312,0.020306000000000046,right,home,89.6728,4,backward,60.4248
212200,,,0,2908827,2910613,[],0.660002,0.0360917,0.660002,0.0360917,,neutral,0.0,0,,0.0
212200,12987.0,Tu Equipo,0,2910613,2911649,"[""69696514169e17de1daead7d"", ""69696514169e17de1daead7e""]",0.660002,0.0360917,0.646906,0.0241536,left,away,1.5968,1,backward,1.5968
212200,,,0,2911649,2912601,[],0.585793,0.053313000000000055,0.585793,0.053313000000000055,,neutral,0.0,0,,0.0
212200,13020.0,Equipo Rival 4,0,2912601,2912601,"[""69696514169e17de1daead7f""]",0.585793,0.053313000000000055,0.585793,0.053313000000000055,right,home,0.0,0,sideways,0.0
212200,12987.0,Tu Equipo,1,2700490,2704690,"[""69696514169e17de1daead82"", ""69696514169e17de1daead83"", ""69696514169e17de1daead84"", ""69696514169e17de1daead85"", ""69696514169e17de1daead86""]",0.498103,0.49196300000000004,0.664185,0.663266,right,away,47.922,4,forward,20.9713
212200,,,1,2704690,2707057,"[""69696514169e17de1daead87""]",0.73951,0.816071,0.73951,0.816071,,neutral,0.0,0,,0.0
212200,12987.0,Tu Equipo,1,2707057,2708001,"[""69696514169e17de1daead88""]",0.73951,0.816071,0.731006,0.741317,right,away,5.1611,0,backward,5.1611
212200,13020.0,Equipo Rival 4,1,2708001,2710744,"[""69696514169e17de1daead89"", ""69696514169e17de1daead8a""]",0.731006,0.741317,0.687524,0.727198,left,home,4.6655,1,sideways,4.6655
212200,,,1,2710744,2714990,[],0.204711,0.779028,0.204711,0.779028,,neutral,0.0,0,,0.0
212200,12987.0,Tu Equipo,1,2714990,2748824,"[""69696514169e17de1daead8b"", ""69696514169e17de1daead8c"", ""69696514169e17de1daead8d"", ""69696514169e17de1daead8e"", ""69696514169e17de1daead8f"", ""69696514169e17de1daead90"", ""69696514169e17de1daead91"", ""69696514169e17de1daead92"", ""69696514169e17de1daead93"", ""69696514169e17de1daead94"", ""69696514169e17de1daead95"", ""69696514169e17de1daead96"", ""69696514169e17de1daead97"", ""69696514169e17de1daead98"", ""69696514169e17de1daead99"", ""69696514169e17de1daead9a"", ""69696514169e17de1daead9b"", ""69696514169e17de1daead9c"", ""69696514169e17de1daead9d"", ""69696514169e17de1daead9e"", ""69696514169e17de1daead9f"", ""69696514169e17de1daeada0"", ""69696514169e17de1daeada1"", ""69696514169e17de1daeada2"", ""69696514169e17de1daeada3"", ""69696514169e17de1daeada4"", ""69696514169e17de1daeada5""]",0.204711,0.779028,0.684176,0.9735813,right,away,191.0717,14,sideways,52.0531
212200,,,1,2748824,2763190,[],0.7261880000000001,1.0,0.7261880000000001,1.0,,ballout,0.0,0,,0.0
212200,13020.0,Equipo Rival 4,1,2763190,2764174,"[""69696514169e17de1daeada6"", ""69696514169e17de1daeada7""]",0.7261880000000001,1.0,0.733704,0.8217,left,home,12.1501,2,backward,12.1501
212200,,,1,2764174,2768790,[],0.231764,0.795885,0.231764,0.795885,,neutral,0.0,0,,0.0
212200,12987.0,Tu Equipo,1,2768790,2834624,"[""69696514169e17de1daeada8"", ""69696514169e17de1daeada9"", ""69696514169e17de1daeadaa"", ""69696514169e17de1daeadab"", ""69696514169e17de1daeadac"", ""69696514169e17de1daeadad"", ""69696514169e17de1daeadae"", ""69696514169e17de1daeadaf"", ""69696514169e17de1daeadb0"", ""69696514169e17de1daeadb1"", ""69696514169e17de1daeadb2"", ""69696514169e17de1daeadb3"", ""69696514169e17de1daeadb4"", ""69696514169e17de1daeadb5"", ""69696514169e17de1daeadb6"", ""69696514169e17de1daeadb7"", ""69696514169e17de1daeadb8"", ""69696514169e17de1daeadb9"", ""69696514169e17de1daeadba"", ""69696514169e17de1daeadbb"", ""69696514169e17de1daeadbd"", ""69696514169e17de1daeadbe"", ""69696514169e17de1daeadbf"", ""69696514169e17de1daeadc0"", ""69696514169e17de1daeadc1"", ""69696514169e17de1daeadc2"", ""69696514169e17de1daeadc3"", ""69696514169e17de1daeadc4"", ""69696514169e17de1daeadc5"", ""69696514169e17de1daeadc6"", ""69696514169e17de1daeadc7"", ""69696514169e17de1daeadc8"", ""69696514169e17de1daeadc9"", ""69696514169e17de1daeadca"", ""69696514169e17de1daeadcb"", ""69696514169e17de1daeadcc"", ""69696514169e17de1daeadcd"", ""69696514169e17de1daeadce"", ""69696514169e17de1daeadcf"", ""69696514169e17de1daeadd0"", ""69696514169e17de1daeadd1"", ""69696514169e17de1daeadd2""]",0.231764,0.795885,0.851633,0.9533127,right,away,299.8038,21,sideways,65.9607
212200,,,1,2834624,2835512,[],0.875803,0.848655,0.875803,0.848655,,neutral,0.0,0,,0.0
212200,13020.0,Equipo Rival 4,1,2835512,2837410,"[""69696514169e17de1daeadd3"", ""69696514169e17de1daeadd4""]",0.875803,0.848655,0.879382,0.809106,left,home,2.7155,1,backward,2.7155
212200,,,1,2837410,2841124,[],0.442825,0.9396595,0.442825,0.9396595,,neutral,0.0,0,,0.0
212200,12987.0,Tu Equipo,1,2841124,2871690,"[""69696514169e17de1daeadd5"", ""69696514169e17de1daeadd6"", ""69696514169e17de1daeadd7"", ""69696514169e17de1daeadd8"", ""69696514169e17de1daeadd9"", ""69696514169e17de1daeadda"", ""69696514169e17de1daeaddb"", ""69696514169e17de1daeaddc"", ""69696514169e17de1daeaddd"", ""69696514169e17de1daeadde"", ""69696514169e17de1daeaddf"", ""69696514169e17de1daeade0"", ""69696514169e17de1daeade1"", ""69696514169e17de1daeade2"", ""69696514169e17de1daeade3"", ""69696514169e17de1daeade4"", ""69696514169e17de1daeade5"", ""69696514169e17de1daeade6"", ""69696514169e17de1daeade7"", ""69696514169e17de1daeade8""]",0.442825,0.9396595,0.547361,0.05361400000000005,right,away,150.5812,11,backward,61.2427
212200,,,1,2871690,2884324,"[""69696514169e17de1daeade9""]",0.592875,0.0019900000000000473,0.592875,0.0019900000000000473,,ballout,0.0,0,,0.0
212200,12987.0,Tu Equipo,1,2884324,2886290,"[""69696514169e17de1daeadea"", ""69696514169e17de1daeadeb"", ""69696514169e17de1daeadec"", ""69696514169e17de1daeaded""]",0.592875,0.0019900000000000473,0.571231,0.032955999999999985,right,away,13.3487,3,forward,3.0982
212200,,,1,2886290,2895224,"[""69696514169e17de1daeadee""]",0.578313,0.0013290000000000246,0.578313,0.0013290000000000246,,ballout,0.0,0,,0.0
212200,12987.0,Tu Equipo,1,2895224,2909857,"[""69696514169e17de1daeadef"", ""69696514169e17de1daeadf0"", ""69696514169e17de1daeadf1"", ""69696514169e17de1daeadf2"", ""69696514169e17de1daeadf3"", ""69696514169e17de1daeadf4"", ""69696514169e17de1daeadf5"", ""69696514169e17de1daeadf6""]",0.578313,0.0013290000000000246,0.417173,0.455859,right,away,71.7554,5,forward,35.2361
212200,,,1,2909857,2939759,[],0.8943760000000001,0.752367,0.8943760000000001,0.752367,,ballout,0.0,0,,0.0
212200,13020.0,Equipo Rival 4,1,2939759,2939759,"[""69696514169e17de1daeadf8""]",0.8943760000000001,0.752367,0.8943760000000001,0.752367,left,home,0.0,1,sideways,0.0
212200,,,1,2939759,2960024,"[""69696514169e17de1daeadf9""]",0.269649,0.968508,0.269649,0.968508,,ballout,0.0,0,,0.0
212200,13020.0,Equipo Rival 4,1,2960024,2964037,"[""69696514169e17de1daeadfb"", ""69696514169e17de1daeadfc"", ""69696514169e17de1daeadfd""]",0.269649,0.968508,0.380935,0.900781,left,home,14.1101,1,backward,12.5599
212200,,,1,2964037,2966590,[],0.111899,0.42989299999999997,0.111899,0.42989299999999997,,neutral,0.0,0,,0.0
212200,12987.0,Tu Equipo,1,2966590,2992824,"[""69696514169e17de1daeadfe"", ""69696514169e17de1daeadff"", ""69696514169e17de1daeae00"", ""69696514169e17de1daeae01"", ""69696514169e17de1daeae02"", ""69696514169e17de1daeae03"", ""69696514169e17de1daeae04"", ""69696514169e17de1daeae05"", ""69696514169e17de1daeae06"", ""69696514169e17de1daeae07"", ""69696514169e17de1daeae08""]",0.111899,0.42989299999999997,0.395039,0.341379,right,away,52.0819,6,sideways,30.3329
212200,,,1,2992824,2995057,"[""69696514169e17de1daeae09""]",0.375909,0.23076200000000002,0.375909,0.23076200000000002,,neutral,0.0,0,,0.0
212200,12987.0,Tu Equipo,1,2995057,3006457,"[""69696514169e17de1daeae0a"", ""69696514169e17de1daeae0b"", ""69696514169e17de1daeae0c"", ""69696514169e17de1daeae0d"", ""69696514169e17de1daeae0e"", ""69696514169e17de1daeae0f"", ""69696514169e17de1daeae10"", ""69696514169e17de1daeae11""]",0.375909,0.23076200000000002,0.276165,0.9510009,right,away,87.701,5,forward,50.0835
212200,,,1,3006457,3008264,[],0.5225580000000001,0.857303,0.5225580000000001,0.857303,,neutral,0.0,0,,0.0
212200,13020.0,Equipo Rival 4,1,3008264,3009618,"[""69696514169e17de1daeae12"", ""69696514169e17de1daeae13""]",0.5225580000000001,0.857303,0.48858,0.815336,left,home,4.5686,1,backward,4.5686
212200,,,1,3009618,3014524,"[""69696514169e17de1daeae14"", ""69696514169e17de1daeae15""]",0.257177,0.304373,0.257177,0.304373,,neutral,0.0,0,,0.0
212200,,,1,3014524,3026457,[],0.303311,0.260309,0.303311,0.260309,,ballout,0.0,0,,0.0
212200,12987.0,Tu Equipo,1,3026457,3063124,"[""69696514169e17de1daeae16"", ""69696514169e17de1daeae17"", ""69696514169e17de1daeae18"", ""69696514169e17de1daeae19"", ""69696514169e17de1daeae1a"", ""69696514169e17de1daeae1b"", ""69696514169e17de1daeae1c"", ""69696514169e17de1daeae1d"", ""69696514169e17de1daeae1e"", ""69696514169e17de1daeae1f"", ""69696514169e17de1daeae20"", ""69696514169e17de1daeae21"", ""69696514169e17de1daeae22"", ""69696514169e17de1daeae23"", ""69696514169e17de1daeae24"", ""69696514169e17de1daeae25"", ""69696514169e17de1daeae26"", ""69696514169e17de1daeae27"", ""69696514169e17de1daeae28"", ""69696514169e17de1daeae29"", ""69696514169e17de1daeae2a""]",0.303311,0.260309,0.886924,0.791729,right,away,160.5385,10,forward,71.1408
212200,,,1,3063124,3064366,[],0.9167438,0.562079,0.9167438,0.562079,,neutral,0.0,0,,0.0
212200,13020.0,Equipo Rival 4,1,3064366,3064366,"[""69696514169e17de1daeae2b""]",0.9167438,0.562079,0.9167438,0.562079,left,home,0.0,1,sideways,0.0
212200,,,1,3064366,3067353,[],0.559644,0.800798,0.559644,0.800798,,neutral,0.0,0,,0.0
212200,12987.0,Tu Equipo,1,3067353,3089957,"[""69696514169e17de1daeae2c"", ""69696514169e17de1daeae2e"", ""69696514169e17de1daeae2f"", ""69696514169e17de1daeae30"", ""69696514169e17de1daeae31"", ""69696514169e17de1daeae32"", ""69696514169e17de1daeae33"", ""69696514169e17de1daeae34"", ""69696514169e17de1daeae35"", ""69696514169e17de1daeae36"", ""69696514169e17de1daeae37"", ""69696514169e17de1daeae38"", ""69696514169e17de1daeae39"", ""69696514169e17de1daeae3a"", ""69696514169e17de1daeae3b"", ""69696514169e17de1daeae3c"", ""69696514169e17de1daeae3e"", ""69696514169e17de1daeae3f""]",0.559644,0.800798,0.730473,0.29869900000000005,right,away,85.2078,7,backward,38.5677
212200,,,1,3089957,3128924,[],0.711566,0.306492,0.711566,0.306492,,ballout,0.0,0,,0.0
212200,12987.0,Tu Equipo,1,3128924,3130690,"[""69696514169e17de1daeae40"", ""69696514169e17de1daeae41"", ""69696514169e17de1daeae42""]",0.711566,0.306492,0.723965,0.428022,right,away,7.4985,2,forward,8.366
212200,,,1,3130690,3134190,"[""69696514169e17de1daeae43"", ""69696514169e17de1daeae44"", ""69696514169e17de1daeae45""]",0.848632,0.346736,0.593165,0.300215,,neutral,27.0099,0,,27.0099
212200,,,1,3134190,3150757,[],0.549138,0.297373,0.549138,0.297373,,ballout,0.0,0,,0.0
212200,12987.0,Tu Equipo,1,3150757,3170847,"[""69696514169e17de1daeae46"", ""69696514169e17de1daeae47"", ""69696514169e17de1daeae48"", ""69696514169e17de1daeae49"", ""69696514169e17de1daeae4a"", ""69696514169e17de1daeae4b"", ""69696514169e17de1daeae4c"", ""69696514169e17de1daeae4d"", ""69696514169e17de1daeae4e"", ""69696514169e17de1daeae4f"", ""69696514169e17de1daeae51"", ""69696514169e17de1daeae52"", ""69696514169e17de1daeae53""]",0.549138,0.297373,0.7842089999999999,0.274873,right,away,80.0594,7,sideways,24.7298
212200,,,1,3170847,3171490,"[""69696514169e17de1daeae54""]",0.718355,0.57342,0.718355,0.57342,,neutral,0.0,0,,0.0
212200,,,1,3171490,3190931,[],0.658481,0.952129,0.658481,0.952129,,ballout,0.0,0,,0.0
212200,13020.0,Equipo Rival 4,1,3190931,3191994,"[""69696514169e17de1daeae55"", ""69696514169e17de1daeae56""]",0.658481,0.952129,0.71238,0.939821,left,home,5.7209,2,sideways,5.7209
212200,,,1,3191994,3196490,"[""69696514169e17de1daeae57""]",0.419755,0.6128370000000001,0.428768,0.664133,,neutral,3.6142,0,,3.6142
212200,12987.0,Tu Equipo,1,3196490,3204177,"[""69696514169e17de1daeae59"", ""69696514169e17de1daeae5a"", ""69696514169e17de1daeae5b"", ""69696514169e17de1daeae5c"", ""69696514169e17de1daeae5d""]",0.428768,0.664133,0.535826,0.502122,right,away,59.7597,3,backward,15.7395
212200,13020.0,Equipo Rival 4,1,3204177,3205390,"[""69696514169e17de1daeae5e"", ""69696514169e17de1daeae5f""]",0.535826,0.502122,0.501406,0.392271,left,home,8.2982,0,backward,8.2982
212200,,,1,3205390,3259387,"[""69696514169e17de1daeae60""]",0.482174,0.393802,0.482174,0.393802,,ballout,0.0,0,,0.0
212200,13020.0,Equipo Rival 4,1,3259387,3259387,"[""69696514169e17de1daeae61""]",0.482174,0.393802,0.482174,0.393802,left,home,0.0,1,sideways,0.0
212200,,,1,3259387,3262557,[],0.0812331,0.614539,0.0812331,0.614539,,neutral,0.0,0,,0.0
212200,12987.0,Tu Equipo,1,3262557,3309057,"[""69696514169e17de1daeae62"", ""69696514169e17de1daeae63"", ""69696514169e17de1daeae64"", ""69696514169e17de1daeae65"", ""69696514169e17de1daeae66"", ""69696514169e17de1daeae67"", ""69696514169e17de1daeae68"", ""69696514169e17de1daeae69"", ""69696514169e17de1daeae6a"", ""69696514169e17de1daeae6b"", ""69696514169e17de1daeae6c"", ""69696514169e17de1daeae6e"", ""69696514169e17de1daeae6f"", ""69696514169e17de1daeae70"", ""69696514169e17de1daeae71"", ""69696514169e17de1daeae72"", ""69696514169e17de1daeae73"", ""69696514169e17de1daeae74"", ""69696514169e17de1daeae75"", ""69696514169e17de1daeae76""]",0.0812331,0.614539,0.834524,0.08423599999999998,right,away,192.4466,12,backward,86.928
212200,,,1,3309057,3309975,[],0.828786,0.0758104,0.828786,0.0758104,,neutral,0.0,0,,0.0
212200,13020.0,Equipo Rival 4,1,3309975,3317924,"[""69696514169e17de1daeae77"", ""69696514169e17de1daeae78"", ""69696514169e17de1daeae79"", ""69696514169e17de1daeae7a""]",0.828786,0.0758104,0.481824,0.40659100000000004,left,home,29.4908,2,forward,42.8154
212200,12987.0,Tu Equipo,1,3317924,3340290,"[""69696514169e17de1daeae7c"", ""69696514169e17de1daeae7d"", ""69696514169e17de1daeae7e"", ""69696514169e17de1daeae7f"", ""69696514169e17de1daeae80"", ""69696514169e17de1daeae81"", ""69696514169e17de1daeae82"", ""69696514169e17de1daeae83"", ""69696514169e17de1daeae84"", ""69696514169e17de1daeae85"", ""69696514169e17de1daeae86"", ""69696514169e17de1daeae87"", ""69696514169e17de1daeae88"", ""69696514169e17de1daeae89"", ""69696514169e17de1daeae8a"", ""69696514169e17de1daeae8b"", ""69696514169e17de1daeae8c""]",0.481824,0.40659100000000004,0.538812,0.12924999999999998,right,away,138.1844,10,backward,19.7857
212200,,,1,3340290,3341982,"[""69696514169e17de1daeae8d""]",0.697818,0.193496,0.697818,0.193496,,neutral,0.0,0,,0.0
212200,13020.0,Equipo Rival 4,1,3341982,3347401,"[""69696514169e17de1daeae8e"", ""69696514169e17de1daeae8f"", ""69696514169e17de1daeae90"", ""69696514169e17de1daeae91""]",0.697818,0.193496,0.9234838,0.50628,left,home,28.9378,2,forward,31.8407
212200,,,1,3347401,3349957,[],0.471845,0.440357,0.471845,0.440357,,neutral,0.0,0,,0.0
212200,12987.0,Tu Equipo,1,3349957,3379799,"[""69696514169e17de1daeae92"", ""69696514169e17de1daeae93""]",0.471845,0.440357,0.657001,0.391422,right,away,19.4922,1,sideways,19.7241
212200,13020.0,Equipo Rival 4,1,3379799,3384457,"[""69696514169e17de1daeae94"", ""69696514169e17de1daeae95"", ""69696514169e17de1daeae97""]",0.657001,0.391422,0.19753,0.28316399999999997,left,home,40.2403,1,sideways,48.8029
212200,,,1,3384457,3389680,[],0.809847,0.227699,0.809847,0.227699,,neutral,0.0,0,,0.0
212200,13020.0,Equipo Rival 4,1,3389680,3391454,"[""69696514169e17de1daeae98"", ""69696514169e17de1daeae99""]",0.809847,0.227699,0.777803,0.142551,left,home,6.6967,1,backward,6.6967
212200,,,1,3391454,3398395,"[""69696514169e17de1daeae9a""]",0.5803849999999999,0.479312,0.5803849999999999,0.479312,,neutral,0.0,0,,0.0
212200,13020.0,Equipo Rival 4,1,3398395,3402057,"[""69696514169e17de1daeae9c"", ""69696514169e17de1daeae9e""]",0.5803849999999999,0.479312,0.378804,0.560505,left,home,20.0645,1,sideways,21.8742
212200,12987.0,Tu Equipo,1,3402057,3407357,"[""69696514169e17de1daeae9f"", ""69696514169e17de1daeaea0"", ""69696514169e17de1daeaea1"", ""69696514169e17de1daeaea2"", ""69696514169e17de1daeaea3""]",0.378804,0.560505,0.398916,0.437418,right,away,16.965,2,backward,8.6322
212200,,,1,3407357,3491048,[],0.131449,0.5226489999999999,0.131449,0.5226489999999999,,ballout,0.0,0,,0.0
212200,12987.0,Tu Equipo,1,3491048,3513157,"[""69696514169e17de1daeaeac"", ""69696514169e17de1daeaead"", ""69696514169e17de1daeaeae"", ""69696514169e17de1daeaeaf"", ""69696514169e17de1daeaeb0"", ""69696514169e17de1daeaeb1"", ""69696514169e17de1daeaeb2"", ""69696514169e17de1daeaeb3"", ""69696514169e17de1daeaeb4"", ""69696514169e17de1daeaeb5"", ""69696514169e17de1daeaeb6"", ""69696514169e17de1daeaeb7"", ""69696514169e17de1daeaeb8"", ""69696514169e17de1daeaeb9"", ""69696514169e17de1daeaeba"", ""69696514169e17de1daeaebb"", ""69696514169e17de1daeaebc"", ""69696514169e17de1daeaebd""]",0.131449,0.5226489999999999,0.606281,0.88224,right,away,104.7342,10,forward,55.5308
212200,,,1,3513157,3514219,[],0.6927220000000001,0.763154,0.6927220000000001,0.763154,,neutral,0.0,0,,0.0
212200,13020.0,Equipo Rival 4,1,3514219,3521065,"[""69696514169e17de1daeaebe"", ""69696514169e17de1daeaebf"", ""69696514169e17de1daeaec0"", ""69696514169e17de1daeaec2"", ""69696514169e17de1daeaec3""]",0.6927220000000001,0.763154,0.540807,0.725587,left,home,64.4718,3,sideways,16.1543
212200,,,1,3521065,3522257,[],0.423179,0.7498560000000001,0.423179,0.7498560000000001,,neutral,0.0,0,,0.0
212200,12987.0,Tu Equipo,1,3522257,3524745,"[""69696514169e17de1daeaec4"", ""69696514169e17de1daeaec5""]",0.423179,0.7498560000000001,0.49514800000000003,0.773004,right,away,14.4119,1,sideways,7.7189
212200,13020.0,Equipo Rival 4,1,3524745,3535290,"[""69696514169e17de1daeaec6"", ""69696514169e17de1daeaec7"", ""69696514169e17de1daeaec8"", ""69696514169e17de1daeaec9""]",0.49514800000000003,0.773004,0.0626599,0.825758,left,home,33.4671,1,sideways,45.5527
212200,,,1,3535290,3536524,[],0.0427324,0.9238039,0.0427324,0.9238039,,neutral,0.0,0,,0.0
212200,12987.0,Tu Equipo,1,3536524,3537650,"[""69696514169e17de1daeaeca"", ""69696514169e17de1daeaecb""]",0.0427324,0.9238039,0.243305,0.9098905,right,away,21.0814,1,sideways,21.0814
212200,,,1,3537650,3558324,[],0.449481,1.0,0.449481,1.0,,ballout,0.0,0,,0.0
212200,13020.0,Equipo Rival 4,1,3558324,3558324,"[""69696514169e17de1daeaecc""]",0.449481,1.0,0.449481,1.0,left,home,0.0,1,sideways,0.0
212200,,,1,3558324,3560490,"[""69696514169e17de1daeaecd""]",0.319531,0.9440563,0.319531,0.9440563,,neutral,0.0,0,,0.0
212200,,,1,3560490,3568224,[],0.37371600000000005,1.0,0.37371600000000005,1.0,,ballout,0.0,0,,0.0
212200,13020.0,Equipo Rival 4,1,3568224,3574090,"[""69696514169e17de1daeaecf"", ""69696514169e17de1daeaed0"", ""69696514169e17de1daeaed1"", ""69696514169e17de1daeaed2"", ""69696514169e17de1daeaed3"", ""69696514169e17de1daeaed5""]",0.37371600000000005,1.0,0.265598,0.929041,left,home,29.1926,4,backward,12.3353
212200,,,1,3574090,3581724,"[""69696514169e17de1daeaed6""]",0.0643487,0.896084,0.0234326,0.7476700000000001,,neutral,10.9685,0,,10.9685
212200,12987.0,Tu Equipo,1,3581724,3614525,"[""69696514169e17de1daeaed8"", ""69696514169e17de1daeaed9"", ""69696514169e17de1daeaeda"", ""69696514169e17de1daeaedb"", ""69696514169e17de1daeaedc"", ""69696514169e17de1daeaedd"", ""69696514169e17de1daeaede"", ""69696514169e17de1daeaedf"", ""69696514169e17de1daeaee0"", ""69696514169e17de1daeaee1"", ""69696514169e17de1daeaee2"", ""69696514169e17de1daeaee3"", ""69696514169e17de1daeaee4"", ""69696514169e17de1daeaee5"", ""69696514169e17de1daeaee6"", ""69696514169e17de1daeaee7""]",0.0234326,0.7476700000000001,0.780745,0.776624,right,away,112.7737,7,sideways,79.5422
212200,,,1,3614525,3616624,[],0.727214,0.847556,0.727214,0.847556,,neutral,0.0,0,,0.0
212200,12987.0,Tu Equipo,1,3616624,3621329,"[""69696514169e17de1daeaee8"", ""69696514169e17de1daeaee9"", ""69696514169e17de1daeaeea"", ""69696514169e17de1daeaeeb"", ""69696514169e17de1daeaeec"", ""69696514169e17de1daeaeed""]",0.727214,0.847556,0.7327250000000001,0.614374,right,away,21.3517,2,backward,15.8669
212200,,,1,3621329,3623624,[],0.666749,0.591145,0.666749,0.591145,,neutral,0.0,0,,0.0
212200,12987.0,Tu Equipo,1,3623624,3655024,"[""69696514169e17de1daeaeee"", ""69696514169e17de1daeaeef"", ""69696514169e17de1daeaef0"", ""69696514169e17de1daeaef1"", ""69696514169e17de1daeaef2"", ""69696514169e17de1daeaef3"", ""69696514169e17de1daeaef4"", ""69696514169e17de1daeaef5"", ""69696514169e17de1daeaef6"", ""69696514169e17de1daeaef7"", ""69696514169e17de1daeaef8"", ""69696514169e17de1daeaef9"", ""69696514169e17de1daeaefa"", ""69696514169e17de1daeaefb"", ""69696514169e17de1daeaefc"", ""69696514169e17de1daeaefd"", ""69696514169e17de1daeaefe"", ""69696514169e17de1daeaeff"", ""69696514169e17de1daeaf00"", ""69696514169e17de1daeaf01"", ""69696514169e17de1daeaf02""]",0.666749,0.591145,0.985489,0.6775089999999999,right,away,134.1248,11,sideways,33.9791
212200,,,1,3655024,3693957,"[""69696514169e17de1daeaf03""]",1.0,1.0,1.0,1.0,,ballout,0.0,0,,0.0
212200,12987.0,Tu Equipo,1,3693957,3695390,"[""69696514169e17de1daeaf04"", ""69696514169e17de1daeaf06""]",1.0,1.0,0.922901,0.531369,right,away,32.8791,0,backward,32.8791
212200,,,1,3695390,3706257,[],0.9570501,0.541443,0.9570501,0.541443,,ballout,0.0,0,,0.0
212200,13020.0,Equipo Rival 4,1,3706257,3719668,"[""69696514169e17de1daeaf07"", ""69696514169e17de1daeaf08"", ""69696514169e17de1daeaf09"", ""69696514169e17de1daeaf0a"", ""69696514169e17de1daeaf0b"", ""69696514169e17de1daeaf0c"", ""69696514169e17de1daeaf0d""]",0.9570501,0.541443,0.12819899999999995,0.376402,left,home,93.7486,4,sideways,87.75
212200,,,1,3719668,3752357,[],0.0504158,0.505576,0.0504158,0.505576,,ballout,0.0,0,,0.0
212200,12987.0,Tu Equipo,1,3752357,3759925,"[""69696514169e17de1daeaf0e"", ""69696514169e17de1daeaf0f"", ""69696514169e17de1daeaf10"", ""69696514169e17de1daeaf11"", ""69696514169e17de1daeaf12"", ""69696514169e17de1daeaf13""]",0.0504158,0.505576,0.08682800000000002,0.300523,right,away,36.3726,3,backward,14.4583
212200,13020.0,Equipo Rival 4,1,3759925,3760992,"[""69696514169e17de1daeaf14"", ""69696514169e17de1daeaf15""]",0.08682800000000002,0.300523,0.036706000000000016,0.30616,left,home,5.2768,0,sideways,5.2768
212200,,,1,3760992,3783457,[],0.0546176,1.0,0.0546176,1.0,,ballout,0.0,0,,0.0
212200,12987.0,Tu Equipo,1,3783457,3795324,"[""69696514169e17de1daeaf16"", ""69696514169e17de1daeaf17"", ""69696514169e17de1daeaf18"", ""69696514169e17de1daeaf19"", ""69696514169e17de1daeaf1a"", ""69696514169e17de1daeaf1b"", ""69696514169e17de1daeaf1c"", ""69696514169e17de1daeaf1d""]",0.0546176,1.0,0.0966012,0.42681,right,away,54.5296,6,backward,39.2254
212200,,,1,3795324,3796890,"[""69696514169e17de1daeaf1e""]",0.0441132,0.49906799999999996,0.0441132,0.49906799999999996,,neutral,0.0,0,,0.0
212200,12987.0,Tu Equipo,1,3796890,3806490,"[""69696514169e17de1daeaf1f"", ""69696514169e17de1daeaf20"", ""69696514169e17de1daeaf21"", ""69696514169e17de1daeaf22""]",0.0441132,0.49906799999999996,0.258845,0.426922,right,away,7.6739,1,sideways,23.0744
212200,,,1,3806490,3831090,"[""69696514169e17de1daeaf23""]",0.295048,0.39490400000000003,0.295048,0.39490400000000003,,ballout,0.0,0,,0.0
212200,12987.0,Tu Equipo,1,3831090,3845390,"[""69696514169e17de1daeaf24"", ""69696514169e17de1daeaf25"", ""69696514169e17de1daeaf26"", ""69696514169e17de1daeaf27"", ""69696514169e17de1daeaf28"", ""69696514169e17de1daeaf29"", ""69696514169e17de1daeaf2a"", ""69696514169e17de1daeaf2b"", ""69696514169e17de1daeaf2c""]",0.295048,0.39490400000000003,0.807765,0.852213,right,away,58.7877,5,forward,62.1712
212200,,,1,3845390,3847672,"[""69696514169e17de1daeaf2e""]",0.9605575,0.864963,0.9605575,0.864963,,neutral,0.0,0,,0.0
212200,,,1,3847672,3858824,[],0.9435524,0.599514,0.9435524,0.599514,,ballout,0.0,0,,0.0
212200,13020.0,Equipo Rival 4,1,3858824,3862604,"[""69696514169e17de1daeaf2f"", ""69696514169e17de1daeaf30"", ""69696514169e17de1daeaf31""]",0.9435524,0.599514,0.859862,0.204339,left,home,22.1645,2,backward,28.2722
212200,,,1,3862604,3864788,[],0.403034,0.32043600000000005,0.403034,0.32043600000000005,,neutral,0.0,0,,0.0
212200,12987.0,Tu Equipo,1,3864788,3866057,"[""69696514169e17de1daeaf32"", ""69696514169e17de1daeaf33""]",0.403034,0.32043600000000005,0.597784,0.27517,right,away,20.6791,1,sideways,20.6791
212200,,,1,3866057,3867254,[],0.5275110000000001,0.198864,0.5275110000000001,0.198864,,neutral,0.0,0,,0.0
212200,13020.0,Equipo Rival 4,1,3867254,3871357,"[""69696514169e17de1daeaf34"", ""69696514169e17de1daeaf35"", ""69696514169e17de1daeaf36"", ""69696514169e17de1daeaf37"", ""69696514169e17de1daeaf38""]",0.5275110000000001,0.198864,0.5340659999999999,0.0303501,left,home,15.6904,3,backward,11.4796
212200,,,1,3871357,3873190,"[""69696514169e17de1daeaf39""]",0.618059,0.12281399999999998,0.618059,0.12281399999999998,,neutral,0.0,0,,0.0
212200,12987.0,Tu Equipo,1,3873190,3880690,"[""69696514169e17de1daeaf3a"", ""69696514169e17de1daeaf3b"", ""69696514169e17de1daeaf3d"", ""69696514169e17de1daeaf3e"", ""69696514169e17de1daeaf3f"", ""69696514169e17de1daeaf40""]",0.618059,0.12281399999999998,0.6094310000000001,0.238212,right,away,22.9089,2,forward,7.8992
212200,,,1,3880690,3900010,"[""69696514169e17de1daeaf41""]",0.727265,0.148811,0.727265,0.148811,,ballout,0.0,0,,0.0
212200,13020.0,Equipo Rival 4,1,3900010,3904286,"[""69696514169e17de1daeaf42"", ""69696514169e17de1daeaf43"", ""69696514169e17de1daeaf44""]",0.727265,0.148811,0.574423,0.632451,left,home,30.7411,2,forward,36.5943
212200,,,1,3904286,3907324,[],0.142855,0.46001499999999995,0.142855,0.46001499999999995,,neutral,0.0,0,,0.0
212200,12987.0,Tu Equipo,1,3907324,3911224,"[""69696514169e17de1daeaf45"", ""69696514169e17de1daeaf47"", ""69696514169e17de1daeaf48""]",0.142855,0.46001499999999995,0.205881,0.814742,right,away,13.4525,1,forward,25.0128
212200,,,1,3911224,3921401,[],0.19775399999999999,1.0,0.19775399999999999,1.0,,ballout,0.0,0,,0.0
212200,13020.0,Equipo Rival 4,1,3921401,3926037,"[""69696514169e17de1daeaf49"", ""69696514169e17de1daeaf4a"", ""69696514169e17de1daeaf4b""]",0.19775399999999999,1.0,0.356646,0.913332,left,home,19.3091,2,sideways,17.694
212200,,,1,3926037,3931590,"[""69696514169e17de1daeaf4c"", ""69696514169e17de1daeaf4d""]",0.185115,0.542994,0.39223699999999995,0.397657,,neutral,23.8881,0,,23.8881
212200,13020.0,Equipo Rival 4,1,3931590,3931590,"[""69696514169e17de1daeaf4f""]",0.39223699999999995,0.397657,0.39223699999999995,0.397657,left,home,0.0,1,sideways,0.0
212200,,,1,3931590,3984757,[],0.300356,0.5579160000000001,0.300356,0.5579160000000001,,ballout,0.0,0,,0.0
212200,12987.0,Tu Equipo,1,3984757,4003690,"[""69696514169e17de1daeaf53"", ""69696514169e17de1daeaf54"", ""69696514169e17de1daeaf55"", ""69696514169e17de1daeaf56"", ""69696514169e17de1daeaf57"", ""69696514169e17de1daeaf58"", ""69696514169e17de1daeaf59"", ""69696514169e17de1daeaf5a"", ""69696514169e17de1daeaf5b"", ""69696514169e17de1daeaf5c"", ""69696514169e17de1daeaf5d"", ""69696514169e17de1daeaf5e"", ""69696514169e17de1daeaf5f"", ""69696514169e17de1daeaf60""]",0.300356,0.5579160000000001,0.614424,0.365132,right,away,112.4501,8,backward,35.4873
212200,,,1,4003690,4005490,"[""69696514169e17de1daeaf61""]",0.650787,0.465004,0.579005,0.48428099999999996,,neutral,7.6502,0,,7.6502
212200,12987.0,Tu Equipo,1,4005490,4013857,"[""69696514169e17de1daeaf62"", ""69696514169e17de1daeaf63"", ""69696514169e17de1daeaf64"", ""69696514169e17de1daeaf65"", ""69696514169e17de1daeaf66"", ""69696514169e17de1daeaf67"", ""69696514169e17de1daeaf68"", ""69696514169e17de1daeaf6a""]",0.579005,0.48428099999999996,0.879032,0.24522699999999997,right,away,47.9472,4,backward,35.4496
212200,,,1,4013857,4015668,"[""69696514169e17de1daeaf6c""]",0.848301,0.39881,0.848301,0.39881,,neutral,0.0,0,,0.0
212200,,,1,4015668,4047290,[],0.997916,0.0011480000000000379,0.997916,0.0011480000000000379,,ballout,0.0,0,,0.0
212200,12987.0,Tu Equipo,1,4047290,4048890,"[""69696514169e17de1daeaf6d"", ""69696514169e17de1daeaf6e""]",0.997916,0.0011480000000000379,0.915981,0.525103,right,away,36.6529,0,forward,36.6529
212200,,,1,4048890,4103837,[],0.47842300000000004,0.502363,0.47842300000000004,0.502363,,ballout,0.0,0,,0.0
212200,13020.0,Equipo Rival 4,1,4103837,4114824,"[""69696514169e17de1daeaf70"", ""69696514169e17de1daeaf71"", ""69696514169e17de1daeaf72"", ""69696514169e17de1daeaf73"", ""69696514169e17de1daeaf74"", ""69696514169e17de1daeaf75"", ""69696514169e17de1daeaf77""]",0.47842300000000004,0.502363,0.295526,0.28926300000000005,left,home,74.7539,4,backward,24.0579
212200,12987.0,Tu Equipo,1,4114824,4121457,"[""69696514169e17de1daeaf78"", ""69696514169e17de1daeaf79"", ""69696514169e17de1daeaf7a"", ""69696514169e17de1daeaf7b""]",0.295526,0.28926300000000005,0.0504158,0.440489,right,away,24.3448,2,forward,27.715
212200,,,1,4121457,4123173,[],0.17552199999999996,0.166153,0.17552199999999996,0.166153,,neutral,0.0,0,,0.0
212200,13020.0,Equipo Rival 4,1,4123173,4123940,"[""69696514169e17de1daeaf7c""]",0.17552199999999996,0.166153,0.183216,0.24416000000000004,left,home,5.3656,0,forward,5.3656
212200,12987.0,Tu Equipo,1,4123940,4135357,"[""69696514169e17de1daeaf7d"", ""69696514169e17de1daeaf7e"", ""69696514169e17de1daeaf7f"", ""69696514169e17de1daeaf80"", ""69696514169e17de1daeaf81"", ""69696514169e17de1daeaf82"", ""69696514169e17de1daeaf83"", ""69696514169e17de1daeaf84"", ""69696514169e17de1daeaf85""]",0.183216,0.24416000000000004,0.564127,0.9517903,right,away,53.1894,4,forward,62.5706
212200,,,1,4135357,4138516,[],0.805122,0.996648,0.805122,0.996648,,neutral,0.0,0,,0.0
212200,13020.0,Equipo Rival 4,1,4138516,4139927,"[""69696514169e17de1daeaf86"", ""69696514169e17de1daeaf87""]",0.805122,0.996648,0.9302307,0.747311,left,home,21.4484,2,backward,21.4484
212200,,,1,4139927,4146877,"[""69696514169e17de1daeaf88"", ""69696514169e17de1daeaf8a""]",0.596457,0.814943,0.596457,0.814943,,neutral,0.0,0,,0.0
212200,12987.0,Tu Equipo,1,4146877,4152990,"[""69696514169e17de1daeaf8c"", ""69696514169e17de1daeaf8d"", ""69696514169e17de1daeaf8e"", ""69696514169e17de1daeaf8f""]",0.596457,0.814943,0.905573,0.9100292,right,away,22.2209,1,sideways,33.095
212200,,,1,4152990,4166786,[],0.9370985000000001,0.433782,0.9370985000000001,0.433782,,ballout,0.0,0,,0.0
212200,13020.0,Equipo Rival 4,1,4166786,4174024,"[""69696514169e17de1daeaf90"", ""69696514169e17de1daeaf91"", ""69696514169e17de1daeaf92"", ""69696514169e17de1daeaf94""]",0.9370985000000001,0.433782,0.549396,0.292737,left,home,59.2845,2,sideways,41.8233
212200,12987.0,Tu Equipo,1,4174024,4175524,"[""69696514169e17de1daeaf95"", ""69696514169e17de1daeaf96""]",0.549396,0.292737,0.565495,0.239286,right,away,4.0085,1,backward,4.0085
212200,,,1,4175524,4176588,[],0.609605,0.114662,0.609605,0.114662,,neutral,0.0,0,,0.0
212200,13020.0,Equipo Rival 4,1,4176588,4178605,"[""69696514169e17de1daeaf97"", ""69696514169e17de1daeaf98""]",0.609605,0.114662,0.529566,0.104467,left,home,8.4326,1,sideways,8.4326
212200,,,1,4178605,4179390,[],0.411156,0.09809599999999996,0.411156,0.09809599999999996,,neutral,0.0,0,,0.0
212200,12987.0,Tu Equipo,1,4179390,4218490,"[""69696514169e17de1daeaf99"", ""69696514169e17de1daeaf9a"", ""69696514169e17de1daeaf9b"", ""69696514169e17de1daeaf9c"", ""69696514169e17de1daeaf9d"", ""69696514169e17de1daeaf9f"", ""69696514169e17de1daeafa0"", ""69696514169e17de1daeafa1"", ""69696514169e17de1daeafa2"", ""69696514169e17de1daeafa3"", ""69696514169e17de1daeafa4"", ""69696514169e17de1daeafa5"", ""69696514169e17de1daeafa6"", ""69696514169e17de1daeafa7"", ""69696514169e17de1daeafa8"", ""69696514169e17de1daeafa9"", ""69696514169e17de1daeafaa"", ""69696514169e17de1daeafab"", ""69696514169e17de1daeafac"", ""69696514169e17de1daeafad"", ""69696514169e17de1daeafae"", ""69696514169e17de1daeafaf"", ""69696514169e17de1daeafb0"", ""69696514169e17de1daeafb2""]",0.411156,0.09809599999999996,0.72272,0.302296,right,away,172.3493,14,forward,35.5391
212200,,,1,4218490,4253713,[],0.532437,0.0,0.532437,0.0,,ballout,0.0,0,,0.0
212200,13020.0,Equipo Rival 4,1,4253713,4253713,"[""69696514169e17de1daeafb5""]",0.532437,0.0,0.532437,0.0,left,home,0.0,1,sideways,0.0
212200,,,1,4253713,4257757,"[""69696514169e17de1daeafb6""]",0.165032,0.02816200000000002,0.165032,0.02816200000000002,,neutral,0.0,0,,0.0
212200,12987.0,Tu Equipo,1,4257757,4272869,"[""69696514169e17de1daeafb7"", ""69696514169e17de1daeafb8"", ""69696514169e17de1daeafb9"", ""69696514169e17de1daeafba"", ""69696514169e17de1daeafbb"", ""69696514169e17de1daeafbc"", ""69696514169e17de1daeafbd"", ""69696514169e17de1daeafbe"", ""69696514169e17de1daeafbf"", ""69696514169e17de1daeafc0"", ""69696514169e17de1daeafc1""]",0.165032,0.02816200000000002,0.465248,0.0413568,right,away,97.4971,5,sideways,31.5354
212200,,,1,4272869,4282257,[],0.475982,0.0,0.475982,0.0,,ballout,0.0,0,,0.0
212200,12987.0,Tu Equipo,1,4282257,4294724,"[""69696514169e17de1daeafc2"", ""69696514169e17de1daeafc3"", ""69696514169e17de1daeafc4"", ""69696514169e17de1daeafc5"", ""69696514169e17de1daeafc6"", ""69696514169e17de1daeafc7"", ""69696514169e17de1daeafc8"", ""69696514169e17de1daeafc9"", ""69696514169e17de1daeafca""]",0.475982,0.0,0.509215,0.36008300000000004,right,away,56.2209,5,forward,24.733
212200,,,1,4294724,4316625,[],0.9367656,0.519548,0.9367656,0.519548,,ballout,0.0,0,,0.0
212200,13020.0,Equipo Rival 4,1,4316625,4321990,"[""69696514169e17de1daeafcb"", ""69696514169e17de1daeafcc"", ""69696514169e17de1daeafcd"", ""69696514169e17de1daeafce"", ""69696514169e17de1daeafcf""]",0.9367656,0.519548,0.299084,0.399903,left,home,71.58,3,sideways,67.449
212200,,,1,4321990,4322457,[],0.33758,0.451213,0.33758,0.451213,,neutral,0.0,0,,0.0
212200,12987.0,Tu Equipo,1,4322457,4323557,"[""69696514169e17de1daeafd0"", ""69696514169e17de1daeafd1""]",0.33758,0.451213,0.321741,0.494649,right,away,3.3897,0,forward,3.3897
212200,,,1,4323557,4338657,"[""69696514169e17de1daeafd2""]",0.344127,0.5531969999999999,0.344127,0.5531969999999999,,ballout,0.0,0,,0.0
212200,12987.0,Tu Equipo,1,4338657,4351250,"[""69696514169e17de1daeafd3"", ""69696514169e17de1daeafd4"", ""69696514169e17de1daeafd5"", ""69696514169e17de1daeafd6"", ""69696514169e17de1daeafd7"", ""69696514169e17de1daeafd8"", ""69696514169e17de1daeafd9"", ""69696514169e17de1daeafda"", ""69696514169e17de1daeafdb""]",0.344127,0.5531969999999999,0.40044199999999996,0.345268,right,away,44.5551,4,backward,15.3258
212200,,,1,4351250,4352741,[],0.436291,0.225218,0.436291,0.225218,,neutral,0.0,0,,0.0
212200,13020.0,Equipo Rival 4,1,4352741,4362037,"[""69696514169e17de1daeafdc"", ""69696514169e17de1daeafdd"", ""69696514169e17de1daeafde"", ""69696514169e17de1daeafdf"", ""69696514169e17de1daeafe1""]",0.436291,0.225218,0.0,0.0236067,left,home,12.5765,1,sideways,47.818
212200,,,1,4362037,4368040,"[""69696514169e17de1daeafe2"", ""69696514169e17de1daeafe3"", ""69696514169e17de1daeafe4"", ""69696514169e17de1daeafe5""]",0.0588194,0.41770799999999997,0.38179399999999997,0.0671062,,neutral,41.454,0,,41.454
212200,,,1,4368040,4402066,[],0.0,0.00420046,0.0,0.00420046,,ballout,0.0,0,,0.0
212200,13020.0,Equipo Rival 4,1,4402066,4402066,"[""69696514169e17de1daeafe6""]",0.0,0.00420046,0.0,0.00420046,left,home,0.0,0,sideways,0.0
212200,,,1,4402066,4407857,"[""69696514169e17de1daeafe7""]",0.0231043,0.49255899999999997,0.358007,0.07086099999999995,,neutral,45.3745,0,,45.3745
212200,12987.0,Tu Equipo,1,4407857,4409006,"[""69696514169e17de1daeafe8"", ""69696514169e17de1daeafe9"", ""69696514169e17de1daeafea""]",0.358007,0.07086099999999995,0.429372,0.049775000000000014,right,away,7.6293,0,sideways,7.6293
212200,,,1,4409006,4452701,[],0.464366,0.043961999999999946,0.464366,0.043961999999999946,,ballout,0.0,0,,0.0
212200,12987.0,Tu Equipo,1,4452701,4513784,"[""69696514169e17de1daeafeb"", ""69696514169e17de1daeafec"", ""69696514169e17de1daeafed"", ""69696514169e17de1daeafee"", ""69696514169e17de1daeafef"", ""69696514169e17de1daeaff0"", ""69696514169e17de1daeaff1"", ""69696514169e17de1daeaff2"", ""69696514169e17de1daeaff3"", ""69696514169e17de1daeaff4"", ""69696514169e17de1daeaff5"", ""69696514169e17de1daeaff6"", ""69696514169e17de1daeaff7"", ""69696514169e17de1daeaff8"", ""69696514169e17de1daeaff9"", ""69696514169e17de1daeaffa"", ""69696514169e17de1daeaffb"", ""69696514169e17de1daeaffc"", ""69696514169e17de1daeaffd"", ""69696514169e17de1daeaffe"", ""69696514169e17de1daeafff"", ""69696514169e17de1daeb000"", ""69696514169e17de1daeb001"", ""69696514169e17de1daeb002"", ""69696514169e17de1daeb003"", ""69696514169e17de1daeb004"", ""69696514169e17de1daeb005"", ""69696514169e17de1daeb006"", ""69696514169e17de1daeb007"", ""69696514169e17de1daeb008"", ""69696514169e17de1daeb009"", ""69696514169e17de1daeb00a"", ""69696514169e17de1daeb00b"", ""69696514169e17de1daeb00c"", ""69696514169e17de1daeb00d"", ""69696514169e17de1daeb00e"", ""69696514169e17de1daeb00f"", ""69696514169e17de1daeb010"", ""69696514169e17de1daeb011"", ""69696514169e17de1daeb012"", ""69696514169e17de1daeb013""]",0.464366,0.043961999999999946,0.897768,0.570074,right,away,317.0733,22,forward,57.8861
212200,,,1,4513784,4514385,"[""69696514169e17de1daeb014"", ""69696514169e17de1daeb015""]",0.9102036,0.532611,0.9102036,0.532611,,neutral,0.0,0,,0.0
212200,,,1,4514385,4602790,[],0.952832,0.532111,0.952832,0.532111,,ballout,0.0,0,,0.0
212200,13020.0,Equipo Rival 4,1,4602790,4615890,"[""69696514169e17de1daeb016"", ""69696514169e17de1daeb017"", ""69696514169e17de1daeb018"", ""69696514169e17de1daeb019"", ""69696514169e17de1daeb01a""]",0.952832,0.532111,0.22771399999999997,0.190542,left,home,59.6133,3,sideways,79.6014
212200,,,1,4615890,4651190,[],0.167277,0.09937399999999996,0.167277,0.09937399999999996,,ballout,0.0,0,,0.0
212200,12987.0,Tu Equipo,1,4651190,4700290,"[""69696514169e17de1daeb01c"", ""69696514169e17de1daeb01d"", ""69696514169e17de1daeb01e"", ""69696514169e17de1daeb01f"", ""69696514169e17de1daeb020"", ""69696514169e17de1daeb021"", ""69696514169e17de1daeb022"", ""69696514169e17de1daeb023"", ""69696514169e17de1daeb024"", ""69696514169e17de1daeb025"", ""69696514169e17de1daeb026"", ""69696514169e17de1daeb027"", ""69696514169e17de1daeb028"", ""69696514169e17de1daeb029"", ""69696514169e17de1daeb02a"", ""69696514169e17de1daeb02b"", ""69696514169e17de1daeb02c"", ""69696514169e17de1daeb02d"", ""69696514169e17de1daeb02e"", ""69696514169e17de1daeb02f"", ""69696514169e17de1daeb030"", ""69696514169e17de1daeb031"", ""69696514169e17de1daeb032"", ""69696514169e17de1daeb033"", ""69696514169e17de1daeb034"", ""69696514169e17de1daeb035"", ""69696514169e17de1daeb036"", ""69696514169e17de1daeb037""]",0.167277,0.09937399999999996,0.768993,0.39679200000000003,right,away,230.8484,15,sideways,66.3382
212200,,,1,4700290,4702157,"[""69696514169e17de1daeb038""]",0.721911,0.373513,0.721911,0.373513,,neutral,0.0,0,,0.0
212200,12987.0,Tu Equipo,1,4702157,4706324,"[""69696514169e17de1daeb039"", ""69696514169e17de1daeb03a"", ""69696514169e17de1daeb03b"", ""69696514169e17de1daeb03c""]",0.721911,0.373513,0.807215,0.12013200000000002,right,away,19.6107,1,backward,19.419
212200,,,1,4706324,4708865,[],0.9085498,0.214238,0.9085498,0.214238,,neutral,0.0,0,,0.0
212200,13020.0,Equipo Rival 4,1,4708865,4711171,"[""69696514169e17de1daeb03d"", ""69696514169e17de1daeb03e""]",0.9085498,0.214238,0.88654,0.139935,left,home,5.556,1,backward,5.556
212200,,,1,4711171,4716190,[],0.28272,0.412778,0.28272,0.412778,,neutral,0.0,0,,0.0
212200,12987.0,Tu Equipo,1,4716190,4746857,"[""69696514169e17de1daeb03f"", ""69696514169e17de1daeb040"", ""69696514169e17de1daeb041"", ""69696514169e17de1daeb042"", ""69696514169e17de1daeb043"", ""69696514169e17de1daeb044"", ""69696514169e17de1daeb045"", ""69696514169e17de1daeb046"", ""69696514169e17de1daeb047"", ""69696514169e17de1daeb048"", ""69696514169e17de1daeb049"", ""69696514169e17de1daeb04a"", ""69696514169e17de1daeb04b"", ""69696514169e17de1daeb04c"", ""69696514169e17de1daeb04d"", ""69696514169e17de1daeb04e"", ""69696514169e17de1daeb04f"", ""69696514169e17de1daeb050"", ""69696514169e17de1daeb051""]",0.28272,0.412778,0.6625,0.251387,right,away,126.6515,10,sideways,41.3595
212200,,,1,4746857,4749593,"[""69696514169e17de1daeb053""]",0.9101865,0.285003,0.9101865,0.285003,,neutral,0.0,0,,0.0
212200,,,1,4749593,4787457,[],1.0,0.0,1.0,0.0,,ballout,0.0,0,,0.0
212200,12987.0,Tu Equipo,1,4787457,4787457,"[""69696514169e17de1daeb054""]",1.0,0.0,1.0,0.0,right,away,0.0,0,sideways,0.0
212200,,,1,4787457,4789757,[],0.97107,0.576133,0.97107,0.576133,,neutral,0.0,0,,0.0
212200,12987.0,Tu Equipo,1,4789757,4789757,"[""69696514169e17de1daeb056""]",0.97107,0.576133,0.97107,0.576133,right,away,0.0,0,sideways,0.0
212200,,,1,4789757,4880057,[],0.487996,0.511491,0.487996,0.511491,,ballout,0.0,0,,0.0
212200,13020.0,Equipo Rival 4,1,4880057,4886722,"[""69696514169e17de1daeb05e"", ""69696514169e17de1daeb05f"", ""69696514169e17de1daeb060"", ""69696514169e17de1daeb061"", ""69696514169e17de1daeb062"", ""69696514169e17de1daeb063""]",0.487996,0.511491,0.72185,0.634673,left,home,40.684,4,sideways,25.9441
212200,,,1,4886722,4892133,"[""69696514169e17de1daeb064""]",0.541365,0.440437,0.541365,0.440437,,neutral,0.0,0,,0.0
212200,13020.0,Equipo Rival 4,1,4892133,4897671,"[""69696514169e17de1daeb067"", ""69696514169e17de1daeb068"", ""69696514169e17de1daeb069"", ""69696514169e17de1daeb06a""]",0.541365,0.440437,0.8146,0.652784,left,home,30.0543,2,forward,32.1185
212200,,,1,4897671,4900499,"[""69696514169e17de1daeb06b""]",0.347501,0.5524629999999999,0.347501,0.5524629999999999,,neutral,0.0,0,,0.0
212200,,,1,4900499,4919087,[],0.575758,1.0,0.575758,1.0,,ballout,0.0,0,,0.0
212200,13020.0,Equipo Rival 4,1,4919087,4919087,"[""69696514169e17de1daeb06c""]",0.575758,1.0,0.575758,1.0,left,home,0.0,1,sideways,0.0
212200,,,1,4919087,4921790,"[""69696514169e17de1daeb06d""]",0.475927,0.9601285,0.539231,0.9716063,,neutral,6.6926,0,,6.6926
212200,12987.0,Tu Equipo,1,4921790,4922224,"[""69696514169e17de1daeb06f"", ""69696514169e17de1daeb070""]",0.539231,0.9716063,0.528821,0.9074062,right,away,4.5004,1,backward,4.5004
212200,,,1,4922224,4923717,"[""69696514169e17de1daeb071""]",0.596398,0.849422,0.596398,0.849422,,neutral,0.0,0,,0.0
212200,,,1,4923717,4935890,[],0.0555195,0.532996,0.0555195,0.532996,,ballout,0.0,0,,0.0
212200,12987.0,Tu Equipo,1,4935890,4955717,"[""69696514169e17de1daeb072"", ""69696514169e17de1daeb073"", ""69696514169e17de1daeb074"", ""69696514169e17de1daeb075"", ""69696514169e17de1daeb076"", ""69696514169e17de1daeb077"", ""69696514169e17de1daeb078"", ""69696514169e17de1daeb079"", ""69696514169e17de1daeb07a"", ""69696514169e17de1daeb07b"", ""69696514169e17de1daeb07c""]",0.0555195,0.532996,0.713695,0.853756,right,away,73.4188,5,sideways,72.4688
212200,,,1,4955717,4963424,"[""69696514169e17de1daeb07d""]",0.722835,0.755468,0.722835,0.755468,,ballout,0.0,0,,0.0
212200,13020.0,Equipo Rival 4,1,4963424,4963424,"[""69696514169e17de1daeb07e""]",0.722835,0.755468,0.722835,0.755468,left,home,0.0,1,sideways,0.0
212200,,,1,4963424,4966724,[],0.279115,0.6928019999999999,0.279115,0.6928019999999999,,neutral,0.0,0,,0.0
212200,12987.0,Tu Equipo,1,4966724,4990157,"[""69696514169e17de1daeb07f"", ""69696514169e17de1daeb080"", ""69696514169e17de1daeb081"", ""69696514169e17de1daeb082"", ""69696514169e17de1daeb083"", ""69696514169e17de1daeb084"", ""69696514169e17de1daeb085"", ""69696514169e17de1daeb086"", ""69696514169e17de1daeb087"", ""69696514169e17de1daeb088"", ""69696514169e17de1daeb089"", ""69696514169e17de1daeb08a"", ""69696514169e17de1daeb08b"", ""69696514169e17de1daeb08c"", ""69696514169e17de1daeb08d"", ""69696514169e17de1daeb08e"", ""69696514169e17de1daeb08f"", ""69696514169e17de1daeb090"", ""69696514169e17de1daeb091"", ""69696514169e17de1daeb093"", ""69696514169e17de1daeb094""]",0.279115,0.6928019999999999,0.502106,0.9774609,right,away,126.5848,11,forward,30.3793
212200,,,1,4990157,4990390,[],0.45593700000000004,0.923817,0.45593700000000004,0.923817,,neutral,0.0,0,,0.0
212200,13020.0,Equipo Rival 4,1,4990390,4998224,"[""69696514169e17de1daeb095"", ""69696514169e17de1daeb097"", ""69696514169e17de1daeb098"", ""69696514169e17de1daeb09a""]",0.45593700000000004,0.923817,0.315128,0.9318997,left,home,9.2169,1,sideways,14.7952
212200,,,1,4998224,4999524,"[""69696514169e17de1daeb09b"", ""69696514169e17de1daeb09c""]",0.283614,0.9156278,0.283614,0.9156278,,neutral,0.0,0,,0.0
212200,,,1,4999524,5014290,[],0.247899,0.9514259,0.247899,0.9514259,,ballout,0.0,0,,0.0
212200,12987.0,Tu Equipo,1,5014290,5029557,"[""69696514169e17de1daeb09d"", ""69696514169e17de1daeb09e"", ""69696514169e17de1daeb09f"", ""69696514169e17de1daeb0a0"", ""69696514169e17de1daeb0a1"", ""69696514169e17de1daeb0a2"", ""69696514169e17de1daeb0a3"", ""69696514169e17de1daeb0a4"", ""69696514169e17de1daeb0a5""]",0.247899,0.9514259,0.953797,0.772435,right,away,111.2178,4,sideways,75.112
212200,,,1,5029557,5030245,"[""69696514169e17de1daeb0a6""]",0.9806947,0.819277,0.9806947,0.819277,,neutral,0.0,0,,0.0
212200,,,1,5030245,5056490,[],1.0,0.99047841,1.0,0.99047841,,ballout,0.0,0,,0.0
212200,12987.0,Tu Equipo,1,5056490,5060657,"[""69696514169e17de1daeb0a7"", ""69696514169e17de1daeb0a8"", ""69696514169e17de1daeb0a9"", ""69696514169e17de1daeb0aa"", ""69696514169e17de1daeb0ab""]",1.0,0.99047841,0.817239,0.713856,right,away,27.3477,2,backward,26.8716
212200,,,1,5060657,5079500,[],0.9253327,0.489535,0.9253327,0.489535,,ballout,0.0,0,,0.0
212200,13020.0,Equipo Rival 4,1,5079500,5079500,"[""69696514169e17de1daeb0ac""]",0.9253327,0.489535,0.9253327,0.489535,left,home,0.0,1,sideways,0.0
212200,,,1,5079500,5082957,[],0.37593,0.46082599999999996,0.37593,0.46082599999999996,,neutral,0.0,0,,0.0
212200,12987.0,Tu Equipo,1,5082957,5082957,"[""69696514169e17de1daeb0ad""]",0.37593,0.46082599999999996,0.37593,0.46082599999999996,right,away,0.0,1,sideways,0.0
212200,,,1,5082957,5086763,"[""69696514169e17de1daeb0af""]",0.49296300000000004,0.27456,0.49296300000000004,0.27456,,neutral,0.0,0,,0.0
212200,13020.0,Equipo Rival 4,1,5086763,5094019,"[""69696514169e17de1daeb0b1"", ""69696514169e17de1daeb0b2"", ""69696514169e17de1daeb0b3"", ""69696514169e17de1daeb0b4""]",0.49296300000000004,0.27456,0.894651,0.576071,left,home,31.2869,2,forward,46.8965
212200,,,1,5094019,5098569,"[""69696514169e17de1daeb0b5"", ""69696514169e17de1daeb0b6""]",0.418071,0.6813130000000001,0.418071,0.6813130000000001,,neutral,0.0,0,,0.0
212200,,,1,5098569,5107357,[],0.392375,0.659912,0.392375,0.659912,,ballout,0.0,0,,0.0
212200,12987.0,Tu Equipo,1,5107357,5112524,"[""69696514169e17de1daeb0b7"", ""69696514169e17de1daeb0b8"", ""69696514169e17de1daeb0b9"", ""69696514169e17de1daeb0ba"", ""69696514169e17de1daeb0bb""]",0.392375,0.659912,0.302812,0.528035,right,away,22.7855,3,backward,12.9945
212200,,,1,5112524,5114796,"[""69696514169e17de1daeb0bc""]",0.45221599999999995,0.592956,0.45221599999999995,0.592956,,neutral,0.0,0,,0.0
212200,13020.0,Equipo Rival 4,1,5114796,5124799,"[""69696514169e17de1daeb0bd"", ""69696514169e17de1daeb0be"", ""69696514169e17de1daeb0bf"", ""69696514169e17de1daeb0c0"", ""69696514169e17de1daeb0c1"", ""69696514169e17de1daeb0c2""]",0.45221599999999995,0.592956,0.018889000000000045,0.271505,left,home,92.797,4,backward,50.4776
212200,,,1,5124799,5125557,"[""69696514169e17de1daeb0c3""]",0.0567185,0.32007699999999994,0.0567185,0.32007699999999994,,neutral,0.0,0,,0.0
212200,12987.0,Tu Equipo,1,5125557,5128352,"[""69696514169e17de1daeb0c4"", ""69696514169e17de1daeb0c5""]",0.0567185,0.32007699999999994,0.06129899999999999,0.111962,right,away,9.9015,1,backward,14.16
212200,13020.0,Equipo Rival 4,1,5128352,5129425,"[""69696514169e17de1daeb0c6"", ""69696514169e17de1daeb0c7""]",0.06129899999999999,0.111962,0.039312000000000014,0.0526639,left,home,4.6464,0,backward,4.6464
212200,,,1,5129425,5129657,[],0.0798282,0.09552499999999997,0.0798282,0.09552499999999997,,neutral,0.0,0,,0.0
212200,12987.0,Tu Equipo,1,5129657,5134524,"[""69696514169e17de1daeb0c8"", ""69696514169e17de1daeb0c9""]",0.0798282,0.09552499999999997,0.010499,0.07274499999999995,right,away,7.4426,0,sideways,7.4426
212200,,,1,5134524,5154102,[],0.02887099999999998,0.0021739,0.02887099999999998,0.0021739,,ballout,0.0,0,,0.0
212200,13020.0,Equipo Rival 4,1,5154102,5154102,"[""69696514169e17de1daeb0ca""]",0.02887099999999998,0.0021739,0.02887099999999998,0.0021739,left,home,0.0,1,sideways,0.0
212200,,,1,5154102,5157740,"[""69696514169e17de1daeb0cb""]",0.029407,0.310314,0.152806,0.325825,,neutral,12.9998,0,,12.9998
212200,13020.0,Equipo Rival 4,1,5157740,5159990,"[""69696514169e17de1daeb0cc"", ""69696514169e17de1daeb0cd"", ""69696514169e17de1daeb0ce"", ""69696514169e17de1daeb0cf""]",0.152806,0.325825,0.13235,0.43723500000000004,left,home,13.3576,1,forward,7.8745
212200,,,1,5159990,5192090,[],0.157561,0.4112,0.157561,0.4112,,ballout,0.0,0,,0.0
212200,12987.0,Tu Equipo,1,5192090,5225090,"[""69696514169e17de1daeb0d0"", ""69696514169e17de1daeb0d1"", ""69696514169e17de1daeb0d2"", ""69696514169e17de1daeb0d3"", ""69696514169e17de1daeb0d4"", ""69696514169e17de1daeb0d5"", ""69696514169e17de1daeb0d6"", ""69696514169e17de1daeb0d7"", ""69696514169e17de1daeb0d8"", ""69696514169e17de1daeb0d9"", ""69696514169e17de1daeb0da"", ""69696514169e17de1daeb0db"", ""69696514169e17de1daeb0dc"", ""69696514169e17de1daeb0dd"", ""69696514169e17de1daeb0de"", ""69696514169e17de1daeb0df"", ""69696514169e17de1daeb0e0"", ""69696514169e17de1daeb0e1"", ""69696514169e17de1daeb0e2"", ""69696514169e17de1daeb0e3""]",0.157561,0.4112,0.502106,0.770757,right,away,230.7204,11,forward,43.6645
212200,,,1,5225090,5242324,[],0.19132700000000002,1.0,0.19132700000000002,1.0,,ballout,0.0,0,,0.0
212200,13020.0,Equipo Rival 4,1,5242324,5243502,"[""69696514169e17de1daeb0e4"", ""69696514169e17de1daeb0e5""]",0.19132700000000002,1.0,0.274023,0.906976,left,home,10.7429,2,backward,10.7429
212200,,,1,5243502,5246124,"[""69696514169e17de1daeb0e6""]",0.111342,0.845608,0.111342,0.845608,,neutral,0.0,0,,0.0
212200,,,1,5246124,5271864,[],2.5000000000052758e-05,0.992293,2.5000000000052758e-05,0.992293,,ballout,0.0,0,,0.0
212200,13020.0,Equipo Rival 4,1,5271864,5271864,"[""69696514169e17de1daeb0e7""]",2.5000000000052758e-05,0.992293,2.5000000000052758e-05,0.992293,left,home,0.0,0,sideways,0.0
212200,,,1,5271864,5274057,"[""69696514169e17de1daeb0e8""]",0.0819291,0.56741,0.07066499999999998,0.571084,,neutral,1.2088,0,,1.2088
212200,13020.0,Equipo Rival 4,1,5274057,5274057,"[""69696514169e17de1daeb0e9""]",0.07066499999999998,0.571084,0.07066499999999998,0.571084,left,home,0.0,0,sideways,0.0
212200,,,1,5274057,5275269,"[""69696514169e17de1daeb0ea""]",0.02710800000000002,0.612048,0.02710800000000002,0.612048,,neutral,0.0,0,,0.0
212200,13020.0,Equipo Rival 4,1,5275269,5276633,"[""69696514169e17de1daeb0eb"", ""69696514169e17de1daeb0ed""]",0.02710800000000002,0.612048,0.016217999999999955,0.566265,left,home,3.3166,0,backward,3.3166
212200,,,1,5276633,5304724,[],0.0567185,0.593445,0.0567185,0.593445,,ballout,0.0,0,,0.0
212200,12987.0,Tu Equipo,1,5304724,5304724,"[""69696514169e17de1daeb0ee""]",0.0567185,0.593445,0.0567185,0.593445,right,away,0.0,1,sideways,0.0
212200,,,1,5304724,5308990,"[""69696514169e17de1daeb0f0""]",0.545072,0.579056,0.545072,0.579056,,neutral,0.0,0,,0.0
212200,12987.0,Tu Equipo,1,5308990,5313924,"[""69696514169e17de1daeb0f1"", ""69696514169e17de1daeb0f2"", ""69696514169e17de1daeb0f3""]",0.545072,0.579056,0.521791,0.850602,right,away,8.2091,2,forward,18.6262
212200,,,1,5313924,5315551,[],0.6724490000000001,0.362363,0.6724490000000001,0.362363,,neutral,0.0,0,,0.0
212200,13020.0,Equipo Rival 4,1,5315551,5316806,"[""69696514169e17de1daeb0f4"", ""69696514169e17de1daeb0f5""]",0.6724490000000001,0.362363,0.62216,0.38064,left,home,5.4246,1,sideways,5.4246
212200,,,1,5316806,5321357,[],0.159662,0.12481500000000001,0.159662,0.12481500000000001,,neutral,0.0,0,,0.0
212200,12987.0,Tu Equipo,1,5321357,5337757,"[""69696514169e17de1daeb0f6"", ""69696514169e17de1daeb0f7"", ""69696514169e17de1daeb0f8"", ""69696514169e17de1daeb0f9"", ""69696514169e17de1daeb0fa"", ""69696514169e17de1daeb0fb"", ""69696514169e17de1daeb0fc"", ""69696514169e17de1daeb0fd"", ""69696514169e17de1daeb0fe"", ""69696514169e17de1daeb0ff"", ""69696514169e17de1daeb100"", ""69696514169e17de1daeb101"", ""69696514169e17de1daeb102""]",0.159662,0.12481500000000001,0.199579,0.9709522,right,away,114.0636,6,forward,57.6898
212200,,,1,5337757,5358390,[],0.241596,0.9774609,0.241596,0.9774609,,ballout,0.0,0,,0.0
212200,12987.0,Tu Equipo,1,5358390,5378890,"[""69696514169e17de1daeb103"", ""69696514169e17de1daeb104"", ""69696514169e17de1daeb105"", ""69696514169e17de1daeb106"", ""69696514169e17de1daeb107"", ""69696514169e17de1daeb108"", ""69696514169e17de1daeb109"", ""69696514169e17de1daeb10a"", ""69696514169e17de1daeb10b"", ""69696514169e17de1daeb10c"", ""69696514169e17de1daeb10d"", ""69696514169e17de1daeb10e"", ""69696514169e17de1daeb10f"", ""69696514169e17de1daeb110""]",0.241596,0.9774609,0.192002,0.860241,right,away,90.0673,8,backward,9.5212
212200,,,1,5378890,5379896,[],0.21827399999999997,0.973637,0.21827399999999997,0.973637,,neutral,0.0,0,,0.0
212200,13020.0,Equipo Rival 4,1,5379896,5379896,"[""69696514169e17de1daeb111""]",0.21827399999999997,0.973637,0.21827399999999997,0.973637,left,home,0.0,1,sideways,0.0
212200,,,1,5379896,5380793,"[""69696514169e17de1daeb112""]",0.281513,0.9579347,0.281513,0.9579347,,neutral,0.0,0,,0.0
212200,12987.0,Tu Equipo,1,5380793,5384702,"[""69696514169e17de1daeb113"", ""69696514169e17de1daeb114""]",0.281513,0.9579347,0.241596,0.9253909,right,away,4.7396,1,backward,4.7396
212200,,,1,5384702,5387562,"[""69696514169e17de1daeb115""]",0.49388,0.207018,0.49388,0.207018,,neutral,0.0,0,,0.0
212200,,,1,5387562,5395657,[],0.333438,0.0,0.333438,0.0,,ballout,0.0,0,,0.0
212200,12987.0,Tu Equipo,1,5395657,5397324,"[""69696514169e17de1daeb116"", ""69696514169e17de1daeb117""]",0.333438,0.0,0.262605,0.21593700000000005,right,away,16.4599,1,forward,16.4599
