match_id,team_id,team_name,period_order,start_time,end_time,event_ids,x,y,to_x,to_y,attack_direction,ball_status,total_distance,num_of_passes,progress_direction,progress_distance
207673,12987.0,CD Subiza,0,1410,6492,"[""696cb3caec10e4bd94285978"", ""696cb3caec10e4bd94285979"", ""696cb3caec10e4bd9428597a"", ""696cb3caec10e4bd9428597b"", ""696cb3caec10e4bd9428597c"", ""696cb3caec10e4bd9428597d""]",0.496702,0.52066,0.358298,0.628645,left,away,29.0005,3,forward,16.2822
207673,,,0,6492,7685,[],0.306498,0.494675,0.306498,0.494675,,neutral,0.0,0,,0.0
207673,11459.0,UDC Txantrea KKE,0,7685,9415,"[""696cb3caec10e4bd9428597e"", ""696cb3caec10e4bd9428597f""]",0.306498,0.494675,0.221668,0.664731,right,home,14.5965,2,forward,14.5965
207673,,,0,9415,14101,[],0.7118990000000001,0.834802,0.7118990000000001,0.834802,,neutral,0.0,0,,0.0
207673,12987.0,CD Subiza,0,14101,21330,"[""696cb3caec10e4bd94285980"", ""696cb3caec10e4bd94285981"", ""696cb3caec10e4bd94285982"", ""696cb3caec10e4bd94285983"", ""696cb3caec10e4bd94285984""]",0.7118990000000001,0.834802,0.6599809999999999,0.72663,left,away,50.7926,2,backward,9.1555
207673,,,0,21330,32111,[],0.641545,0.668854,0.641545,0.668854,,ballout,0.0,0,,0.0
207673,12987.0,CD Subiza,0,32111,43125,"[""696cb3caec10e4bd94285985"", ""696cb3caec10e4bd94285986"", ""696cb3caec10e4bd94285987"", ""696cb3caec10e4bd94285988"", ""696cb3caec10e4bd94285989"", ""696cb3caec10e4bd9428598a"", ""696cb3caec10e4bd9428598b""]",0.641545,0.668854,0.6322369999999999,0.789609,left,away,34.3881,4,forward,8.2693
207673,,,0,43125,47372,[],0.0756724,0.772655,0.0756724,0.772655,,neutral,0.0,0,,0.0
207673,11459.0,UDC Txantrea KKE,0,47372,55704,"[""696cb3caec10e4bd9428598c"", ""696cb3caec10e4bd9428598d"", ""696cb3caec10e4bd9428598e""]",0.0756724,0.772655,0.140979,0.08827200000000002,right,home,33.7909,2,backward,47.0405
207673,,,0,55704,57490,[],0.49892899999999996,0.305375,0.49892899999999996,0.305375,,neutral,0.0,0,,0.0
207673,12987.0,CD Subiza,0,57490,57490,"[""696cb3caec10e4bd9428598f""]",0.49892899999999996,0.305375,0.49892899999999996,0.305375,left,away,0.0,1,sideways,0.0
207673,,,0,57490,60149,[],0.545021,0.68792,0.545021,0.68792,,neutral,0.0,0,,0.0
207673,11459.0,UDC Txantrea KKE,0,60149,61213,"[""696cb3caec10e4bd94285990""]",0.545021,0.68792,0.5425789999999999,0.601113,right,home,5.9084,0,backward,5.9084
207673,12987.0,CD Subiza,0,61213,74450,"[""696cb3caec10e4bd94285991"", ""696cb3caec10e4bd94285992"", ""696cb3caec10e4bd94285993"", ""696cb3caec10e4bd94285994"", ""696cb3caec10e4bd94285995"", ""696cb3caec10e4bd94285996"", ""696cb3caec10e4bd94285997"", ""696cb3caec10e4bd94285998"", ""696cb3caec10e4bd94285999"", ""696cb3caec10e4bd9428599a"", ""696cb3caec10e4bd9428599b""]",0.5425789999999999,0.601113,0.690682,0.35638,left,away,72.767,7,backward,22.7767
207673,,,0,74450,75597,"[""696cb3caec10e4bd9428599c""]",0.790808,0.262203,0.790808,0.262203,,neutral,0.0,0,,0.0
207673,12987.0,CD Subiza,0,75597,77420,"[""696cb3caec10e4bd9428599d"", ""696cb3caec10e4bd9428599e""]",0.790808,0.262203,0.800781,0.218148,left,away,3.1735,1,backward,3.1735
207673,,,0,77420,80858,[],0.415567,0.20551600000000003,0.415567,0.20551600000000003,,neutral,0.0,0,,0.0
207673,11459.0,UDC Txantrea KKE,0,80858,81330,"[""696cb3caec10e4bd9428599f"", ""696cb3caec10e4bd942859a0""]",0.415567,0.20551600000000003,0.422527,0.18819200000000003,right,home,1.3863,1,backward,1.3863
207673,,,0,81330,87836,[],0.9597902,0.632492,0.9597902,0.632492,,neutral,0.0,0,,0.0
207673,12987.0,CD Subiza,0,87836,118057,"[""696cb3caec10e4bd942859a1"", ""696cb3caec10e4bd942859a2"", ""696cb3caec10e4bd942859a3"", ""696cb3caec10e4bd942859a4"", ""696cb3caec10e4bd942859a5"", ""696cb3caec10e4bd942859a6"", ""696cb3caec10e4bd942859a7"", ""696cb3caec10e4bd942859a8"", ""696cb3caec10e4bd942859a9"", ""696cb3caec10e4bd942859aa"", ""696cb3caec10e4bd942859ab"", ""696cb3caec10e4bd942859ac"", ""696cb3caec10e4bd942859ad"", ""696cb3caec10e4bd942859ae""]",0.9597902,0.632492,0.0589988,0.269416,left,away,159.3599,6,sideways,97.7523
207673,,,0,118057,125135,[],0.019073,0.43438299999999996,0.019073,0.43438299999999996,,ballout,0.0,0,,0.0
207673,11459.0,UDC Txantrea KKE,0,125135,134650,"[""696cb3caec10e4bd942859af"", ""696cb3caec10e4bd942859b0"", ""696cb3caec10e4bd942859b1"", ""696cb3caec10e4bd942859b2"", ""696cb3caec10e4bd942859b4""]",0.019073,0.43438299999999996,0.64549,0.875318,right,home,43.8846,2,forward,72.2856
207673,,,0,134650,198610,"[""696cb3caec10e4bd942859b5""]",0.646818,0.9337276999999999,0.646818,0.9337276999999999,,ballout,0.0,0,,0.0
207673,11459.0,UDC Txantrea KKE,0,198610,198610,"[""696cb3caec10e4bd942859b7""]",0.646818,0.9337276999999999,0.646818,0.9337276999999999,right,home,0.0,1,sideways,0.0
207673,,,0,198610,202405,"[""696cb3caec10e4bd942859b8""]",0.9282984,0.470893,0.87037,0.38491200000000003,,neutral,8.4369,0,,8.4369
207673,11459.0,UDC Txantrea KKE,0,202405,204701,"[""696cb3caec10e4bd942859b9"", ""696cb3caec10e4bd942859ba""]",0.87037,0.38491200000000003,0.99689062,0.267811,right,home,15.4884,0,backward,15.4884
207673,,,0,204701,231211,[],0.9865597,0.488797,0.9865597,0.488797,,ballout,0.0,0,,0.0
207673,12987.0,CD Subiza,0,231211,245868,"[""696cb3caec10e4bd942859bb"", ""696cb3caec10e4bd942859bc"", ""696cb3caec10e4bd942859bd"", ""696cb3caec10e4bd942859be"", ""696cb3caec10e4bd942859bf"", ""696cb3caec10e4bd942859c0"", ""696cb3caec10e4bd942859c1"", ""696cb3caec10e4bd942859c2"", ""696cb3caec10e4bd942859c3""]",0.9865597,0.488797,0.751348,0.0355002,left,away,81.4048,5,backward,39.4979
207673,,,0,245868,257170,"[""696cb3caec10e4bd942859c4""]",0.729503,-0.0097613,0.729503,-0.0097613,,ballout,0.0,0,,0.0
207673,12987.0,CD Subiza,0,257170,262387,"[""696cb3caec10e4bd942859c5"", ""696cb3caec10e4bd942859c6"", ""696cb3caec10e4bd942859c7"", ""696cb3caec10e4bd942859c9"", ""696cb3caec10e4bd942859ca""]",0.729503,-0.0097613,0.47100600000000004,0.359048,left,away,41.3703,4,forward,36.9548
207673,,,0,262387,263751,[],0.428255,0.562697,0.428255,0.562697,,neutral,0.0,0,,0.0
207673,11459.0,UDC Txantrea KKE,0,263751,263751,"[""696cb3caec10e4bd942859cb""]",0.428255,0.562697,0.428255,0.562697,right,home,0.0,1,sideways,0.0
207673,,,0,263751,264762,[],0.528822,0.560811,0.528822,0.560811,,neutral,0.0,0,,0.0
207673,12987.0,CD Subiza,0,264762,268019,"[""696cb3caec10e4bd942859cc"", ""696cb3caec10e4bd942859cd"", ""696cb3caec10e4bd942859ce""]",0.528822,0.560811,0.32024300000000006,0.850205,left,away,29.8517,1,forward,29.4432
207673,,,0,268019,275100,[],0.282546,0.9677388,0.282546,0.9677388,,ballout,0.0,0,,0.0
207673,11459.0,UDC Txantrea KKE,0,275100,276610,"[""696cb3caec10e4bd942859cf"", ""696cb3caec10e4bd942859d0"", ""696cb3caec10e4bd942859d1""]",0.282546,0.9677388,0.211688,0.9059003999999999,right,home,8.5489,2,backward,8.5462
207673,,,0,276610,279330,[],0.501232,0.793173,0.501232,0.793173,,neutral,0.0,0,,0.0
207673,12987.0,CD Subiza,0,279330,279330,"[""696cb3caec10e4bd942859d2""]",0.501232,0.793173,0.501232,0.793173,left,away,0.0,1,sideways,0.0
207673,,,0,279330,283413,"[""696cb3caec10e4bd942859d3""]",0.27664200000000005,0.720679,0.27664200000000005,0.720679,,neutral,0.0,0,,0.0
207673,12987.0,CD Subiza,0,283413,284201,"[""696cb3caec10e4bd942859d5"", ""696cb3caec10e4bd942859d6""]",0.27664200000000005,0.720679,0.277112,0.731787,left,away,0.757,1,forward,0.757
207673,,,0,284201,298850,[],0.0430251,0.5147729999999999,0.0430251,0.5147729999999999,,ballout,0.0,0,,0.0
207673,11459.0,UDC Txantrea KKE,0,298850,306490,"[""696cb3caec10e4bd942859d7"", ""696cb3caec10e4bd942859d8"", ""696cb3caec10e4bd942859d9"", ""696cb3caec10e4bd942859da""]",0.0430251,0.5147729999999999,0.266578,0.05098499999999995,right,home,59.6089,2,backward,39.3142
207673,,,0,306490,308117,[],0.23359700000000005,0.118594,0.23359700000000005,0.118594,,neutral,0.0,0,,0.0
207673,12987.0,CD Subiza,0,308117,325081,"[""696cb3caec10e4bd942859db"", ""696cb3caec10e4bd942859dc"", ""696cb3caec10e4bd942859dd"", ""696cb3caec10e4bd942859de"", ""696cb3caec10e4bd942859df"", ""696cb3caec10e4bd942859e0"", ""696cb3caec10e4bd942859e1"", ""696cb3caec10e4bd942859e2"", ""696cb3caec10e4bd942859e3""]",0.23359700000000005,0.118594,0.5174179999999999,0.799469,left,away,59.0653,5,forward,55.0614
207673,,,0,325081,327329,"[""696cb3caec10e4bd942859e4""]",0.504103,0.670914,0.43294600000000005,0.639274,,neutral,7.7751,0,,7.7751
207673,12987.0,CD Subiza,0,327329,336454,"[""696cb3caec10e4bd942859e5"", ""696cb3caec10e4bd942859e6"", ""696cb3caec10e4bd942859e7"", ""696cb3caec10e4bd942859e8"", ""696cb3caec10e4bd942859e9"", ""696cb3caec10e4bd942859ea"", ""696cb3caec10e4bd942859eb"", ""696cb3caec10e4bd942859ec""]",0.43294600000000005,0.639274,0.26099300000000003,0.0310948,left,away,43.0079,3,backward,45.1256
207673,,,0,336454,350330,[],0.209692,0.016973000000000016,0.209692,0.016973000000000016,,ballout,0.0,0,,0.0
207673,11459.0,UDC Txantrea KKE,0,350330,351414,"[""696cb3caec10e4bd942859ed"", ""696cb3caec10e4bd942859ee""]",0.209692,0.016973000000000016,0.264582,0.06644399999999995,right,home,6.6734,2,forward,6.6734
207673,,,0,351414,365467,[],0.20950800000000003,-0.0059066,0.20950800000000003,-0.0059066,,ballout,0.0,0,,0.0
207673,12987.0,CD Subiza,0,365467,367967,"[""696cb3caec10e4bd942859ef"", ""696cb3caec10e4bd942859f0"", ""696cb3caec10e4bd942859f1"", ""696cb3caec10e4bd942859f2""]",0.20950800000000003,-0.0059066,0.231648,0.08654200000000001,left,away,12.4455,2,forward,6.7026
207673,,,0,367967,368930,[],0.242626,0.04480099999999998,0.242626,0.04480099999999998,,neutral,0.0,0,,0.0
207673,11459.0,UDC Txantrea KKE,0,368930,371290,"[""696cb3caec10e4bd942859f3"", ""696cb3caec10e4bd942859f5"", ""696cb3caec10e4bd942859f6""]",0.242626,0.04480099999999998,0.29552,0.08190399999999998,right,home,5.7131,1,forward,6.1001
207673,,,0,371290,371479,"[""696cb3caec10e4bd942859f7""]",0.35124599999999995,0.0551788,0.35124599999999995,0.0551788,,neutral,0.0,0,,0.0
207673,,,0,371479,385890,[],0.311488,0.012334999999999985,0.311488,0.012334999999999985,,ballout,0.0,0,,0.0
207673,11459.0,UDC Txantrea KKE,0,385890,385890,"[""696cb3caec10e4bd942859f8""]",0.311488,0.012334999999999985,0.311488,0.012334999999999985,right,home,0.0,1,sideways,0.0
207673,,,0,385890,387439,"[""696cb3caec10e4bd942859f9""]",0.517475,0.0276042,0.517475,0.0276042,,neutral,0.0,0,,0.0
207673,,,0,387439,397353,[],0.5090319999999999,-0.00180339,0.5090319999999999,-0.00180339,,ballout,0.0,0,,0.0
207673,12987.0,CD Subiza,0,397353,416510,"[""696cb3caec10e4bd942859fb"", ""696cb3caec10e4bd942859fc"", ""696cb3caec10e4bd942859fd"", ""696cb3caec10e4bd942859fe"", ""696cb3caec10e4bd942859ff"", ""696cb3caec10e4bd94285a00"", ""696cb3caec10e4bd94285a01"", ""696cb3caec10e4bd94285a02"", ""696cb3caec10e4bd94285a03"", ""696cb3caec10e4bd94285a04"", ""696cb3caec10e4bd94285a05"", ""696cb3caec10e4bd94285a06""]",0.5090319999999999,-0.00180339,0.29116,0.138674,left,away,110.1001,6,forward,24.7909
207673,,,0,416510,432612,[],0.0530051,0.494675,0.0530051,0.494675,,ballout,0.0,0,,0.0
207673,11459.0,UDC Txantrea KKE,0,432612,432612,"[""696cb3caec10e4bd94285a07""]",0.0530051,0.494675,0.0530051,0.494675,right,home,0.0,1,sideways,0.0
207673,,,0,432612,439297,"[""696cb3caec10e4bd94285a08"", ""696cb3caec10e4bd94285a09"", ""696cb3caec10e4bd94285a0b""]",0.701191,0.69962,0.780052,0.580016,,neutral,11.6065,0,,11.6065
207673,,,0,439297,446330,[],0.573963,0.9801065,0.573963,0.9801065,,ballout,0.0,0,,0.0
207673,11459.0,UDC Txantrea KKE,0,446330,478595,"[""696cb3caec10e4bd94285a0c"", ""696cb3caec10e4bd94285a0d"", ""696cb3caec10e4bd94285a0e"", ""696cb3caec10e4bd94285a0f"", ""696cb3caec10e4bd94285a10"", ""696cb3caec10e4bd94285a11"", ""696cb3caec10e4bd94285a12"", ""696cb3caec10e4bd94285a14""]",0.573963,0.9801065,0.684291,-0.00629461,right,home,103.6244,5,backward,68.0683
207673,,,0,478595,481584,"[""696cb3caec10e4bd94285a15""]",0.639831,0.312252,0.639831,0.312252,,neutral,0.0,0,,0.0
207673,11459.0,UDC Txantrea KKE,0,481584,484159,"[""696cb3caec10e4bd94285a17"", ""696cb3caec10e4bd94285a18""]",0.639831,0.312252,0.695125,0.215627,right,home,8.7681,0,backward,8.7681
207673,,,0,484159,484226,[],0.6917420000000001,0.18366,0.6917420000000001,0.18366,,neutral,0.0,0,,0.0
207673,12987.0,CD Subiza,0,484226,485909,"[""696cb3caec10e4bd94285a19"", ""696cb3caec10e4bd94285a1b""]",0.6917420000000001,0.18366,0.650593,0.150621,left,away,4.8698,1,backward,4.8698
207673,,,0,485909,490388,[],0.367376,0.369452,0.367376,0.369452,,neutral,0.0,0,,0.0
207673,11459.0,UDC Txantrea KKE,0,490388,494210,"[""696cb3caec10e4bd94285a1c"", ""696cb3caec10e4bd94285a1d"", ""696cb3caec10e4bd94285a1e""]",0.367376,0.369452,0.034043,0.42974500000000004,right,home,32.4049,2,sideways,35.2393
207673,,,0,494210,497170,"[""696cb3caec10e4bd94285a1f""]",0.406369,0.364107,0.383344,0.36326800000000004,,neutral,2.4183,0,,2.4183
207673,11459.0,UDC Txantrea KKE,0,497170,504010,"[""696cb3caec10e4bd94285a20"", ""696cb3caec10e4bd94285a21"", ""696cb3caec10e4bd94285a22"", ""696cb3caec10e4bd94285a23"", ""696cb3caec10e4bd94285a24""]",0.383344,0.36326800000000004,0.598913,0.859522,right,home,37.4423,3,forward,40.6334
207673,,,0,504010,506234,[],0.813699,0.858243,0.813699,0.858243,,neutral,0.0,0,,0.0
207673,12987.0,CD Subiza,0,506234,508490,"[""696cb3caec10e4bd94285a25"", ""696cb3caec10e4bd94285a27"", ""696cb3caec10e4bd94285a28""]",0.813699,0.858243,0.9191598,0.886152,left,away,11.2348,0,sideways,11.2348
207673,,,0,508490,526162,[],0.955274,0.819135,0.955274,0.819135,,ballout,0.0,0,,0.0
207673,12987.0,CD Subiza,0,526162,537434,"[""696cb3caec10e4bd94285a29"", ""696cb3caec10e4bd94285a2a"", ""696cb3caec10e4bd94285a2c"", ""696cb3caec10e4bd94285a2d"", ""696cb3caec10e4bd94285a2e"", ""696cb3caec10e4bd94285a2f""]",0.955274,0.819135,0.42757,0.0116463,left,away,74.8944,3,backward,78.0075
207673,,,0,537434,557404,[],0.362386,0.020065,0.362386,0.020065,,ballout,0.0,0,,0.0
207673,11459.0,UDC Txantrea KKE,0,557404,559170,"[""696cb3caec10e4bd94285a30"", ""696cb3caec10e4bd94285a31"", ""696cb3caec10e4bd94285a32""]",0.362386,0.020065,0.348414,0.05562199999999995,right,home,15.5638,3,forward,2.8281
207673,,,0,559170,564026,"[""696cb3caec10e4bd94285a34""]",0.472896,0.100534,0.472896,0.100534,,neutral,0.0,0,,0.0
207673,12987.0,CD Subiza,0,564026,565205,"[""696cb3caec10e4bd94285a35"", ""696cb3caec10e4bd94285a36"", ""696cb3caec10e4bd94285a37""]",0.472896,0.100534,0.393404,0.170795,left,away,8.9619,2,forward,9.6174
207673,,,0,565205,582844,[],0.202706,0.00924400000000003,0.202706,0.00924400000000003,,ballout,0.0,0,,0.0
207673,11459.0,UDC Txantrea KKE,0,582844,584331,"[""696cb3caec10e4bd94285a38"", ""696cb3caec10e4bd94285a39"", ""696cb3caec10e4bd94285a3a""]",0.202706,0.00924400000000003,0.20819900000000002,0.0630299,right,home,6.5561,1,forward,3.7026
207673,,,0,584331,607490,[],0.0639831,0.49776699999999996,0.0639831,0.49776699999999996,,ballout,0.0,0,,0.0
207673,11459.0,UDC Txantrea KKE,0,607490,607490,"[""696cb3caec10e4bd94285a3b""]",0.0639831,0.49776699999999996,0.0639831,0.49776699999999996,right,home,0.0,1,sideways,0.0
207673,,,0,607490,612405,[],0.643533,0.368577,0.643533,0.368577,,neutral,0.0,0,,0.0
207673,12987.0,CD Subiza,0,612405,620917,"[""696cb3caec10e4bd94285a3c"", ""696cb3caec10e4bd94285a3d"", ""696cb3caec10e4bd94285a3e"", ""696cb3caec10e4bd94285a3f"", ""696cb3caec10e4bd94285a40""]",0.643533,0.368577,0.602866,0.185893,left,away,71.6855,3,backward,13.1359
207673,,,0,620917,625306,[],0.171768,0.160748,0.171768,0.160748,,neutral,0.0,0,,0.0
207673,11459.0,UDC Txantrea KKE,0,625306,625306,"[""696cb3caec10e4bd94285a41""]",0.171768,0.160748,0.171768,0.160748,right,home,0.0,1,sideways,0.0
207673,,,0,625306,626450,[],0.423083,0.147036,0.423083,0.147036,,neutral,0.0,0,,0.0
207673,12987.0,CD Subiza,0,626450,626450,"[""696cb3caec10e4bd94285a42""]",0.423083,0.147036,0.423083,0.147036,left,away,0.0,1,sideways,0.0
207673,,,0,626450,628850,[],0.27556,0.406555,0.27556,0.406555,,neutral,0.0,0,,0.0
207673,11459.0,UDC Txantrea KKE,0,628850,628850,"[""696cb3caec10e4bd94285a43""]",0.27556,0.406555,0.27556,0.406555,right,home,0.0,1,sideways,0.0
207673,,,0,628850,642510,"[""696cb3caec10e4bd94285a44"", ""696cb3caec10e4bd94285a45"", ""696cb3caec10e4bd94285a46"", ""696cb3caec10e4bd94285a47"", ""696cb3caec10e4bd94285a48"", ""696cb3caec10e4bd94285a49""]",0.266578,0.32307300000000005,0.266578,0.32307300000000005,,neutral,28.5878,2,,0.0
207673,,,0,642510,658764,[],0.242626,0.319982,0.242626,0.319982,,ballout,0.0,0,,0.0
207673,11459.0,UDC Txantrea KKE,0,658764,664330,"[""696cb3caec10e4bd94285a4a"", ""696cb3caec10e4bd94285a4b"", ""696cb3caec10e4bd94285a4c"", ""696cb3caec10e4bd94285a4d"", ""696cb3caec10e4bd94285a4e""]",0.242626,0.319982,0.317476,0.31070600000000004,right,home,50.2267,3,sideways,7.8845
207673,,,0,664330,667410,[],0.7454620000000001,0.569591,0.7454620000000001,0.569591,,neutral,0.0,0,,0.0
207673,12987.0,CD Subiza,0,667410,686539,"[""696cb3caec10e4bd94285a4f"", ""696cb3caec10e4bd94285a50"", ""696cb3caec10e4bd94285a51"", ""696cb3caec10e4bd94285a52"", ""696cb3caec10e4bd94285a53"", ""696cb3caec10e4bd94285a54"", ""696cb3caec10e4bd94285a55""]",0.7454620000000001,0.569591,0.5821879999999999,0.859034,left,away,66.2639,3,forward,26.1016
207673,,,0,686539,690779,[],0.479153,0.9847444,0.479153,0.9847444,,ballout,0.0,0,,0.0
207673,11459.0,UDC Txantrea KKE,0,690779,702250,"[""696cb3caec10e4bd94285a57"", ""696cb3caec10e4bd94285a58"", ""696cb3caec10e4bd94285a59"", ""696cb3caec10e4bd94285a5a"", ""696cb3caec10e4bd94285a5b"", ""696cb3caec10e4bd94285a5c"", ""696cb3caec10e4bd94285a5d"", ""696cb3caec10e4bd94285a5e""]",0.479153,0.9847444,0.571967,0.10663900000000004,right,home,90.0297,4,backward,60.5012
207673,,,0,702250,716657,[],0.609375,-0.0086987,0.609375,-0.0086987,,ballout,0.0,0,,0.0
207673,12987.0,CD Subiza,0,716657,722293,"[""696cb3caec10e4bd94285a5f"", ""696cb3caec10e4bd94285a60"", ""696cb3caec10e4bd94285a61"", ""696cb3caec10e4bd94285a62""]",0.609375,-0.0086987,0.6954199999999999,0.533829,left,away,40.6343,3,forward,37.9821
207673,,,0,722293,732010,[],0.585939,0.9646469,0.585939,0.9646469,,ballout,0.0,0,,0.0
207673,11459.0,UDC Txantrea KKE,0,732010,732972,"[""696cb3caec10e4bd94285a63"", ""696cb3caec10e4bd94285a64""]",0.585939,0.9646469,0.593923,0.878073,right,home,5.9464,2,backward,5.9464
207673,,,0,732972,738638,[],0.783421,1.01193,0.783421,1.01193,,ballout,0.0,0,,0.0
207673,12987.0,CD Subiza,0,738638,753193,"[""696cb3caec10e4bd94285a65"", ""696cb3caec10e4bd94285a66"", ""696cb3caec10e4bd94285a67"", ""696cb3caec10e4bd94285a68"", ""696cb3caec10e4bd94285a69"", ""696cb3caec10e4bd94285a6a"", ""696cb3caec10e4bd94285a6b"", ""696cb3caec10e4bd94285a6c"", ""696cb3caec10e4bd94285a6d""]",0.783421,1.01193,0.696782,0.0709232,left,away,75.6851,5,backward,64.6319
207673,,,0,753193,780760,"[""696cb3caec10e4bd94285a6e""]",0.13799799999999995,0.997733,0.13799799999999995,0.997733,,ballout,0.0,0,,0.0
207673,12987.0,CD Subiza,0,780760,797808,"[""696cb3caec10e4bd94285a70"", ""696cb3caec10e4bd94285a71"", ""696cb3caec10e4bd94285a72"", ""696cb3caec10e4bd94285a73"", ""696cb3caec10e4bd94285a74"", ""696cb3caec10e4bd94285a75"", ""696cb3caec10e4bd94285a76"", ""696cb3caec10e4bd94285a77"", ""696cb3caec10e4bd94285a78""]",0.13799799999999995,0.997733,0.793155,0.479089,left,away,81.0321,6,backward,77.3051
207673,,,0,797808,800754,[],0.287536,0.666277,0.287536,0.666277,,neutral,0.0,0,,0.0
207673,11459.0,UDC Txantrea KKE,0,800754,813313,"[""696cb3caec10e4bd94285a79"", ""696cb3caec10e4bd94285a7a"", ""696cb3caec10e4bd94285a7b"", ""696cb3caec10e4bd94285a7c"", ""696cb3caec10e4bd94285a7d"", ""696cb3caec10e4bd94285a7e"", ""696cb3caec10e4bd94285a7f"", ""696cb3caec10e4bd94285a80"", ""696cb3caec10e4bd94285a81""]",0.287536,0.666277,0.876358,0.7049259999999999,right,home,37.8634,3,sideways,61.8821
207673,,,0,813313,839250,"[""696cb3caec10e4bd94285a82""]",0.990131,0.9770146,0.990131,0.9770146,,ballout,0.0,0,,0.0
207673,11459.0,UDC Txantrea KKE,0,839250,839250,"[""696cb3caec10e4bd94285a83""]",0.990131,0.9770146,0.990131,0.9770146,right,home,0.0,0,sideways,0.0
207673,,,0,839250,843642,"[""696cb3caec10e4bd94285a84""]",0.9735812,0.508902,0.84412,0.403315,,neutral,15.3731,0,,15.3731
207673,12987.0,CD Subiza,0,843642,846329,"[""696cb3caec10e4bd94285a85"", ""696cb3caec10e4bd94285a86""]",0.84412,0.403315,0.7335039999999999,0.126863,left,away,22.0974,0,backward,22.0974
207673,,,0,846329,866290,[],0.578953,0.023156999999999983,0.578953,0.023156999999999983,,ballout,0.0,0,,0.0
207673,11459.0,UDC Txantrea KKE,0,866290,868210,"[""696cb3caec10e4bd94285a87"", ""696cb3caec10e4bd94285a88"", ""696cb3caec10e4bd94285a89""]",0.578953,0.023156999999999983,0.552007,0.02470300000000003,right,home,22.0663,3,sideways,2.8313
207673,,,0,868210,870069,[],0.696797,0.228865,0.696797,0.228865,,neutral,0.0,0,,0.0
207673,12987.0,CD Subiza,0,870069,870069,"[""696cb3caec10e4bd94285a8a""]",0.696797,0.228865,0.696797,0.228865,left,away,0.0,1,sideways,0.0
207673,,,0,870069,871770,[],0.459193,0.346263,0.459193,0.346263,,neutral,0.0,0,,0.0
207673,11459.0,UDC Txantrea KKE,0,871770,871770,"[""696cb3caec10e4bd94285a8b""]",0.459193,0.346263,0.459193,0.346263,right,home,0.0,1,sideways,0.0
207673,,,0,871770,873576,[],0.580221,0.492395,0.580221,0.492395,,neutral,0.0,0,,0.0
207673,12987.0,CD Subiza,0,873576,894553,"[""696cb3caec10e4bd94285a8c"", ""696cb3caec10e4bd94285a8d"", ""696cb3caec10e4bd94285a8e"", ""696cb3caec10e4bd94285a90"", ""696cb3caec10e4bd94285a91"", ""696cb3caec10e4bd94285a92"", ""696cb3caec10e4bd94285a93"", ""696cb3caec10e4bd94285a94"", ""696cb3caec10e4bd94285a95"", ""696cb3caec10e4bd94285a96"", ""696cb3caec10e4bd94285a97"", ""696cb3caec10e4bd94285a98"", ""696cb3caec10e4bd94285a99"", ""696cb3caec10e4bd94285a9a"", ""696cb3caec10e4bd94285a9b"", ""696cb3caec10e4bd94285a9c""]",0.580221,0.492395,0.16633699999999996,0.073828,left,away,81.9121,7,backward,51.949
207673,,,0,894553,896728,[],0.0550011,0.513227,0.0550011,0.513227,,neutral,0.0,0,,0.0
207673,11459.0,UDC Txantrea KKE,0,896728,900524,"[""696cb3caec10e4bd94285a9d"", ""696cb3caec10e4bd94285a9e""]",0.0550011,0.513227,0.127855,0.525594,right,home,7.6957,1,sideways,7.6957
207673,,,0,900524,921418,[],0.321794,0.997973,0.321794,0.997973,,ballout,0.0,0,,0.0
207673,12987.0,CD Subiza,0,921418,926944,"[""696cb3caec10e4bd94285a9f"", ""696cb3caec10e4bd94285aa0"", ""696cb3caec10e4bd94285aa1"", ""696cb3caec10e4bd94285aa2"", ""696cb3caec10e4bd94285aa3"", ""696cb3caec10e4bd94285aa4"", ""696cb3caec10e4bd94285aa5""]",0.321794,0.997973,0.13547200000000004,0.838289,left,away,33.1756,3,backward,22.3752
207673,,,0,926944,927747,[],0.140829,0.6539090000000001,0.140829,0.6539090000000001,,neutral,0.0,0,,0.0
207673,11459.0,UDC Txantrea KKE,0,927747,928570,"[""696cb3caec10e4bd94285aa6"", ""696cb3caec10e4bd94285aa7""]",0.140829,0.6539090000000001,0.120869,0.63072,right,home,2.6228,1,backward,2.6228
207673,,,0,928570,928930,[],0.14020299999999997,0.634596,0.14020299999999997,0.634596,,neutral,0.0,0,,0.0
207673,12987.0,CD Subiza,0,928930,942990,"[""696cb3caec10e4bd94285aa8"", ""696cb3caec10e4bd94285aa9"", ""696cb3caec10e4bd94285aaa"", ""696cb3caec10e4bd94285aab"", ""696cb3caec10e4bd94285aac"", ""696cb3caec10e4bd94285aae"", ""696cb3caec10e4bd94285aaf"", ""696cb3caec10e4bd94285ab0"", ""696cb3caec10e4bd94285ab1"", ""696cb3caec10e4bd94285ab2"", ""696cb3caec10e4bd94285ab3""]",0.14020299999999997,0.634596,0.252111,0.98748,left,away,84.6816,7,forward,26.7186
207673,,,0,942990,944250,[],0.337436,0.839424,0.337436,0.839424,,neutral,0.0,0,,0.0
207673,11459.0,UDC Txantrea KKE,0,944250,945309,"[""696cb3caec10e4bd94285ab4"", ""696cb3caec10e4bd94285ab5""]",0.337436,0.839424,0.313484,0.882711,right,home,3.8716,1,forward,3.8716
207673,,,0,945309,946227,[],0.333066,0.885844,0.333066,0.885844,,neutral,0.0,0,,0.0
207673,12987.0,CD Subiza,0,946227,950653,"[""696cb3caec10e4bd94285ab6"", ""696cb3caec10e4bd94285ab7"", ""696cb3caec10e4bd94285ab8""]",0.333066,0.885844,0.33045,0.9754686,left,away,6.1007,0,forward,6.1007
207673,,,0,950653,951363,[],0.407297,0.9816525,0.407297,0.9816525,,neutral,0.0,0,,0.0
207673,11459.0,UDC Txantrea KKE,0,951363,952149,"[""696cb3caec10e4bd94285ab9"", ""696cb3caec10e4bd94285aba""]",0.407297,0.9816525,0.415281,0.9692848,right,home,1.1875,1,backward,1.1875
207673,,,0,952149,955290,[],0.689704,0.840354,0.689704,0.840354,,neutral,0.0,0,,0.0
207673,12987.0,CD Subiza,0,955290,975707,"[""696cb3caec10e4bd94285abb"", ""696cb3caec10e4bd94285abc"", ""696cb3caec10e4bd94285abd"", ""696cb3caec10e4bd94285abe"", ""696cb3caec10e4bd94285abf"", ""696cb3caec10e4bd94285ac0"", ""696cb3caec10e4bd94285ac1"", ""696cb3caec10e4bd94285ac2"", ""696cb3caec10e4bd94285ac3"", ""696cb3caec10e4bd94285ac4"", ""696cb3caec10e4bd94285ac5"", ""696cb3caec10e4bd94285ac6"", ""696cb3caec10e4bd94285ac7"", ""696cb3caec10e4bd94285ac8"", ""696cb3caec10e4bd94285ac9""]",0.689704,0.840354,0.9443301,0.369097,left,away,143.7106,8,backward,41.7338
207673,,,0,975707,978247,[],0.620869,0.817781,0.620869,0.817781,,neutral,0.0,0,,0.0
207673,11459.0,UDC Txantrea KKE,0,978247,981327,"[""696cb3caec10e4bd94285aca"", ""696cb3caec10e4bd94285acb""]",0.620869,0.817781,0.7906880000000001,0.736568,right,home,7.2637,1,sideways,18.6666
207673,12987.0,CD Subiza,0,981327,986147,"[""696cb3caec10e4bd94285acd"", ""696cb3caec10e4bd94285ace"", ""696cb3caec10e4bd94285acf"", ""696cb3caec10e4bd94285ad0"", ""696cb3caec10e4bd94285ad1"", ""696cb3caec10e4bd94285ad2""]",0.7906880000000001,0.736568,0.608969,0.97113,left,away,34.3942,4,forward,24.8692
207673,,,0,986147,987063,[],0.615879,0.865705,0.615879,0.865705,,neutral,0.0,0,,0.0
207673,11459.0,UDC Txantrea KKE,0,987063,1000890,"[""696cb3caec10e4bd94285ad3"", ""696cb3caec10e4bd94285ad4"", ""696cb3caec10e4bd94285ad5"", ""696cb3caec10e4bd94285ad6"", ""696cb3caec10e4bd94285ad7"", ""696cb3caec10e4bd94285ad8"", ""696cb3caec10e4bd94285ad9"", ""696cb3caec10e4bd94285adc""]",0.615879,0.865705,0.80051,0.29369999999999996,right,home,67.7005,4,backward,43.4598
207673,,,0,1000890,1002643,"[""696cb3caec10e4bd94285add""]",0.767367,0.3829,0.767367,0.3829,,neutral,0.0,0,,0.0
207673,12987.0,CD Subiza,0,1002643,1023849,"[""696cb3caec10e4bd94285ade"", ""696cb3caec10e4bd94285adf"", ""696cb3caec10e4bd94285ae0"", ""696cb3caec10e4bd94285ae1"", ""696cb3caec10e4bd94285ae2"", ""696cb3caec10e4bd94285ae3"", ""696cb3caec10e4bd94285ae4"", ""696cb3caec10e4bd94285ae5"", ""696cb3caec10e4bd94285ae6"", ""696cb3caec10e4bd94285ae7"", ""696cb3caec10e4bd94285ae8"", ""696cb3caec10e4bd94285ae9"", ""696cb3caec10e4bd94285aea"", ""696cb3caec10e4bd94285aeb"", ""696cb3caec10e4bd94285aec"", ""696cb3caec10e4bd94285aed""]",0.767367,0.3829,0.622858,0.668841,left,away,82.1942,7,forward,24.6638
207673,,,0,1023849,1035770,[],0.670622,0.747786,0.670622,0.747786,,ballout,0.0,0,,0.0
207673,12987.0,CD Subiza,0,1035770,1065346,"[""696cb3caec10e4bd94285aee"", ""696cb3caec10e4bd94285aef"", ""696cb3caec10e4bd94285af0"", ""696cb3caec10e4bd94285af1"", ""696cb3caec10e4bd94285af2"", ""696cb3caec10e4bd94285af3"", ""696cb3caec10e4bd94285af4"", ""696cb3caec10e4bd94285af5"", ""696cb3caec10e4bd94285af6"", ""696cb3caec10e4bd94285af7"", ""696cb3caec10e4bd94285af8"", ""696cb3caec10e4bd94285af9"", ""696cb3caec10e4bd94285afa"", ""696cb3caec10e4bd94285afb"", ""696cb3caec10e4bd94285afc"", ""696cb3caec10e4bd94285afd"", ""696cb3caec10e4bd94285afe"", ""696cb3caec10e4bd94285aff""]",0.670622,0.747786,0.402306,0.43438299999999996,left,away,137.3426,9,backward,35.3257
207673,11459.0,UDC Txantrea KKE,0,1065346,1065570,"[""696cb3caec10e4bd94285b00"", ""696cb3caec10e4bd94285b01""]",0.402306,0.43438299999999996,0.416279,0.44211199999999995,right,home,1.5585,1,sideways,1.5585
207673,,,0,1065570,1067246,"[""696cb3caec10e4bd94285b02""]",0.401385,0.473019,0.401385,0.473019,,neutral,0.0,0,,0.0
207673,12987.0,CD Subiza,0,1067246,1084772,"[""696cb3caec10e4bd94285b03"", ""696cb3caec10e4bd94285b04"", ""696cb3caec10e4bd94285b05"", ""696cb3caec10e4bd94285b06"", ""696cb3caec10e4bd94285b07"", ""696cb3caec10e4bd94285b08"", ""696cb3caec10e4bd94285b09"", ""696cb3caec10e4bd94285b0a"", ""696cb3caec10e4bd94285b0b"", ""696cb3caec10e4bd94285b0c"", ""696cb3caec10e4bd94285b0d"", ""696cb3caec10e4bd94285b0e"", ""696cb3caec10e4bd94285b0f""]",0.401385,0.473019,0.166254,0.133687,left,away,100.9306,6,backward,33.7931
207673,,,0,1084772,1087004,"[""696cb3caec10e4bd94285b10""]",0.0699712,0.46994,0.127855,0.34471700000000005,,neutral,10.4617,0,,10.4617
207673,11459.0,UDC Txantrea KKE,0,1087004,1088650,"[""696cb3caec10e4bd94285b12"", ""696cb3caec10e4bd94285b13"", ""696cb3caec10e4bd94285b14""]",0.127855,0.34471700000000005,0.221668,0.23804599999999998,right,home,15.1035,2,backward,12.2329
207673,,,0,1088650,1093048,"[""696cb3caec10e4bd94285b15""]",0.42295099999999997,0.263483,0.455118,0.548595,,neutral,19.6796,0,,19.6796
207673,12987.0,CD Subiza,0,1093048,1125370,"[""696cb3caec10e4bd94285b17"", ""696cb3caec10e4bd94285b18"", ""696cb3caec10e4bd94285b19"", ""696cb3caec10e4bd94285b1a"", ""696cb3caec10e4bd94285b1b"", ""696cb3caec10e4bd94285b1c"", ""696cb3caec10e4bd94285b1d"", ""696cb3caec10e4bd94285b1e"", ""696cb3caec10e4bd94285b1f"", ""696cb3caec10e4bd94285b20"", ""696cb3caec10e4bd94285b21""]",0.455118,0.548595,0.630903,0.863352,left,away,126.1373,6,forward,28.2628
207673,,,0,1125370,1133770,[],0.28554,0.683282,0.28554,0.683282,,ballout,0.0,0,,0.0
207673,11459.0,UDC Txantrea KKE,0,1133770,1141703,"[""696cb3caec10e4bd94285b23"", ""696cb3caec10e4bd94285b24"", ""696cb3caec10e4bd94285b25"", ""696cb3caec10e4bd94285b26"", ""696cb3caec10e4bd94285b27""]",0.28554,0.683282,0.883926,0.690513,right,home,53.7303,2,sideways,62.8325
207673,,,0,1141703,1162933,"[""696cb3caec10e4bd94285b28""]",0.99291557,0.515383,0.99291557,0.515383,,ballout,0.0,0,,0.0
207673,12987.0,CD Subiza,0,1162933,1175307,"[""696cb3caec10e4bd94285b29"", ""696cb3caec10e4bd94285b2a"", ""696cb3caec10e4bd94285b2b"", ""696cb3caec10e4bd94285b2c"", ""696cb3caec10e4bd94285b2d"", ""696cb3caec10e4bd94285b2e"", ""696cb3caec10e4bd94285b2f"", ""696cb3caec10e4bd94285b30""]",0.99291557,0.515383,0.638741,0.694545,left,away,72.8264,5,sideways,39.1331
207673,,,0,1175307,1176745,[],0.542865,0.883541,0.542865,0.883541,,neutral,0.0,0,,0.0
207673,11459.0,UDC Txantrea KKE,0,1176745,1176745,"[""696cb3caec10e4bd94285b31""]",0.542865,0.883541,0.542865,0.883541,right,home,0.0,1,sideways,0.0
207673,,,0,1176745,1179610,"[""696cb3caec10e4bd94285b32"", ""696cb3caec10e4bd94285b33""]",0.658346,0.917151,0.441229,0.9059003999999999,,neutral,22.8101,0,,22.8101
207673,,,0,1179610,1199330,[],0.438342,1.0391,0.438342,1.0391,,ballout,0.0,0,,0.0
207673,12987.0,CD Subiza,0,1199330,1199330,"[""696cb3caec10e4bd94285b34""]",0.438342,1.0391,0.438342,1.0391,left,away,0.0,1,sideways,0.0
207673,,,0,1199330,1203105,"[""696cb3caec10e4bd94285b35""]",0.32518100000000005,0.753375,0.32518100000000005,0.753375,,neutral,0.0,0,,0.0
207673,12987.0,CD Subiza,0,1203105,1203381,"[""696cb3caec10e4bd94285b37"", ""696cb3caec10e4bd94285b38""]",0.32518100000000005,0.753375,0.351408,0.771402,left,away,3.0143,0,forward,3.0143
207673,,,0,1203381,1206100,[],0.5430710000000001,0.543979,0.5430710000000001,0.543979,,neutral,0.0,0,,0.0
207673,12987.0,CD Subiza,0,1206100,1227650,"[""696cb3caec10e4bd94285b39"", ""696cb3caec10e4bd94285b3a"", ""696cb3caec10e4bd94285b3b"", ""696cb3caec10e4bd94285b3c"", ""696cb3caec10e4bd94285b3d"", ""696cb3caec10e4bd94285b3e"", ""696cb3caec10e4bd94285b3f"", ""696cb3caec10e4bd94285b40"", ""696cb3caec10e4bd94285b41"", ""696cb3caec10e4bd94285b42"", ""696cb3caec10e4bd94285b43"", ""696cb3caec10e4bd94285b44""]",0.5430710000000001,0.543979,0.629923,0.571674,left,away,74.7676,6,sideways,9.3119
207673,,,0,1227650,1229612,[],0.383344,0.261235,0.383344,0.261235,,neutral,0.0,0,,0.0
207673,11459.0,UDC Txantrea KKE,0,1229612,1233916,"[""696cb3caec10e4bd94285b45"", ""696cb3caec10e4bd94285b46"", ""696cb3caec10e4bd94285b47""]",0.383344,0.261235,0.103903,0.44520400000000004,right,home,26.0564,2,forward,31.8969
207673,,,0,1233916,1264524,[],0.6060110000000001,0.316427,0.6060110000000001,0.316427,,ballout,0.0,0,,0.0
207673,12987.0,CD Subiza,0,1264524,1273348,"[""696cb3caec10e4bd94285b49"", ""696cb3caec10e4bd94285b4a"", ""696cb3caec10e4bd94285b4b"", ""696cb3caec10e4bd94285b4c"", ""696cb3caec10e4bd94285b4d"", ""696cb3caec10e4bd94285b4e"", ""696cb3caec10e4bd94285b4f"", ""696cb3caec10e4bd94285b50""]",0.6060110000000001,0.316427,0.44598899999999997,0.47538,left,away,50.9713,5,forward,19.9787
207673,,,0,1273348,1281930,[],0.024063,0.420469,0.024063,0.420469,,ballout,0.0,0,,0.0
207673,11459.0,UDC Txantrea KKE,0,1281930,1285410,"[""696cb3caec10e4bd94285b51"", ""696cb3caec10e4bd94285b52"", ""696cb3caec10e4bd94285b53""]",0.024063,0.420469,0.103903,0.677098,right,home,12.5935,2,forward,19.3599
207673,,,0,1285410,1290218,"[""696cb3caec10e4bd94285b55""]",0.398314,0.635357,0.398314,0.635357,,neutral,0.0,0,,0.0
207673,11459.0,UDC Txantrea KKE,0,1290218,1291770,"[""696cb3caec10e4bd94285b56"", ""696cb3caec10e4bd94285b57""]",0.398314,0.635357,0.534043,0.46066399999999996,right,home,18.5532,2,backward,18.5532
207673,,,0,1291770,1293707,"[""696cb3caec10e4bd94285b58""]",0.580281,0.548339,0.541508,0.521229,,neutral,4.4691,0,,4.4691
207673,12987.0,CD Subiza,0,1293707,1295452,"[""696cb3caec10e4bd94285b59"", ""696cb3caec10e4bd94285b5a""]",0.541508,0.521229,0.46445000000000003,0.37271,left,away,12.9407,2,backward,12.9407
207673,,,0,1295452,1296485,[],0.33544,0.522502,0.33544,0.522502,,neutral,0.0,0,,0.0
207673,11459.0,UDC Txantrea KKE,0,1296485,1306425,"[""696cb3caec10e4bd94285b5c"", ""696cb3caec10e4bd94285b5d"", ""696cb3caec10e4bd94285b5e"", ""696cb3caec10e4bd94285b5f"", ""696cb3caec10e4bd94285b60"", ""696cb3caec10e4bd94285b61"", ""696cb3caec10e4bd94285b62"", ""696cb3caec10e4bd94285b63""]",0.33544,0.522502,0.814482,0.891987,right,home,59.8783,3,forward,56.2254
207673,,,0,1306425,1318345,[],0.9886949,0.592469,0.9886949,0.592469,,ballout,0.0,0,,0.0
207673,12987.0,CD Subiza,0,1318345,1340526,"[""696cb3caec10e4bd94285b64"", ""696cb3caec10e4bd94285b65"", ""696cb3caec10e4bd94285b66"", ""696cb3caec10e4bd94285b67"", ""696cb3caec10e4bd94285b68"", ""696cb3caec10e4bd94285b69"", ""696cb3caec10e4bd94285b6a"", ""696cb3caec10e4bd94285b6b"", ""696cb3caec10e4bd94285b6c"", ""696cb3caec10e4bd94285b6d"", ""696cb3caec10e4bd94285b6e"", ""696cb3caec10e4bd94285b6f"", ""696cb3caec10e4bd94285b70"", ""696cb3caec10e4bd94285b71""]",0.9886949,0.592469,0.43100099999999997,0.809225,left,away,79.6204,8,sideways,60.3844
207673,,,0,1340526,1345410,[],0.443225,0.9770146,0.443225,0.9770146,,ballout,0.0,0,,0.0
207673,11459.0,UDC Txantrea KKE,0,1345410,1347250,"[""696cb3caec10e4bd94285b72"", ""696cb3caec10e4bd94285b73"", ""696cb3caec10e4bd94285b74""]",0.443225,0.9770146,0.481149,0.806959,right,home,10.7366,2,backward,12.2302
207673,,,0,1347250,1348370,[],0.630351,0.848647,0.630351,0.848647,,neutral,0.0,0,,0.0
207673,12987.0,CD Subiza,0,1348370,1357268,"[""696cb3caec10e4bd94285b75"", ""696cb3caec10e4bd94285b76"", ""696cb3caec10e4bd94285b77"", ""696cb3caec10e4bd94285b78"", ""696cb3caec10e4bd94285b79"", ""696cb3caec10e4bd94285b7a"", ""696cb3caec10e4bd94285b7b"", ""696cb3caec10e4bd94285b7c"", ""696cb3caec10e4bd94285b7d""]",0.630351,0.848647,0.612885,0.68792,left,away,29.4615,4,backward,11.0822
207673,,,0,1357268,1374798,[],0.6571130000000001,1.0,0.6571130000000001,1.0,,ballout,0.0,0,,0.0
207673,12987.0,CD Subiza,0,1374798,1374798,"[""696cb3caec10e4bd94285b7e""]",0.6571130000000001,1.0,0.6571130000000001,1.0,left,away,0.0,1,sideways,0.0
207673,,,0,1374798,1377566,"[""696cb3caec10e4bd94285b7f""]",0.463185,0.960009,0.450211,0.9120843,,neutral,3.5321,0,,3.5321
207673,11459.0,UDC Txantrea KKE,0,1377566,1383813,"[""696cb3caec10e4bd94285b81"", ""696cb3caec10e4bd94285b82"", ""696cb3caec10e4bd94285b83"", ""696cb3caec10e4bd94285b84""]",0.450211,0.9120843,0.105899,0.725023,right,home,34.609,2,sideways,38.3252
207673,,,0,1383813,1405819,[],0.580282,0.589886,0.580282,0.589886,,ballout,0.0,0,,0.0
207673,12987.0,CD Subiza,0,1405819,1410382,"[""696cb3caec10e4bd94285b86"", ""696cb3caec10e4bd94285b87"", ""696cb3caec10e4bd94285b88""]",0.580282,0.589886,0.512635,0.821768,left,away,13.8705,2,forward,17.294
207673,,,0,1410382,1414639,"[""696cb3caec10e4bd94285b8a"", ""696cb3caec10e4bd94285b8b""]",0.0569971,0.898171,0.0569971,0.898171,,neutral,0.0,0,,0.0
207673,,,0,1414639,1432660,[],0.0440231,0.882711,0.0440231,0.882711,,ballout,0.0,0,,0.0
207673,11459.0,UDC Txantrea KKE,0,1432660,1432660,"[""696cb3caec10e4bd94285b8c""]",0.0440231,0.882711,0.0440231,0.882711,right,home,0.0,1,sideways,0.0
207673,,,0,1432660,1437970,"[""696cb3caec10e4bd94285b8e""]",0.460191,0.691012,0.460191,0.691012,,neutral,0.0,0,,0.0
207673,11459.0,UDC Txantrea KKE,0,1437970,1437970,"[""696cb3caec10e4bd94285b8f""]",0.460191,0.691012,0.460191,0.691012,right,home,0.0,1,sideways,0.0
207673,,,0,1437970,1439738,[],0.556834,0.683141,0.556834,0.683141,,neutral,0.0,0,,0.0
207673,12987.0,CD Subiza,0,1439738,1449250,"[""696cb3caec10e4bd94285b90"", ""696cb3caec10e4bd94285b92"", ""696cb3caec10e4bd94285b93"", ""696cb3caec10e4bd94285b94"", ""696cb3caec10e4bd94285b95""]",0.556834,0.683141,0.558993,0.477669,left,away,43.5344,2,backward,13.9739
207673,,,0,1449250,1476115,"[""696cb3caec10e4bd94285b96""]",0.794835,0.488766,0.794835,0.488766,,ballout,0.0,0,,0.0
207673,12987.0,CD Subiza,0,1476115,1516022,"[""696cb3caec10e4bd94285b99"", ""696cb3caec10e4bd94285b9a"", ""696cb3caec10e4bd94285b9b"", ""696cb3caec10e4bd94285b9c"", ""696cb3caec10e4bd94285b9d"", ""696cb3caec10e4bd94285b9e"", ""696cb3caec10e4bd94285b9f"", ""696cb3caec10e4bd94285ba0"", ""696cb3caec10e4bd94285ba1"", ""696cb3caec10e4bd94285ba2"", ""696cb3caec10e4bd94285ba3"", ""696cb3caec10e4bd94285ba4"", ""696cb3caec10e4bd94285ba5"", ""696cb3caec10e4bd94285ba6"", ""696cb3caec10e4bd94285ba7"", ""696cb3caec10e4bd94285ba8"", ""696cb3caec10e4bd94285ba9"", ""696cb3caec10e4bd94285baa"", ""696cb3caec10e4bd94285bab"", ""696cb3caec10e4bd94285bac"", ""696cb3caec10e4bd94285bad"", ""696cb3caec10e4bd94285bae"", ""696cb3caec10e4bd94285baf""]",0.794835,0.488766,0.9310114,0.437521,left,away,221.5919,13,sideways,14.717
207673,,,0,1516022,1528494,[],0.421269,0.007697999999999983,0.421269,0.007697999999999983,,ballout,0.0,0,,0.0
207673,11459.0,UDC Txantrea KKE,0,1528494,1531850,"[""696cb3caec10e4bd94285bb0"", ""696cb3caec10e4bd94285bb1"", ""696cb3caec10e4bd94285bb2"", ""696cb3caec10e4bd94285bb3""]",0.421269,0.007697999999999983,0.417277,0.04634700000000003,right,home,20.6854,3,forward,2.6613
207673,,,0,1531850,1532475,[],0.508167,0.0113772,0.508167,0.0113772,,neutral,0.0,0,,0.0
207673,12987.0,CD Subiza,0,1532475,1535134,"[""696cb3caec10e4bd94285bb4"", ""696cb3caec10e4bd94285bb5"", ""696cb3caec10e4bd94285bb6""]",0.508167,0.0113772,0.411289,0.128282,left,away,11.8749,1,forward,12.91
207673,11459.0,UDC Txantrea KKE,0,1535134,1543130,"[""696cb3caec10e4bd94285bb7"", ""696cb3caec10e4bd94285bb8"", ""696cb3caec10e4bd94285bb9"", ""696cb3caec10e4bd94285bba"", ""696cb3caec10e4bd94285bbb""]",0.411289,0.128282,0.0569971,0.476124,right,home,37.2837,3,forward,44.0836
207673,,,0,1543130,1560949,[],0.23057499999999997,0.998746,0.23057499999999997,0.998746,,ballout,0.0,0,,0.0
207673,12987.0,CD Subiza,0,1560949,1562325,"[""696cb3caec10e4bd94285bbc"", ""696cb3caec10e4bd94285bbd""]",0.23057499999999997,0.998746,0.07835999999999999,0.892679,left,away,17.5346,1,backward,17.5346
207673,,,0,1562325,1577686,[],0.0639831,0.510135,0.0639831,0.510135,,ballout,0.0,0,,0.0
207673,11459.0,UDC Txantrea KKE,0,1577686,1577686,"[""696cb3caec10e4bd94285bbe""]",0.0639831,0.510135,0.0639831,0.510135,right,home,0.0,1,sideways,0.0
207673,,,0,1577686,1583050,"[""696cb3caec10e4bd94285bc0""]",0.443152,0.366628,0.443152,0.366628,,neutral,0.0,0,,0.0
207673,12987.0,CD Subiza,0,1583050,1608303,"[""696cb3caec10e4bd94285bc1"", ""696cb3caec10e4bd94285bc2"", ""696cb3caec10e4bd94285bc4"", ""696cb3caec10e4bd94285bc5"", ""696cb3caec10e4bd94285bc6"", ""696cb3caec10e4bd94285bc7"", ""696cb3caec10e4bd94285bc8"", ""696cb3caec10e4bd94285bc9"", ""696cb3caec10e4bd94285bca"", ""696cb3caec10e4bd94285bcb"", ""696cb3caec10e4bd94285bcc"", ""696cb3caec10e4bd94285bcd"", ""696cb3caec10e4bd94285bce"", ""696cb3caec10e4bd94285bcf""]",0.443152,0.366628,0.551669,0.770624,left,away,107.1885,8,forward,29.741
207673,,,0,1608303,1610210,[],0.259739,0.820976,0.259739,0.820976,,neutral,0.0,0,,0.0
207673,11459.0,UDC Txantrea KKE,0,1610210,1612728,"[""696cb3caec10e4bd94285bd0"", ""696cb3caec10e4bd94285bd1"", ""696cb3caec10e4bd94285bd2"", ""696cb3caec10e4bd94285bd3""]",0.259739,0.820976,0.387336,0.76058,right,home,13.725,2,sideways,14.013
207673,,,0,1612728,1613966,[],0.40559999999999996,0.75985,0.40559999999999996,0.75985,,neutral,0.0,0,,0.0
207673,12987.0,CD Subiza,0,1613966,1617581,"[""696cb3caec10e4bd94285bd4"", ""696cb3caec10e4bd94285bd5"", ""696cb3caec10e4bd94285bd6""]",0.40559999999999996,0.75985,0.26059,0.644633,left,away,9.5226,1,backward,17.1236
207673,,,0,1617581,1619172,[],0.207696,0.717293,0.207696,0.717293,,neutral,0.0,0,,0.0
207673,11459.0,UDC Txantrea KKE,0,1619172,1622053,"[""696cb3caec10e4bd94285bd7"", ""696cb3caec10e4bd94285bd8"", ""696cb3caec10e4bd94285bd9""]",0.207696,0.717293,0.36538,0.684828,right,home,16.7033,0,sideways,16.7033
207673,,,0,1622053,1649010,[],0.377356,0.70338,0.377356,0.70338,,ballout,0.0,0,,0.0
207673,11459.0,UDC Txantrea KKE,0,1649010,1661770,"[""696cb3caec10e4bd94285bda"", ""696cb3caec10e4bd94285bdb"", ""696cb3caec10e4bd94285bdc"", ""696cb3caec10e4bd94285bdd"", ""696cb3caec10e4bd94285bde"", ""696cb3caec10e4bd94285bdf"", ""696cb3caec10e4bd94285be0"", ""696cb3caec10e4bd94285be1""]",0.377356,0.70338,0.80051,0.6152599999999999,right,home,61.7334,3,sideways,44.8334
207673,,,0,1661770,1689970,"[""696cb3caec10e4bd94285be2""]",0.984143,0.02470300000000003,0.984143,0.02470300000000003,,ballout,0.0,0,,0.0
207673,11459.0,UDC Txantrea KKE,0,1689970,1689970,"[""696cb3caec10e4bd94285be3""]",0.984143,0.02470300000000003,0.984143,0.02470300000000003,right,home,0.0,0,sideways,0.0
207673,,,0,1689970,1695388,"[""696cb3caec10e4bd94285be5"", ""696cb3caec10e4bd94285be6""]",0.9345007,0.594366,1.00904819,0.698752,,neutral,10.5667,0,,10.5667
207673,,,0,1695388,1716930,[],0.806498,0.9893823,0.806498,0.9893823,,ballout,0.0,0,,0.0
207673,11459.0,UDC Txantrea KKE,0,1716930,1721504,"[""696cb3caec10e4bd94285be7"", ""696cb3caec10e4bd94285be8"", ""696cb3caec10e4bd94285be9""]",0.806498,0.9893823,0.881348,0.76831,right,home,16.7165,1,backward,16.9634
207673,,,0,1721504,1722516,"[""696cb3caec10e4bd94285bea"", ""696cb3caec10e4bd94285beb""]",0.9805834,0.543152,0.9805834,0.543152,,neutral,0.0,0,,0.0
207673,,,0,1722516,1741035,[],0.9824879,0.492621,0.9824879,0.492621,,ballout,0.0,0,,0.0
207673,12987.0,CD Subiza,0,1741035,1749352,"[""696cb3caec10e4bd94285bec"", ""696cb3caec10e4bd94285bed"", ""696cb3caec10e4bd94285bee"", ""696cb3caec10e4bd94285bef"", ""696cb3caec10e4bd94285bf0"", ""696cb3caec10e4bd94285bf1""]",0.9824879,0.492621,0.624174,0.0642296,left,away,60.8114,3,backward,47.5823
207673,,,0,1749352,1756809,[],0.622865,0.0,0.622865,0.0,,ballout,0.0,0,,0.0
207673,11459.0,UDC Txantrea KKE,0,1756809,1759216,"[""696cb3caec10e4bd94285bf2"", ""696cb3caec10e4bd94285bf3"", ""696cb3caec10e4bd94285bf4""]",0.622865,0.0,0.687736,0.13601200000000002,right,home,10.092,1,forward,11.4864
207673,,,0,1759216,1871410,"[""696cb3caec10e4bd94285bf5""]",0.767576,0.11900699999999997,0.767576,0.11900699999999997,,ballout,0.0,0,,0.0
207673,11459.0,UDC Txantrea KKE,0,1871410,1871410,"[""696cb3caec10e4bd94285bf6""]",0.767576,0.11900699999999997,0.767576,0.11900699999999997,right,home,0.0,0,sideways,0.0
207673,,,0,1871410,1873559,[],0.9730072,0.564159,0.9730072,0.564159,,neutral,0.0,0,,0.0
207673,12987.0,CD Subiza,0,1873559,1901490,"[""696cb3caec10e4bd94285bf7"", ""696cb3caec10e4bd94285bf8"", ""696cb3caec10e4bd94285bf9"", ""696cb3caec10e4bd94285bfa"", ""696cb3caec10e4bd94285bfb"", ""696cb3caec10e4bd94285bfc"", ""696cb3caec10e4bd94285bfd"", ""696cb3caec10e4bd94285bfe"", ""696cb3caec10e4bd94285bff"", ""696cb3caec10e4bd94285c00"", ""696cb3caec10e4bd94285c01"", ""696cb3caec10e4bd94285c02"", ""696cb3caec10e4bd94285c03""]",0.9730072,0.564159,0.6492020000000001,0.267953,left,away,86.6355,7,backward,39.518
207673,,,0,1901490,1903274,[],0.523065,0.476124,0.523065,0.476124,,neutral,0.0,0,,0.0
207673,11459.0,UDC Txantrea KKE,0,1903274,1905837,"[""696cb3caec10e4bd94285c04"", ""696cb3caec10e4bd94285c06""]",0.523065,0.476124,0.585846,0.457623,right,home,11.2746,1,sideways,6.711
207673,12987.0,CD Subiza,0,1905837,1908896,"[""696cb3caec10e4bd94285c07"", ""696cb3caec10e4bd94285c08"", ""696cb3caec10e4bd94285c09""]",0.585846,0.457623,0.497117,0.505497,left,away,5.9318,1,sideways,9.8689
207673,11459.0,UDC Txantrea KKE,0,1908896,1914010,"[""696cb3caec10e4bd94285c0a"", ""696cb3caec10e4bd94285c0b"", ""696cb3caec10e4bd94285c0c""]",0.497117,0.505497,0.590929,0.9059003999999999,right,home,13.2827,2,forward,28.9545
207673,,,0,1914010,1948050,[],0.82395,0.999668,0.82395,0.999668,,ballout,0.0,0,,0.0
207673,12987.0,CD Subiza,0,1948050,1950085,"[""696cb3caec10e4bd94285c0d"", ""696cb3caec10e4bd94285c0e""]",0.82395,0.999668,0.6029519999999999,1.00883,left,away,23.2132,2,sideways,23.2132
207673,,,0,1950085,1954083,"[""696cb3caec10e4bd94285c10""]",0.465181,0.9553711,0.425261,0.9770146,,neutral,4.4425,0,,4.4425
207673,11459.0,UDC Txantrea KKE,0,1954083,1966530,"[""696cb3caec10e4bd94285c11"", ""696cb3caec10e4bd94285c12"", ""696cb3caec10e4bd94285c13"", ""696cb3caec10e4bd94285c14""]",0.425261,0.9770146,0.540031,0.123645,right,home,76.0526,3,backward,59.2672
207673,,,0,1966530,1967330,[],0.66212,0.143444,0.66212,0.143444,,neutral,0.0,0,,0.0
207673,12987.0,CD Subiza,0,1967330,1973828,"[""696cb3caec10e4bd94285c15"", ""696cb3caec10e4bd94285c16"", ""696cb3caec10e4bd94285c17"", ""696cb3caec10e4bd94285c18""]",0.66212,0.143444,0.663784,0.740483,left,away,33.9645,2,forward,40.599
207673,11459.0,UDC Txantrea KKE,0,1973828,1978628,"[""696cb3caec10e4bd94285c19"", ""696cb3caec10e4bd94285c1a"", ""696cb3caec10e4bd94285c1c"", ""696cb3caec10e4bd94285c1d"", ""696cb3caec10e4bd94285c1e"", ""696cb3caec10e4bd94285c20""]",0.663784,0.740483,0.921269,0.451388,right,home,14.9882,1,backward,33.4275
207673,,,0,1978628,1980266,"[""696cb3caec10e4bd94285c21"", ""696cb3caec10e4bd94285c22""]",0.9411572,0.501158,0.9411572,0.501158,,neutral,0.0,0,,0.0
207673,,,0,1980266,1988770,[],0.614881,0.013881000000000032,0.614881,0.013881000000000032,,ballout,0.0,0,,0.0
207673,11459.0,UDC Txantrea KKE,0,1988770,2000138,"[""696cb3caec10e4bd94285c23"", ""696cb3caec10e4bd94285c24"", ""696cb3caec10e4bd94285c25"", ""696cb3caec10e4bd94285c26"", ""696cb3caec10e4bd94285c27"", ""696cb3caec10e4bd94285c28"", ""696cb3caec10e4bd94285c29"", ""696cb3caec10e4bd94285c2a""]",0.614881,0.013881000000000032,0.664782,0.961555,right,home,70.9435,5,forward,64.6545
207673,,,0,2000138,2001690,[],0.6290359999999999,0.942481,0.6290359999999999,0.942481,,neutral,0.0,0,,0.0
207673,12987.0,CD Subiza,0,2001690,2001690,"[""696cb3caec10e4bd94285c2c""]",0.6290359999999999,0.942481,0.6290359999999999,0.942481,left,away,0.0,0,sideways,0.0
207673,,,0,2001690,2003900,"[""696cb3caec10e4bd94285c2e"", ""696cb3caec10e4bd94285c2f""]",0.579654,0.894037,0.579654,0.894037,,neutral,0.0,0,,0.0
207673,,,0,2003900,2041282,[],0.5403789999999999,0.898687,0.5403789999999999,0.898687,,ballout,0.0,0,,0.0
207673,12987.0,CD Subiza,0,2041282,2041282,"[""696cb3caec10e4bd94285c30""]",0.5403789999999999,0.898687,0.5403789999999999,0.898687,left,away,0.0,1,sideways,0.0
207673,,,0,2041282,2044450,[],0.277556,0.160748,0.277556,0.160748,,neutral,0.0,0,,0.0
207673,11459.0,UDC Txantrea KKE,0,2044450,2044450,"[""696cb3caec10e4bd94285c31""]",0.277556,0.160748,0.277556,0.160748,right,home,0.0,1,sideways,0.0
207673,,,0,2044450,2046075,[],0.45126599999999994,0.196736,0.45126599999999994,0.196736,,neutral,0.0,0,,0.0
207673,12987.0,CD Subiza,0,2046075,2062570,"[""696cb3caec10e4bd94285c32"", ""696cb3caec10e4bd94285c33"", ""696cb3caec10e4bd94285c34"", ""696cb3caec10e4bd94285c35"", ""696cb3caec10e4bd94285c36"", ""696cb3caec10e4bd94285c37"", ""696cb3caec10e4bd94285c38""]",0.45126599999999994,0.196736,0.5967910000000001,0.898628,left,away,66.7239,3,forward,50.1149
207673,,,0,2062570,2064472,[],0.534043,0.762126,0.534043,0.762126,,neutral,0.0,0,,0.0
207673,11459.0,UDC Txantrea KKE,0,2064472,2074490,"[""696cb3caec10e4bd94285c39"", ""696cb3caec10e4bd94285c3a"", ""696cb3caec10e4bd94285c3b"", ""696cb3caec10e4bd94285c3c"", ""696cb3caec10e4bd94285c3d"", ""696cb3caec10e4bd94285c3e"", ""696cb3caec10e4bd94285c3f"", ""696cb3caec10e4bd94285c40"", ""696cb3caec10e4bd94285c41"", ""696cb3caec10e4bd94285c42""]",0.534043,0.762126,0.466179,0.507043,right,home,60.2855,6,backward,18.7523
207673,,,0,2074490,2104552,[],0.875543,1.01043,0.875543,1.01043,,ballout,0.0,0,,0.0
207673,12987.0,CD Subiza,0,2104552,2105273,"[""696cb3caec10e4bd94285c43"", ""696cb3caec10e4bd94285c44""]",0.875543,1.01043,0.865038,0.898457,left,away,7.6936,2,backward,7.6936
207673,,,0,2105273,2108028,[],0.558993,0.663185,0.558993,0.663185,,neutral,0.0,0,,0.0
207673,11459.0,UDC Txantrea KKE,0,2108028,2111046,"[""696cb3caec10e4bd94285c45"", ""696cb3caec10e4bd94285c46"", ""696cb3caec10e4bd94285c47"", ""696cb3caec10e4bd94285c49""]",0.558993,0.663185,0.473165,0.684828,right,home,17.4203,3,sideways,9.1313
207673,,,0,2111046,2139794,[],0.9857804,0.658379,0.9857804,0.658379,,ballout,0.0,0,,0.0
207673,12987.0,CD Subiza,0,2139794,2170430,"[""696cb3caec10e4bd94285c4a"", ""696cb3caec10e4bd94285c4b"", ""696cb3caec10e4bd94285c4c"", ""696cb3caec10e4bd94285c4d"", ""696cb3caec10e4bd94285c4e"", ""696cb3caec10e4bd94285c4f"", ""696cb3caec10e4bd94285c50"", ""696cb3caec10e4bd94285c51"", ""696cb3caec10e4bd94285c52"", ""696cb3caec10e4bd94285c53"", ""696cb3caec10e4bd94285c54"", ""696cb3caec10e4bd94285c55"", ""696cb3caec10e4bd94285c56"", ""696cb3caec10e4bd94285c57"", ""696cb3caec10e4bd94285c58"", ""696cb3caec10e4bd94285c59"", ""696cb3caec10e4bd94285c5a"", ""696cb3caec10e4bd94285c5b"", ""696cb3caec10e4bd94285c5c""]",0.9857804,0.658379,0.677778,0.847718,left,away,147.2861,11,forward,34.8089
207673,,,0,2170430,2171811,[],0.567975,0.9259979,0.567975,0.9259979,,neutral,0.0,0,,0.0
207673,11459.0,UDC Txantrea KKE,0,2171811,2175410,"[""696cb3caec10e4bd94285c5d"", ""696cb3caec10e4bd94285c5e"", ""696cb3caec10e4bd94285c60""]",0.567975,0.9259979,0.813484,0.7543960000000001,right,home,32.8025,2,backward,28.2965
207673,,,0,2175410,2176515,[],1.00930238,0.532643,1.00930238,0.532643,,neutral,0.0,0,,0.0
207673,12987.0,CD Subiza,0,2176515,2199210,"[""696cb3caec10e4bd94285c61"", ""696cb3caec10e4bd94285c62"", ""696cb3caec10e4bd94285c63"", ""696cb3caec10e4bd94285c64"", ""696cb3caec10e4bd94285c65"", ""696cb3caec10e4bd94285c66"", ""696cb3caec10e4bd94285c68"", ""696cb3caec10e4bd94285c69"", ""696cb3caec10e4bd94285c6a"", ""696cb3caec10e4bd94285c6b""]",1.00930238,0.532643,0.6177159999999999,0.0615772,left,away,59.8517,4,backward,52.1215
207673,,,0,2199210,2200937,[],0.436239,0.14683400000000002,0.436239,0.14683400000000002,,neutral,0.0,0,,0.0
207673,11459.0,UDC Txantrea KKE,0,2200937,2203408,"[""696cb3caec10e4bd94285c6c"", ""696cb3caec10e4bd94285c6d"", ""696cb3caec10e4bd94285c6e"", ""696cb3caec10e4bd94285c6f""]",0.436239,0.14683400000000002,0.548338,0.0655482,right,home,18.4535,2,backward,13.0036
207673,,,0,2203408,2214145,[],0.501109,0.010789999999999966,0.501109,0.010789999999999966,,ballout,0.0,0,,0.0
207673,11459.0,UDC Txantrea KKE,0,2214145,2223125,"[""696cb3caec10e4bd94285c70"", ""696cb3caec10e4bd94285c71"", ""696cb3caec10e4bd94285c72"", ""696cb3caec10e4bd94285c73"", ""696cb3caec10e4bd94285c74""]",0.501109,0.010789999999999966,0.432247,0.5982540000000001,right,home,31.945,3,forward,40.5966
207673,,,0,2223125,2238066,[],0.504245,0.998186,0.504245,0.998186,,ballout,0.0,0,,0.0
207673,12987.0,CD Subiza,0,2238066,2256988,"[""696cb3caec10e4bd94285c75"", ""696cb3caec10e4bd94285c76"", ""696cb3caec10e4bd94285c77"", ""696cb3caec10e4bd94285c78"", ""696cb3caec10e4bd94285c79"", ""696cb3caec10e4bd94285c7a"", ""696cb3caec10e4bd94285c7b"", ""696cb3caec10e4bd94285c7c"", ""696cb3caec10e4bd94285c7d"", ""696cb3caec10e4bd94285c7e"", ""696cb3caec10e4bd94285c7f""]",0.504245,0.998186,0.580831,0.794858,left,away,97.0844,7,backward,15.9948
207673,,,0,2256988,2258932,[],0.3554,0.321527,0.3554,0.321527,,neutral,0.0,0,,0.0
207673,11459.0,UDC Txantrea KKE,0,2258932,2278690,"[""696cb3caec10e4bd94285c80"", ""696cb3caec10e4bd94285c81"", ""696cb3caec10e4bd94285c82"", ""696cb3caec10e4bd94285c83"", ""696cb3caec10e4bd94285c84"", ""696cb3caec10e4bd94285c85"", ""696cb3caec10e4bd94285c86"", ""696cb3caec10e4bd94285c87"", ""696cb3caec10e4bd94285c88"", ""696cb3caec10e4bd94285c89""]",0.3554,0.321527,0.901308,0.295246,right,home,53.7903,4,sideways,57.3482
207673,,,0,2278690,2279495,[],0.9317695,0.454602,0.9317695,0.454602,,neutral,0.0,0,,0.0
207673,12987.0,CD Subiza,0,2279495,2286310,"[""696cb3caec10e4bd94285c8a"", ""696cb3caec10e4bd94285c8b"", ""696cb3caec10e4bd94285c8c"", ""696cb3caec10e4bd94285c8e"", ""696cb3caec10e4bd94285c8f""]",0.9317695,0.454602,0.9144523,0.471942,left,away,18.6102,1,forward,2.1672
207673,,,0,2286310,2339939,[],0.49431099999999994,0.174952,0.49431099999999994,0.174952,,ballout,0.0,0,,0.0
207673,12987.0,CD Subiza,0,2339939,2339939,"[""696cb3caec10e4bd94285c90""]",0.49431099999999994,0.174952,0.49431099999999994,0.174952,left,away,0.0,1,sideways,0.0
207673,,,0,2339939,2347943,[],0.039033,0.602892,0.039033,0.602892,,ballout,0.0,0,,0.0
207673,11459.0,UDC Txantrea KKE,0,2347943,2363970,"[""696cb3caec10e4bd94285c91"", ""696cb3caec10e4bd94285c92"", ""696cb3caec10e4bd94285c93"", ""696cb3caec10e4bd94285c94"", ""696cb3caec10e4bd94285c95"", ""696cb3caec10e4bd94285c96"", ""696cb3caec10e4bd94285c97"", ""696cb3caec10e4bd94285c98"", ""696cb3caec10e4bd94285c99"", ""696cb3caec10e4bd94285c9a"", ""696cb3caec10e4bd94285c9b""]",0.039033,0.602892,0.67576,0.29369999999999996,right,home,88.5834,6,sideways,70.0844
207673,,,0,2363970,2365253,[],0.715098,0.308877,0.715098,0.308877,,neutral,0.0,0,,0.0
207673,12987.0,CD Subiza,0,2365253,2367327,"[""696cb3caec10e4bd94285c9c"", ""696cb3caec10e4bd94285c9e"", ""696cb3caec10e4bd94285c9f""]",0.715098,0.308877,0.758861,0.29526,left,away,4.6875,0,sideways,4.6875
207673,,,0,2367327,2397959,[],0.7395579999999999,0.338733,0.7395579999999999,0.338733,,ballout,0.0,0,,0.0
207673,12987.0,CD Subiza,0,2397959,2397959,"[""696cb3caec10e4bd94285ca0""]",0.7395579999999999,0.338733,0.7395579999999999,0.338733,left,away,0.0,1,sideways,0.0
207673,,,0,2397959,2401019,[],0.287536,0.9414575000000001,0.287536,0.9414575000000001,,neutral,0.0,0,,0.0
207673,11459.0,UDC Txantrea KKE,0,2401019,2401019,"[""696cb3caec10e4bd94285ca1""]",0.287536,0.9414575000000001,0.287536,0.9414575000000001,right,home,0.0,1,sideways,0.0
207673,,,0,2401019,2403510,[],0.43159400000000003,0.751635,0.43159400000000003,0.751635,,neutral,0.0,0,,0.0
207673,12987.0,CD Subiza,0,2403510,2407730,"[""696cb3caec10e4bd94285ca2"", ""696cb3caec10e4bd94285ca3""]",0.43159400000000003,0.751635,0.760804,0.537576,left,away,37.5068,2,backward,37.5068
207673,,,0,2407730,2409250,[],0.458195,0.678644,0.458195,0.678644,,neutral,0.0,0,,0.0
207673,11459.0,UDC Txantrea KKE,0,2409250,2409250,"[""696cb3caec10e4bd94285ca4""]",0.458195,0.678644,0.458195,0.678644,right,home,0.0,1,sideways,0.0
207673,,,0,2409250,2410112,[],0.547976,0.572928,0.547976,0.572928,,neutral,0.0,0,,0.0
207673,12987.0,CD Subiza,0,2410112,2410112,"[""696cb3caec10e4bd94285ca5""]",0.547976,0.572928,0.547976,0.572928,left,away,0.0,1,sideways,0.0
207673,,,0,2410112,2411883,[],0.348414,0.44520400000000004,0.348414,0.44520400000000004,,neutral,0.0,0,,0.0
207673,11459.0,UDC Txantrea KKE,0,2411883,2449011,"[""696cb3caec10e4bd94285ca6"", ""696cb3caec10e4bd94285ca7"", ""696cb3caec10e4bd94285ca8"", ""696cb3caec10e4bd94285ca9"", ""696cb3caec10e4bd94285caa"", ""696cb3caec10e4bd94285cab"", ""696cb3caec10e4bd94285cac"", ""696cb3caec10e4bd94285cad"", ""696cb3caec10e4bd94285cae"", ""696cb3caec10e4bd94285caf"", ""696cb3caec10e4bd94285cb0"", ""696cb3caec10e4bd94285cb1"", ""696cb3caec10e4bd94285cb2"", ""696cb3caec10e4bd94285cb3"", ""696cb3caec10e4bd94285cb4"", ""696cb3caec10e4bd94285cb5"", ""696cb3caec10e4bd94285cb6"", ""696cb3caec10e4bd94285cb7"", ""696cb3caec10e4bd94285cb8"", ""696cb3caec10e4bd94285cb9"", ""696cb3caec10e4bd94285cba"", ""696cb3caec10e4bd94285cbb"", ""696cb3caec10e4bd94285cbc""]",0.348414,0.44520400000000004,0.535041,0.616806,right,home,188.7996,12,forward,22.807
207673,,,0,2449011,2454690,"[""696cb3caec10e4bd94285cbd""]",0.527057,0.99711206,0.527057,0.99711206,,ballout,0.0,0,,0.0
207673,11459.0,UDC Txantrea KKE,0,2454690,2475370,"[""696cb3caec10e4bd94285cbe"", ""696cb3caec10e4bd94285cbf"", ""696cb3caec10e4bd94285cc0"", ""696cb3caec10e4bd94285cc1"", ""696cb3caec10e4bd94285cc2"", ""696cb3caec10e4bd94285cc3"", ""696cb3caec10e4bd94285cc4"", ""696cb3caec10e4bd94285cc5"", ""696cb3caec10e4bd94285cc6""]",0.527057,0.99711206,0.528055,0.08808800000000006,right,home,64.1828,5,backward,61.8137
207673,,,0,2475370,2476386,[],0.645159,0.159601,0.645159,0.159601,,neutral,0.0,0,,0.0
207673,12987.0,CD Subiza,0,2476386,2479120,"[""696cb3caec10e4bd94285cc7"", ""696cb3caec10e4bd94285cc8"", ""696cb3caec10e4bd94285cca"", ""696cb3caec10e4bd94285ccb""]",0.645159,0.159601,0.569188,0.190004,left,away,7.8176,1,sideways,8.2405
207673,,,0,2479120,2511507,[],0.570991,0.182011,0.570991,0.182011,,ballout,0.0,0,,0.0
207673,12987.0,CD Subiza,0,2511507,2521158,"[""696cb3caec10e4bd94285ccc"", ""696cb3caec10e4bd94285ccd"", ""696cb3caec10e4bd94285cce"", ""696cb3caec10e4bd94285ccf"", ""696cb3caec10e4bd94285cd0"", ""696cb3caec10e4bd94285cd1"", ""696cb3caec10e4bd94285cd2""]",0.570991,0.182011,0.7335780000000001,0.781344,left,away,58.5272,4,forward,44.1858
207673,,,0,2521158,2524510,[],0.271568,0.38645799999999997,0.271568,0.38645799999999997,,neutral,0.0,0,,0.0
207673,11459.0,UDC Txantrea KKE,0,2524510,2537284,"[""696cb3caec10e4bd94285cd3"", ""696cb3caec10e4bd94285cd4"", ""696cb3caec10e4bd94285cd5"", ""696cb3caec10e4bd94285cd6"", ""696cb3caec10e4bd94285cd7"", ""696cb3caec10e4bd94285cd8"", ""696cb3caec10e4bd94285cd9"", ""696cb3caec10e4bd94285cda"", ""696cb3caec10e4bd94285cdb""]",0.271568,0.38645799999999997,0.457197,0.6152599999999999,right,home,61.4632,5,forward,24.9393
207673,,,0,2537284,2540290,"[""696cb3caec10e4bd94285cdc""]",0.479153,0.797683,0.479153,0.797683,,neutral,0.0,0,,0.0
207673,11459.0,UDC Txantrea KKE,0,2540290,2552130,"[""696cb3caec10e4bd94285cdd"", ""696cb3caec10e4bd94285cdf"", ""696cb3caec10e4bd94285ce0"", ""696cb3caec10e4bd94285ce1"", ""696cb3caec10e4bd94285ce2"", ""696cb3caec10e4bd94285ce3"", ""696cb3caec10e4bd94285ce4"", ""696cb3caec10e4bd94285ce5"", ""696cb3caec10e4bd94285ce6""]",0.479153,0.797683,0.452207,0.43747400000000003,right,home,57.1536,5,backward,24.6571
207673,,,0,2552130,2555111,"[""696cb3caec10e4bd94285ce7""]",0.677756,0.34471700000000005,0.677756,0.34471700000000005,,neutral,0.0,0,,0.0
207673,11459.0,UDC Txantrea KKE,0,2555111,2557379,"[""696cb3caec10e4bd94285ce8"", ""696cb3caec10e4bd94285ce9""]",0.677756,0.34471700000000005,0.714682,0.31070600000000004,right,home,4.5146,1,backward,4.5146
207673,,,0,2557379,2584130,[],0.8816930000000001,-0.00894371,0.8816930000000001,-0.00894371,,ballout,0.0,0,,0.0
207673,12987.0,CD Subiza,0,2584130,2588618,"[""696cb3caec10e4bd94285cea"", ""696cb3caec10e4bd94285cec"", ""696cb3caec10e4bd94285ced""]",0.8816930000000001,-0.00894371,0.640656,0.00691956,left,away,23.3662,1,sideways,25.3319
207673,,,0,2588618,2589185,"[""696cb3caec10e4bd94285cee""]",0.662786,0.04943900000000001,0.662786,0.04943900000000001,,neutral,0.0,0,,0.0
207673,,,0,2589185,2609338,[],0.514688,-0.00459241,0.514688,-0.00459241,,ballout,0.0,0,,0.0
207673,12987.0,CD Subiza,0,2609338,2609338,"[""696cb3caec10e4bd94285cef""]",0.514688,-0.00459241,0.514688,-0.00459241,left,away,0.0,1,sideways,0.0
207673,,,0,2609338,2611023,[],0.327456,0.12055300000000002,0.327456,0.12055300000000002,,neutral,0.0,0,,0.0
207673,11459.0,UDC Txantrea KKE,0,2611023,2612229,"[""696cb3caec10e4bd94285cf0"", ""696cb3caec10e4bd94285cf1""]",0.327456,0.12055300000000002,0.398314,0.03397899999999998,right,home,9.4875,2,backward,9.4875
207673,,,0,2612229,2613570,[],0.460755,0.0774235,0.460755,0.0774235,,neutral,0.0,0,,0.0
207673,12987.0,CD Subiza,0,2613570,2613570,"[""696cb3caec10e4bd94285cf2""]",0.460755,0.0774235,0.460755,0.0774235,left,away,0.0,1,sideways,0.0
207673,,,0,2613570,2616513,[],0.204702,0.18548299999999995,0.204702,0.18548299999999995,,neutral,0.0,0,,0.0
207673,11459.0,UDC Txantrea KKE,0,2616513,2618210,"[""696cb3caec10e4bd94285cf3"", ""696cb3caec10e4bd94285cf4"", ""696cb3caec10e4bd94285cf5""]",0.204702,0.18548299999999995,0.31049,0.15920199999999995,right,home,9.0665,2,sideways,11.2506
207673,,,0,2618210,2619251,[],0.345607,0.0898145,0.345607,0.0898145,,neutral,0.0,0,,0.0
207673,12987.0,CD Subiza,0,2619251,2623210,"[""696cb3caec10e4bd94285cf7"", ""696cb3caec10e4bd94285cf8""]",0.345607,0.0898145,0.348684,0.00979692,left,away,5.4508,1,backward,5.4508
207673,,,0,2623210,2626919,"[""696cb3caec10e4bd94285cf9""]",0.247616,0.30916,0.462187,0.142196,,neutral,25.229,0,,25.229
207673,11459.0,UDC Txantrea KKE,0,2626919,2627887,"[""696cb3caec10e4bd94285cfa"", ""696cb3caec10e4bd94285cfb""]",0.462187,0.142196,0.414283,0.11900699999999997,right,home,5.2713,2,sideways,5.2713
207673,,,0,2627887,2628975,[],0.509349,0.108833,0.509349,0.108833,,neutral,0.0,0,,0.0
207673,12987.0,CD Subiza,0,2628975,2628975,"[""696cb3caec10e4bd94285cfc""]",0.509349,0.108833,0.509349,0.108833,left,away,0.0,1,sideways,0.0
207673,,,0,2628975,2635432,[],0.239632,0.010789999999999966,0.239632,0.010789999999999966,,ballout,0.0,0,,0.0
207673,11459.0,UDC Txantrea KKE,0,2635432,2651133,"[""696cb3caec10e4bd94285cfd"", ""696cb3caec10e4bd94285cfe"", ""696cb3caec10e4bd94285cff"", ""696cb3caec10e4bd94285d00"", ""696cb3caec10e4bd94285d01"", ""696cb3caec10e4bd94285d02"", ""696cb3caec10e4bd94285d03"", ""696cb3caec10e4bd94285d04"", ""696cb3caec10e4bd94285d05"", ""696cb3caec10e4bd94285d06"", ""696cb3caec10e4bd94285d07"", ""696cb3caec10e4bd94285d08"", ""696cb3caec10e4bd94285d09""]",0.239632,0.010789999999999966,0.37859699999999996,0.495211,right,home,110.5862,7,forward,36.0277
207673,12987.0,CD Subiza,0,2651133,2652890,"[""696cb3caec10e4bd94285d0a"", ""696cb3caec10e4bd94285d0b""]",0.37859699999999996,0.495211,0.30297700000000005,0.519941,left,away,8.1162,0,sideways,8.1162
207673,,,0,2652890,2654324,[],0.039033,0.48694499999999996,0.039033,0.48694499999999996,,neutral,0.0,0,,0.0
207673,11459.0,UDC Txantrea KKE,0,2654324,2679770,"[""696cb3caec10e4bd94285d0c"", ""696cb3caec10e4bd94285d0d"", ""696cb3caec10e4bd94285d0e"", ""696cb3caec10e4bd94285d0f"", ""696cb3caec10e4bd94285d10"", ""696cb3caec10e4bd94285d11"", ""696cb3caec10e4bd94285d12"", ""696cb3caec10e4bd94285d13"", ""696cb3caec10e4bd94285d14"", ""696cb3caec10e4bd94285d15"", ""696cb3caec10e4bd94285d16"", ""696cb3caec10e4bd94285d17"", ""696cb3caec10e4bd94285d18"", ""696cb3caec10e4bd94285d19"", ""696cb3caec10e4bd94285d1a"", ""696cb3caec10e4bd94285d1b""]",0.039033,0.48694499999999996,0.0659792,0.564243,right,home,123.1828,8,forward,5.9694
207673,,,0,2679770,2681877,[],0.359131,0.823265,0.359131,0.823265,,neutral,0.0,0,,0.0
207673,12987.0,CD Subiza,0,2681877,2685090,"[""696cb3caec10e4bd94285d1c"", ""696cb3caec10e4bd94285d1d"", ""696cb3caec10e4bd94285d1e""]",0.359131,0.823265,0.26619499999999996,0.697198,left,away,12.7164,2,backward,12.9889
207673,,,0,2685090,2689386,[],0.030051,0.718839,0.030051,0.718839,,neutral,0.0,0,,0.0
207673,11459.0,UDC Txantrea KKE,0,2689386,2701250,"[""696cb3caec10e4bd94285d1f"", ""696cb3caec10e4bd94285d20"", ""696cb3caec10e4bd94285d21"", ""696cb3caec10e4bd94285d22"", ""696cb3caec10e4bd94285d23"", ""696cb3caec10e4bd94285d24""]",0.030051,0.718839,0.32546,0.522502,right,home,27.2175,3,backward,33.7692
207673,,,0,2701250,2702317,[],0.47497199999999995,0.187746,0.47497199999999995,0.187746,,neutral,0.0,0,,0.0
207673,12987.0,CD Subiza,0,2702317,2711890,"[""696cb3caec10e4bd94285d25"", ""696cb3caec10e4bd94285d26""]",0.47497199999999995,0.187746,0.014225000000000043,0.255004,left,away,48.5941,0,sideways,48.5941
207673,,,0,2711890,2714090,"[""696cb3caec10e4bd94285d27""]",0.0879352,0.380274,0.0879352,0.380274,,neutral,0.0,0,,0.0
207673,11459.0,UDC Txantrea KKE,0,2714090,2714090,"[""696cb3caec10e4bd94285d28""]",0.0879352,0.380274,0.0879352,0.380274,right,home,0.0,1,sideways,0.0
207673,,,0,2714090,2716058,[],0.17070799999999997,0.657437,0.17070799999999997,0.657437,,neutral,0.0,0,,0.0
207673,12987.0,CD Subiza,0,2716058,2719285,"[""696cb3caec10e4bd94285d29"", ""696cb3caec10e4bd94285d2a"", ""696cb3caec10e4bd94285d2b""]",0.17070799999999997,0.657437,0.020237999999999978,0.779385,left,away,17.8433,0,forward,17.8433
207673,,,0,2719285,2722953,"[""696cb3caec10e4bd94285d2c""]",0.040031,0.47148599999999996,0.10753000000000001,0.652299,,neutral,14.1917,0,,14.1917
207673,12987.0,CD Subiza,0,2722953,2725221,"[""696cb3caec10e4bd94285d2d"", ""696cb3caec10e4bd94285d2e"", ""696cb3caec10e4bd94285d2f""]",0.10753000000000001,0.652299,0.08455999999999997,0.556989,left,away,6.9153,0,backward,6.9153
207673,,,0,2725221,2726019,[],0.018075,0.503951,0.018075,0.503951,,neutral,0.0,0,,0.0
207673,11459.0,UDC Txantrea KKE,0,2726019,2736763,"[""696cb3caec10e4bd94285d30"", ""696cb3caec10e4bd94285d31"", ""696cb3caec10e4bd94285d32"", ""696cb3caec10e4bd94285d33""]",0.018075,0.503951,0.483145,0.15147200000000005,right,home,17.3091,2,backward,54.3975
207673,,,0,2736763,2759691,[],0.9020671,1.00366,0.9020671,1.00366,,ballout,0.0,0,,0.0
207673,12987.0,CD Subiza,0,2759691,2760955,"[""696cb3caec10e4bd94285d34"", ""696cb3caec10e4bd94285d35""]",0.9020671,1.00366,0.9428201,0.911918,left,away,7.565,1,backward,7.565
207673,11459.0,UDC Txantrea KKE,1,2700189,2703046,"[""696cb3caec10e4bd94285d3a"", ""696cb3caec10e4bd94285d3b"", ""696cb3caec10e4bd94285d3c""]",0.498638,0.510373,0.628362,0.492968,left,home,16.9376,2,sideways,13.6723
207673,,,1,2703046,2713420,[],0.114752,1.0,0.114752,1.0,,ballout,0.0,0,,0.0
207673,12987.0,CD Subiza,1,2713420,2715643,"[""696cb3caec10e4bd94285d3d"", ""696cb3caec10e4bd94285d3e"", ""696cb3caec10e4bd94285d3f""]",0.114752,1.0,0.0563442,0.9797422,right,away,7.6073,2,sideways,6.2856
207673,,,1,2715643,2719417,[],0.5660540000000001,0.926512,0.5660540000000001,0.926512,,neutral,0.0,0,,0.0
207673,11459.0,UDC Txantrea KKE,1,2719417,2729080,"[""696cb3caec10e4bd94285d40"", ""696cb3caec10e4bd94285d41"", ""696cb3caec10e4bd94285d42"", ""696cb3caec10e4bd94285d43"", ""696cb3caec10e4bd94285d44"", ""696cb3caec10e4bd94285d45"", ""696cb3caec10e4bd94285d46"", ""696cb3caec10e4bd94285d47"", ""696cb3caec10e4bd94285d48""]",0.5660540000000001,0.926512,0.461866,0.0594233,left,home,57.5774,4,backward,59.9683
207673,,,1,2729080,2729209,"[""696cb3caec10e4bd94285d49""]",0.465228,0.038542999999999994,0.465228,0.038542999999999994,,neutral,0.0,0,,0.0
207673,,,1,2729209,2733247,[],0.646748,0.0151196,0.646748,0.0151196,,ballout,0.0,0,,0.0
207673,11459.0,UDC Txantrea KKE,1,2733247,2741687,"[""696cb3caec10e4bd94285d4a"", ""696cb3caec10e4bd94285d4b"", ""696cb3caec10e4bd94285d4c"", ""696cb3caec10e4bd94285d4d"", ""696cb3caec10e4bd94285d4e""]",0.646748,0.0151196,0.655941,0.546765,left,home,31.4588,3,forward,36.1648
207673,,,1,2741687,2744507,[],0.0568836,0.44729399999999997,0.0568836,0.44729399999999997,,neutral,0.0,0,,0.0
207673,12987.0,CD Subiza,1,2744507,2761887,"[""696cb3caec10e4bd94285d4f"", ""696cb3caec10e4bd94285d50""]",0.0568836,0.44729399999999997,0.038083,0.42011699999999996,right,away,2.7041,1,backward,2.7041
207673,,,1,2761887,2764757,[],0.473102,0.285689,0.473102,0.285689,,neutral,0.0,0,,0.0
207673,11459.0,UDC Txantrea KKE,1,2764757,2764757,"[""696cb3caec10e4bd94285d51""]",0.473102,0.285689,0.473102,0.285689,left,home,0.0,1,sideways,0.0
207673,,,1,2764757,2766527,[],0.350928,0.283818,0.350928,0.283818,,neutral,0.0,0,,0.0
207673,12987.0,CD Subiza,1,2766527,2768128,"[""696cb3caec10e4bd94285d52"", ""696cb3caec10e4bd94285d53""]",0.350928,0.283818,0.275712,0.299334,right,away,7.9678,2,sideways,7.9678
207673,,,1,2768128,2775039,"[""696cb3caec10e4bd94285d54""]",0.7529790000000001,0.322082,0.368199,0.20313800000000004,,neutral,41.2035,0,,41.2035
207673,12987.0,CD Subiza,1,2775039,2779098,"[""696cb3caec10e4bd94285d55"", ""696cb3caec10e4bd94285d56"", ""696cb3caec10e4bd94285d57"", ""696cb3caec10e4bd94285d58""]",0.368199,0.20313800000000004,0.47412299999999996,0.0989803,right,away,15.3584,1,backward,13.1858
207673,,,1,2779098,2795470,[],0.613431,0.0,0.613431,0.0,,ballout,0.0,0,,0.0
207673,12987.0,CD Subiza,1,2795470,2795470,"[""696cb3caec10e4bd94285d59""]",0.613431,0.0,0.613431,0.0,right,away,0.0,1,sideways,0.0
207673,,,1,2795470,2797532,"[""696cb3caec10e4bd94285d5b"", ""696cb3caec10e4bd94285d5d""]",0.7887299999999999,0.0530942,0.7887299999999999,0.0530942,,neutral,0.0,0,,0.0
207673,,,1,2797532,2812841,[],0.9674838,0.475563,0.9674838,0.475563,,ballout,0.0,0,,0.0
207673,11459.0,UDC Txantrea KKE,1,2812841,2848847,"[""696cb3caec10e4bd94285d5e"", ""696cb3caec10e4bd94285d5f"", ""696cb3caec10e4bd94285d60"", ""696cb3caec10e4bd94285d61"", ""696cb3caec10e4bd94285d62"", ""696cb3caec10e4bd94285d63"", ""696cb3caec10e4bd94285d64"", ""696cb3caec10e4bd94285d65"", ""696cb3caec10e4bd94285d66"", ""696cb3caec10e4bd94285d67"", ""696cb3caec10e4bd94285d68"", ""696cb3caec10e4bd94285d69"", ""696cb3caec10e4bd94285d6a"", ""696cb3caec10e4bd94285d6b"", ""696cb3caec10e4bd94285d6c"", ""696cb3caec10e4bd94285d6d"", ""696cb3caec10e4bd94285d6e"", ""696cb3caec10e4bd94285d6f"", ""696cb3caec10e4bd94285d70"", ""696cb3caec10e4bd94285d71""]",0.9674838,0.475563,0.18301,0.782525,left,home,198.4789,11,sideways,84.9734
207673,,,1,2848847,2881247,"[""696cb3caec10e4bd94285d72""]",0.0062990000000000546,0.988221,0.0062990000000000546,0.988221,,ballout,0.0,0,,0.0
207673,11459.0,UDC Txantrea KKE,1,2881247,2881247,"[""696cb3caec10e4bd94285d73""]",0.0062990000000000546,0.988221,0.0062990000000000546,0.988221,left,home,0.0,0,sideways,0.0
207673,,,1,2881247,2886139,"[""696cb3caec10e4bd94285d74""]",0.0648177,0.5133030000000001,0.34746299999999997,0.735056,,neutral,33.2889,0,,33.2889
207673,11459.0,UDC Txantrea KKE,1,2886139,2886927,"[""696cb3caec10e4bd94285d75"", ""696cb3caec10e4bd94285d76""]",0.34746299999999997,0.735056,0.36482800000000004,0.690752,left,home,3.5215,1,backward,3.5215
207673,,,1,2886927,2911660,[],0.193495,1.0,0.193495,1.0,,ballout,0.0,0,,0.0
207673,12987.0,CD Subiza,1,2911660,2913387,"[""696cb3caec10e4bd94285d77"", ""696cb3caec10e4bd94285d78""]",0.193495,1.0,0.386398,0.9273161,right,away,20.8491,2,sideways,20.8491
207673,,,1,2913387,2918742,"[""696cb3caec10e4bd94285d7a"", ""696cb3caec10e4bd94285d7b""]",0.5660540000000001,0.953411,0.5660540000000001,0.953411,,neutral,0.0,0,,0.0
207673,11459.0,UDC Txantrea KKE,1,2918742,2918742,"[""696cb3caec10e4bd94285d7d""]",0.5660540000000001,0.953411,0.5660540000000001,0.953411,left,home,0.0,1,sideways,0.0
207673,,,1,2918742,2920156,[],0.574902,0.781473,0.574902,0.781473,,neutral,0.0,0,,0.0
207673,12987.0,CD Subiza,1,2920156,2920517,"[""696cb3caec10e4bd94285d7e"", ""696cb3caec10e4bd94285d7f""]",0.574902,0.781473,0.586524,0.766322,right,away,1.5971,1,backward,1.5971
207673,,,1,2920517,2922753,[],0.770344,0.690752,0.770344,0.690752,,neutral,0.0,0,,0.0
207673,11459.0,UDC Txantrea KKE,1,2922753,2924266,"[""696cb3caec10e4bd94285d80"", ""696cb3caec10e4bd94285d81""]",0.770344,0.690752,0.92254,0.578411,left,home,17.7126,2,backward,17.7126
207673,,,1,2924266,2933472,"[""696cb3caec10e4bd94285d83"", ""696cb3caec10e4bd94285d84""]",0.412347,0.37685,0.412347,0.37685,,neutral,0.0,0,,0.0
207673,12987.0,CD Subiza,1,2933472,2935286,"[""696cb3caec10e4bd94285d86"", ""696cb3caec10e4bd94285d87""]",0.412347,0.37685,0.47514500000000004,0.410689,right,away,6.1738,1,sideways,6.9838
207673,11459.0,UDC Txantrea KKE,1,2935286,2940127,"[""696cb3caec10e4bd94285d88"", ""696cb3caec10e4bd94285d89"", ""696cb3caec10e4bd94285d8a"", ""696cb3caec10e4bd94285d8b""]",0.47514500000000004,0.410689,0.20411,0.07314900000000002,left,home,23.1935,1,backward,36.5612
207673,,,1,2940127,2948567,[],0.22182500000000005,0.00879044,0.22182500000000005,0.00879044,,ballout,0.0,0,,0.0
207673,11459.0,UDC Txantrea KKE,1,2948567,2962527,"[""696cb3caec10e4bd94285d8c"", ""696cb3caec10e4bd94285d8d"", ""696cb3caec10e4bd94285d8e"", ""696cb3caec10e4bd94285d8f"", ""696cb3caec10e4bd94285d90"", ""696cb3caec10e4bd94285d91"", ""696cb3caec10e4bd94285d92"", ""696cb3caec10e4bd94285d93"", ""696cb3caec10e4bd94285d94""]",0.22182500000000005,0.00879044,0.170191,0.636595,left,home,92.2045,5,forward,43.0336
207673,12987.0,CD Subiza,1,2962527,2977967,"[""696cb3caec10e4bd94285d95"", ""696cb3caec10e4bd94285d96"", ""696cb3caec10e4bd94285d97"", ""696cb3caec10e4bd94285d98"", ""696cb3caec10e4bd94285d99"", ""696cb3caec10e4bd94285d9a"", ""696cb3caec10e4bd94285d9b"", ""696cb3caec10e4bd94285d9d"", ""696cb3caec10e4bd94285d9e""]",0.170191,0.636595,0.524317,0.9455571,right,away,58.404,3,forward,42.7082
207673,,,1,2977967,3014180,[],0.518192,0.9633929,0.518192,0.9633929,,ballout,0.0,0,,0.0
207673,12987.0,CD Subiza,1,3014180,3014180,"[""696cb3caec10e4bd94285d9f""]",0.518192,0.9633929,0.518192,0.9633929,right,away,0.0,1,sideways,0.0
207673,,,1,3014180,3017127,[],0.699864,0.160689,0.699864,0.160689,,neutral,0.0,0,,0.0
207673,11459.0,UDC Txantrea KKE,1,3017127,3017127,"[""696cb3caec10e4bd94285da0""]",0.699864,0.160689,0.699864,0.160689,left,home,0.0,1,sideways,0.0
207673,,,1,3017127,3019608,[],0.580384,0.35520799999999997,0.580384,0.35520799999999997,,neutral,0.0,0,,0.0
207673,12987.0,CD Subiza,1,3019608,3025995,"[""696cb3caec10e4bd94285da1"", ""696cb3caec10e4bd94285da2"", ""696cb3caec10e4bd94285da3"", ""696cb3caec10e4bd94285da4"", ""696cb3caec10e4bd94285da5""]",0.580384,0.35520799999999997,0.427968,0.7516780000000001,right,away,25.1735,3,forward,31.3521
207673,,,1,3025995,3029731,[],0.874532,0.602145,0.874532,0.602145,,neutral,0.0,0,,0.0
207673,11459.0,UDC Txantrea KKE,1,3029731,3042327,"[""696cb3caec10e4bd94285da6"", ""696cb3caec10e4bd94285da7"", ""696cb3caec10e4bd94285da8"", ""696cb3caec10e4bd94285da9"", ""696cb3caec10e4bd94285daa"", ""696cb3caec10e4bd94285dab"", ""696cb3caec10e4bd94285dac"", ""696cb3caec10e4bd94285dad"", ""696cb3caec10e4bd94285dae"", ""696cb3caec10e4bd94285daf""]",0.874532,0.602145,0.461866,0.784107,left,home,73.0183,5,sideways,45.062
207673,,,1,3042327,3043127,[],0.319937,0.7343189999999999,0.319937,0.7343189999999999,,neutral,0.0,0,,0.0
207673,12987.0,CD Subiza,1,3043127,3059287,"[""696cb3caec10e4bd94285db0"", ""696cb3caec10e4bd94285db1"", ""696cb3caec10e4bd94285db2"", ""696cb3caec10e4bd94285db3"", ""696cb3caec10e4bd94285db4"", ""696cb3caec10e4bd94285db6"", ""696cb3caec10e4bd94285db7"", ""696cb3caec10e4bd94285db8""]",0.319937,0.7343189999999999,0.837998,0.434585,right,away,75.1429,3,backward,58.0895
207673,,,1,3059287,3063091,"[""696cb3caec10e4bd94285db9"", ""696cb3caec10e4bd94285dba""]",0.7560439999999999,0.367968,0.741773,0.45394999999999996,,neutral,6.0357,0,,6.0357
207673,12987.0,CD Subiza,1,3063091,3068363,"[""696cb3caec10e4bd94285dbb"", ""696cb3caec10e4bd94285dbc"", ""696cb3caec10e4bd94285dbd"", ""696cb3caec10e4bd94285dbe"", ""696cb3caec10e4bd94285dbf""]",0.741773,0.45394999999999996,0.589966,0.450126,right,away,28.8277,2,sideways,15.9419
207673,,,1,3068363,3069874,[],0.500545,0.38099700000000003,0.500545,0.38099700000000003,,neutral,0.0,0,,0.0
207673,12987.0,CD Subiza,1,3069874,3069874,"[""696cb3caec10e4bd94285dc0""]",0.500545,0.38099700000000003,0.500545,0.38099700000000003,right,away,0.0,1,sideways,0.0
207673,,,1,3069874,3081407,[],0.9450119,0.594233,0.9450119,0.594233,,ballout,0.0,0,,0.0
207673,11459.0,UDC Txantrea KKE,1,3081407,3093474,"[""696cb3caec10e4bd94285dc1"", ""696cb3caec10e4bd94285dc2"", ""696cb3caec10e4bd94285dc3"", ""696cb3caec10e4bd94285dc4"", ""696cb3caec10e4bd94285dc5"", ""696cb3caec10e4bd94285dc6"", ""696cb3caec10e4bd94285dc7""]",0.9450119,0.594233,0.43020099999999994,0.945499,left,home,64.5106,4,forward,59.0974
207673,,,1,3093474,3095995,[],0.0767082,0.652424,0.0767082,0.652424,,neutral,0.0,0,,0.0
207673,12987.0,CD Subiza,1,3095995,3110977,"[""696cb3caec10e4bd94285dc8"", ""696cb3caec10e4bd94285dc9"", ""696cb3caec10e4bd94285dca"", ""696cb3caec10e4bd94285dcb"", ""696cb3caec10e4bd94285dcc"", ""696cb3caec10e4bd94285dcd"", ""696cb3caec10e4bd94285dce""]",0.0767082,0.652424,0.356099,0.17714200000000002,right,away,29.0887,2,backward,43.6478
207673,,,1,3110977,3112090,[],0.41428299999999996,0.214856,0.41428299999999996,0.214856,,neutral,0.0,0,,0.0
207673,11459.0,UDC Txantrea KKE,1,3112090,3115367,"[""696cb3caec10e4bd94285dcf"", ""696cb3caec10e4bd94285dd0"", ""696cb3caec10e4bd94285dd1"", ""696cb3caec10e4bd94285dd2""]",0.41428299999999996,0.214856,0.35041,0.51941,left,home,18.3353,2,forward,21.7686
207673,,,1,3115367,3118641,[],0.0449799,0.354132,0.0449799,0.354132,,neutral,0.0,0,,0.0
207673,12987.0,CD Subiza,1,3118641,3128952,"[""696cb3caec10e4bd94285dd3"", ""696cb3caec10e4bd94285dd4"", ""696cb3caec10e4bd94285dd5"", ""696cb3caec10e4bd94285dd6"", ""696cb3caec10e4bd94285dd7"", ""696cb3caec10e4bd94285dd8""]",0.0449799,0.354132,0.29851399999999995,0.751304,right,away,30.8261,2,forward,37.9223
207673,,,1,3128952,3130023,[],0.23963199999999996,0.782224,0.23963199999999996,0.782224,,neutral,0.0,0,,0.0
207673,11459.0,UDC Txantrea KKE,1,3130023,3132487,"[""696cb3caec10e4bd94285dd9"", ""696cb3caec10e4bd94285dda"", ""696cb3caec10e4bd94285ddb""]",0.23963199999999996,0.782224,0.09392299999999998,0.711109,left,home,12.826,1,sideways,16.0455
207673,,,1,3132487,3154447,[],0.0311388,0.36234500000000003,0.0311388,0.36234500000000003,,ballout,0.0,0,,0.0
207673,12987.0,CD Subiza,1,3154447,3157310,"[""696cb3caec10e4bd94285ddc"", ""696cb3caec10e4bd94285ddd"", ""696cb3caec10e4bd94285dde""]",0.0311388,0.36234500000000003,0.0254625,0.534295,right,away,8.8125,2,forward,11.7078
207673,,,1,3157310,3159118,[],0.44422300000000003,0.499313,0.44422300000000003,0.499313,,neutral,0.0,0,,0.0
207673,11459.0,UDC Txantrea KKE,1,3159118,3169807,"[""696cb3caec10e4bd94285ddf"", ""696cb3caec10e4bd94285de0"", ""696cb3caec10e4bd94285de3"", ""696cb3caec10e4bd94285de5"", ""696cb3caec10e4bd94285de7""]",0.44422300000000003,0.499313,0.136414,0.6535219999999999,left,home,18.8269,2,sideways,33.9785
207673,,,1,3169807,3171711,[],0.293524,0.562697,0.293524,0.562697,,neutral,0.0,0,,0.0
207673,11459.0,UDC Txantrea KKE,1,3171711,3176100,"[""696cb3caec10e4bd94285de8"", ""696cb3caec10e4bd94285de9"", ""696cb3caec10e4bd94285dea""]",0.293524,0.562697,0.17775600000000003,0.874981,left,home,21.5733,2,forward,24.4683
207673,,,1,3176100,3176941,[],0.168598,0.772355,0.168598,0.772355,,neutral,0.0,0,,0.0
207673,12987.0,CD Subiza,1,3176941,3183886,"[""696cb3caec10e4bd94285deb"", ""696cb3caec10e4bd94285dec"", ""696cb3caec10e4bd94285ded"", ""696cb3caec10e4bd94285dee"", ""696cb3caec10e4bd94285def"", ""696cb3caec10e4bd94285df0""]",0.168598,0.772355,0.290556,0.876079,right,away,34.7001,4,forward,14.6195
207673,,,1,3183886,3187038,"[""696cb3caec10e4bd94285df1"", ""696cb3caec10e4bd94285df2""]",0.525061,0.984744,0.525061,0.984744,,neutral,0.0,0,,0.0
207673,,,1,3187038,3201977,[],0.5510090000000001,0.964647,0.5510090000000001,0.964647,,ballout,0.0,0,,0.0
207673,11459.0,UDC Txantrea KKE,1,3201977,3211073,"[""696cb3caec10e4bd94285df3"", ""696cb3caec10e4bd94285df4"", ""696cb3caec10e4bd94285df5"", ""696cb3caec10e4bd94285df6"", ""696cb3caec10e4bd94285df7"", ""696cb3caec10e4bd94285df8"", ""696cb3caec10e4bd94285df9""]",0.5510090000000001,0.964647,0.341019,0.720879,left,home,48.3296,3,backward,27.5849
207673,,,1,3211073,3211904,[],0.303832,0.717666,0.303832,0.717666,,neutral,0.0,0,,0.0
207673,12987.0,CD Subiza,1,3211904,3214817,"[""696cb3caec10e4bd94285dfa"", ""696cb3caec10e4bd94285dfb"", ""696cb3caec10e4bd94285dfc"", ""696cb3caec10e4bd94285dfd""]",0.303832,0.717666,0.388365,0.7831589999999999,right,away,6.0843,2,forward,9.9306
207673,,,1,3214817,3217124,[],0.6947220000000001,0.364814,0.6947220000000001,0.364814,,neutral,0.0,0,,0.0
207673,11459.0,UDC Txantrea KKE,1,3217124,3218167,"[""696cb3caec10e4bd94285dfe"", ""696cb3caec10e4bd94285dff""]",0.6947220000000001,0.364814,0.550011,0.52714,left,home,18.7808,2,forward,18.7808
207673,,,1,3218167,3224637,"[""696cb3caec10e4bd94285e00""]",0.437227,0.49567300000000003,0.789532,0.725023,,neutral,40.1452,0,,40.1452
207673,11459.0,UDC Txantrea KKE,1,3224637,3236794,"[""696cb3caec10e4bd94285e01"", ""696cb3caec10e4bd94285e02"", ""696cb3caec10e4bd94285e03"", ""696cb3caec10e4bd94285e04"", ""696cb3caec10e4bd94285e05"", ""696cb3caec10e4bd94285e06"", ""696cb3caec10e4bd94285e07"", ""696cb3caec10e4bd94285e08""]",0.789532,0.725023,0.43797,0.013606000000000007,left,home,51.356,3,backward,60.8516
207673,,,1,3236794,3253767,[],0.55277,0.0,0.55277,0.0,,ballout,0.0,0,,0.0
207673,12987.0,CD Subiza,1,3253767,3265963,"[""696cb3caec10e4bd94285e09"", ""696cb3caec10e4bd94285e0a"", ""696cb3caec10e4bd94285e0b"", ""696cb3caec10e4bd94285e0c"", ""696cb3caec10e4bd94285e0e"", ""696cb3caec10e4bd94285e0f""]",0.55277,0.0,0.354986,0.807629,right,away,49.1099,4,forward,58.7142
207673,,,1,3265963,3273327,[],0.526059,0.989382,0.526059,0.989382,,ballout,0.0,0,,0.0
207673,11459.0,UDC Txantrea KKE,1,3273327,3292927,"[""696cb3caec10e4bd94285e10"", ""696cb3caec10e4bd94285e11"", ""696cb3caec10e4bd94285e12"", ""696cb3caec10e4bd94285e13"", ""696cb3caec10e4bd94285e14"", ""696cb3caec10e4bd94285e15"", ""696cb3caec10e4bd94285e16"", ""696cb3caec10e4bd94285e17"", ""696cb3caec10e4bd94285e18"", ""696cb3caec10e4bd94285e19"", ""696cb3caec10e4bd94285e1a"", ""696cb3caec10e4bd94285e1b""]",0.526059,0.989382,0.6677759999999999,0.67246,left,home,101.0587,7,backward,26.1888
207673,,,1,3292927,3293906,[],0.555322,0.830267,0.555322,0.830267,,neutral,0.0,0,,0.0
207673,12987.0,CD Subiza,1,3293906,3300007,"[""696cb3caec10e4bd94285e1c"", ""696cb3caec10e4bd94285e1d"", ""696cb3caec10e4bd94285e1f""]",0.555322,0.830267,0.924427,0.692069,right,away,39.8791,0,sideways,39.8791
207673,,,1,3300007,3302556,"[""696cb3caec10e4bd94285e20""]",0.867376,0.531778,0.867376,0.531778,,neutral,0.0,0,,0.0
207673,11459.0,UDC Txantrea KKE,1,3302556,3304293,"[""696cb3caec10e4bd94285e21""]",0.867376,0.531778,0.826337,0.43290799999999996,left,home,7.9856,0,backward,7.9856
207673,12987.0,CD Subiza,1,3304293,3306847,"[""696cb3caec10e4bd94285e22"", ""696cb3caec10e4bd94285e23""]",0.826337,0.43290799999999996,0.772656,0.29589600000000005,right,away,10.8891,1,backward,10.8891
207673,,,1,3306847,3307634,[],0.823464,0.313798,0.823464,0.313798,,neutral,0.0,0,,0.0
207673,11459.0,UDC Txantrea KKE,1,3307634,3310682,"[""696cb3caec10e4bd94285e24"", ""696cb3caec10e4bd94285e25"", ""696cb3caec10e4bd94285e26"", ""696cb3caec10e4bd94285e27"", ""696cb3caec10e4bd94285e28""]",0.823464,0.313798,0.71069,0.14838,left,home,12.7933,1,backward,16.3323
207673,,,1,3310682,3326447,[],0.679752,0.210218,0.679752,0.210218,,ballout,0.0,0,,0.0
207673,11459.0,UDC Txantrea KKE,1,3326447,3357538,"[""696cb3caec10e4bd94285e29"", ""696cb3caec10e4bd94285e2a"", ""696cb3caec10e4bd94285e2b"", ""696cb3caec10e4bd94285e2c"", ""696cb3caec10e4bd94285e2d"", ""696cb3caec10e4bd94285e2e"", ""696cb3caec10e4bd94285e2f"", ""696cb3caec10e4bd94285e30"", ""696cb3caec10e4bd94285e31"", ""696cb3caec10e4bd94285e32"", ""696cb3caec10e4bd94285e33"", ""696cb3caec10e4bd94285e34"", ""696cb3caec10e4bd94285e35"", ""696cb3caec10e4bd94285e36"", ""696cb3caec10e4bd94285e37"", ""696cb3caec10e4bd94285e38"", ""696cb3caec10e4bd94285e39""]",0.679752,0.210218,0.574961,0.674006,left,home,168.0605,9,forward,33.4019
207673,,,1,3357538,3362407,"[""696cb3caec10e4bd94285e3a"", ""696cb3caec10e4bd94285e3b""]",0.233556,0.45729,0.194289,0.433725,,neutral,4.4235,0,,4.4235
207673,12987.0,CD Subiza,1,3362407,3376857,"[""696cb3caec10e4bd94285e3c"", ""696cb3caec10e4bd94285e3d"", ""696cb3caec10e4bd94285e3e"", ""696cb3caec10e4bd94285e40"", ""696cb3caec10e4bd94285e41"", ""696cb3caec10e4bd94285e42"", ""696cb3caec10e4bd94285e43"", ""696cb3caec10e4bd94285e44"", ""696cb3caec10e4bd94285e45"", ""696cb3caec10e4bd94285e46""]",0.194289,0.433725,0.362695,0.53373,right,away,71.0506,6,forward,18.9452
207673,,,1,3376857,3378687,[],0.621867,0.196305,0.621867,0.196305,,neutral,0.0,0,,0.0
207673,11459.0,UDC Txantrea KKE,1,3378687,3380487,"[""696cb3caec10e4bd94285e47"", ""696cb3caec10e4bd94285e48""]",0.621867,0.196305,0.638833,0.451388,left,home,17.4369,2,forward,17.4369
207673,,,1,3380487,3384546,[],0.180775,0.286145,0.180775,0.286145,,neutral,0.0,0,,0.0
207673,12987.0,CD Subiza,1,3384546,3395475,"[""696cb3caec10e4bd94285e49"", ""696cb3caec10e4bd94285e4a"", ""696cb3caec10e4bd94285e4b"", ""696cb3caec10e4bd94285e4c"", ""696cb3caec10e4bd94285e4d"", ""696cb3caec10e4bd94285e4e"", ""696cb3caec10e4bd94285e4f""]",0.180775,0.286145,0.440493,0.9242157,right,away,59.1074,4,forward,51.2471
207673,,,1,3395475,3399967,[],0.538035,0.987836,0.538035,0.987836,,ballout,0.0,0,,0.0
207673,11459.0,UDC Txantrea KKE,1,3399967,3419758,"[""696cb3caec10e4bd94285e50"", ""696cb3caec10e4bd94285e51"", ""696cb3caec10e4bd94285e52"", ""696cb3caec10e4bd94285e53"", ""696cb3caec10e4bd94285e54"", ""696cb3caec10e4bd94285e55"", ""696cb3caec10e4bd94285e56"", ""696cb3caec10e4bd94285e57"", ""696cb3caec10e4bd94285e59"", ""696cb3caec10e4bd94285e5a"", ""696cb3caec10e4bd94285e5b"", ""696cb3caec10e4bd94285e5c"", ""696cb3caec10e4bd94285e5d""]",0.538035,0.987836,0.480151,0.0865416,left,home,110.5366,7,backward,61.5886
207673,,,1,3419758,3475407,[],0.569441,0.0,0.569441,0.0,,ballout,0.0,0,,0.0
207673,12987.0,CD Subiza,1,3475407,3479141,"[""696cb3caec10e4bd94285e62"", ""696cb3caec10e4bd94285e64"", ""696cb3caec10e4bd94285e65"", ""696cb3caec10e4bd94285e66""]",0.569441,0.0,0.744622,0.21331,right,away,24.8281,1,forward,23.4251
207673,,,1,3479141,3486847,[],0.748614,0.222586,0.748614,0.222586,,ballout,0.0,0,,0.0
207673,11459.0,UDC Txantrea KKE,1,3486847,3493859,"[""696cb3caec10e4bd94285e67"", ""696cb3caec10e4bd94285e68"", ""696cb3caec10e4bd94285e69"", ""696cb3caec10e4bd94285e6a"", ""696cb3caec10e4bd94285e6b"", ""696cb3caec10e4bd94285e6c""]",0.748614,0.222586,0.43424300000000005,0.791499,left,home,69.8882,4,forward,50.8547
207673,,,1,3493859,3493977,[],0.417917,0.806164,0.417917,0.806164,,neutral,0.0,0,,0.0
207673,12987.0,CD Subiza,1,3493977,3496015,"[""696cb3caec10e4bd94285e6d"", ""696cb3caec10e4bd94285e6e""]",0.417917,0.806164,0.462187,0.723477,right,away,7.2953,0,backward,7.2953
207673,,,1,3496015,3498001,[],0.562277,0.79811,0.562277,0.79811,,neutral,0.0,0,,0.0
207673,12987.0,CD Subiza,1,3498001,3502407,"[""696cb3caec10e4bd94285e6f"", ""696cb3caec10e4bd94285e70"", ""696cb3caec10e4bd94285e71""]",0.562277,0.79811,0.769088,0.8152969999999999,right,away,10.3108,1,sideways,21.7466
207673,,,1,3502407,3509616,"[""696cb3caec10e4bd94285e72"", ""696cb3caec10e4bd94285e73"", ""696cb3caec10e4bd94285e74""]",0.794522,0.482307,0.189941,0.662418,,neutral,64.6517,0,,64.6517
207673,,,1,3509616,3609076,[],0.172226,0.650908,0.172226,0.650908,,ballout,0.0,0,,0.0
207673,12987.0,CD Subiza,1,3609076,3609076,"[""696cb3caec10e4bd94285e75""]",0.172226,0.650908,0.172226,0.650908,right,away,0.0,1,sideways,0.0
207673,,,1,3609076,3612289,[],0.662786,0.188575,0.662786,0.188575,,neutral,0.0,0,,0.0
207673,11459.0,UDC Txantrea KKE,1,3612289,3612289,"[""696cb3caec10e4bd94285e76""]",0.662786,0.188575,0.662786,0.188575,left,home,0.0,1,sideways,0.0
207673,,,1,3612289,3637207,[],0.41889,0.0,0.41889,0.0,,ballout,0.0,0,,0.0
207673,12987.0,CD Subiza,1,3637207,3649557,"[""696cb3caec10e4bd94285e77"", ""696cb3caec10e4bd94285e78"", ""696cb3caec10e4bd94285e79"", ""696cb3caec10e4bd94285e7a"", ""696cb3caec10e4bd94285e7b"", ""696cb3caec10e4bd94285e7c"", ""696cb3caec10e4bd94285e7e""]",0.41889,0.0,1.0,0.27086299999999996,right,away,38.3237,3,sideways,63.7359
207673,,,1,3649557,3650195,"[""696cb3caec10e4bd94285e7f""]",0.9581947,0.508589,0.9581947,0.508589,,neutral,0.0,0,,0.0
207673,,,1,3650195,3718699,[],0.49112900000000004,0.496221,0.49112900000000004,0.496221,,ballout,0.0,0,,0.0
207673,11459.0,UDC Txantrea KKE,1,3718699,3744861,"[""696cb3caec10e4bd94285e83"", ""696cb3caec10e4bd94285e84"", ""696cb3caec10e4bd94285e85"", ""696cb3caec10e4bd94285e86"", ""696cb3caec10e4bd94285e87"", ""696cb3caec10e4bd94285e88"", ""696cb3caec10e4bd94285e89"", ""696cb3caec10e4bd94285e8a"", ""696cb3caec10e4bd94285e8b"", ""696cb3caec10e4bd94285e8c"", ""696cb3caec10e4bd94285e8d"", ""696cb3caec10e4bd94285e8e"", ""696cb3caec10e4bd94285e8f"", ""696cb3caec10e4bd94285e90"", ""696cb3caec10e4bd94285e91"", ""696cb3caec10e4bd94285e92"", ""696cb3caec10e4bd94285e93""]",0.49112900000000004,0.496221,0.155248,1.0,left,home,185.6225,9,forward,49.1664
207673,12987.0,CD Subiza,1,3744861,3748209,"[""696cb3caec10e4bd94285e94"", ""696cb3caec10e4bd94285e95"", ""696cb3caec10e4bd94285e96""]",0.155248,1.0,0.103786,0.860054,right,away,11.4828,1,backward,10.9434
207673,,,1,3748209,3749891,[],0.09791499999999997,0.842516,0.09791499999999997,0.842516,,neutral,0.0,0,,0.0
207673,11459.0,UDC Txantrea KKE,1,3749891,3750362,"[""696cb3caec10e4bd94285e97"", ""696cb3caec10e4bd94285e98""]",0.09791499999999997,0.842516,0.0472099,0.841528,left,home,5.3245,0,sideways,5.3245
207673,,,1,3750362,3787935,[],0.0410227,0.602995,0.0410227,0.602995,,ballout,0.0,0,,0.0
207673,12987.0,CD Subiza,1,3787935,3793413,"[""696cb3caec10e4bd94285e99"", ""696cb3caec10e4bd94285e9b"", ""696cb3caec10e4bd94285e9c""]",0.0410227,0.602995,0.525505,0.6316539999999999,right,away,58.9295,2,sideways,50.908
207673,,,1,3793413,3795367,[],0.71069,0.490037,0.71069,0.490037,,neutral,0.0,0,,0.0
207673,11459.0,UDC Txantrea KKE,1,3795367,3795367,"[""696cb3caec10e4bd94285e9d""]",0.71069,0.490037,0.71069,0.490037,left,home,0.0,1,sideways,0.0
207673,,,1,3795367,3814402,[],0.490439,0.6513990000000001,0.490439,0.6513990000000001,,ballout,0.0,0,,0.0
207673,12987.0,CD Subiza,1,3814402,3814402,"[""696cb3caec10e4bd94285e9f""]",0.490439,0.6513990000000001,0.490439,0.6513990000000001,right,away,0.0,1,sideways,0.0
207673,,,1,3814402,3818851,[],0.9601907,0.292154,0.9601907,0.292154,,neutral,0.0,0,,0.0
207673,11459.0,UDC Txantrea KKE,1,3818851,3836813,"[""696cb3caec10e4bd94285ea0"", ""696cb3caec10e4bd94285ea1"", ""696cb3caec10e4bd94285ea2"", ""696cb3caec10e4bd94285ea3"", ""696cb3caec10e4bd94285ea4"", ""696cb3caec10e4bd94285ea5"", ""696cb3caec10e4bd94285ea6""]",0.9601907,0.292154,0.241265,0.9633334,left,home,52.7658,3,forward,88.2119
207673,12987.0,CD Subiza,1,3836813,3840757,"[""696cb3caec10e4bd94285ea7"", ""696cb3caec10e4bd94285ea8"", ""696cb3caec10e4bd94285ea9""]",0.241265,0.9633334,0.0106686,0.652245,right,away,25.4347,2,backward,32.1519
207673,,,1,3840757,3843133,[],0.37635799999999997,0.701834,0.37635799999999997,0.701834,,neutral,0.0,0,,0.0
207673,11459.0,UDC Txantrea KKE,1,3843133,3843133,"[""696cb3caec10e4bd94285eaa""]",0.37635799999999997,0.701834,0.37635799999999997,0.701834,left,home,0.0,1,sideways,0.0
207673,,,1,3843133,3844632,[],0.256326,0.6892750000000001,0.256326,0.6892750000000001,,neutral,0.0,0,,0.0
207673,12987.0,CD Subiza,1,3844632,3844632,"[""696cb3caec10e4bd94285eab""]",0.256326,0.6892750000000001,0.256326,0.6892750000000001,right,away,0.0,1,sideways,0.0
207673,,,1,3844632,3846688,[],0.413285,0.75285,0.413285,0.75285,,neutral,0.0,0,,0.0
207673,11459.0,UDC Txantrea KKE,1,3846688,3848550,"[""696cb3caec10e4bd94285eac"", ""696cb3caec10e4bd94285eae""]",0.413285,0.75285,0.355663,0.796335,left,home,9.969,1,forward,6.7342
207673,12987.0,CD Subiza,1,3848550,3851292,"[""696cb3caec10e4bd94285eaf"", ""696cb3caec10e4bd94285eb0"", ""696cb3caec10e4bd94285eb1"", ""696cb3caec10e4bd94285eb2""]",0.355663,0.796335,0.35939200000000004,0.701834,right,away,6.0927,1,backward,6.438
207673,,,1,3851292,3852047,[],0.32745599999999997,0.9059,0.32745599999999997,0.9059,,neutral,0.0,0,,0.0
207673,11459.0,UDC Txantrea KKE,1,3852047,3852047,"[""696cb3caec10e4bd94285eb3""]",0.32745599999999997,0.9059,0.32745599999999997,0.9059,left,home,0.0,1,sideways,0.0
207673,,,1,3852047,3854908,[],0.121076,0.6963900000000001,0.121076,0.6963900000000001,,neutral,0.0,0,,0.0
207673,12987.0,CD Subiza,1,3854908,3865777,"[""696cb3caec10e4bd94285eb4"", ""696cb3caec10e4bd94285eb5""]",0.121076,0.6963900000000001,0.143499,0.620564,right,away,5.6683,1,backward,5.6683
207673,,,1,3865777,3869817,[],0.672766,0.306068,0.672766,0.306068,,neutral,0.0,0,,0.0
207673,11459.0,UDC Txantrea KKE,1,3869817,3869817,"[""696cb3caec10e4bd94285eb6""]",0.672766,0.306068,0.672766,0.306068,left,home,0.0,1,sideways,0.0
207673,,,1,3869817,3876247,"[""696cb3caec10e4bd94285eb7""]",0.369223,0.15086900000000003,0.607846,0.379785,,neutral,29.4972,0,,29.4972
207673,11459.0,UDC Txantrea KKE,1,3876247,3876247,"[""696cb3caec10e4bd94285eb8""]",0.607846,0.379785,0.607846,0.379785,left,home,0.0,1,sideways,0.0
207673,,,1,3876247,3882375,"[""696cb3caec10e4bd94285eb9"", ""696cb3caec10e4bd94285ebb""]",0.5220670000000001,0.567335,0.5220670000000001,0.567335,,neutral,0.0,0,,0.0
207673,11459.0,UDC Txantrea KKE,1,3882375,3888877,"[""696cb3caec10e4bd94285ebd"", ""696cb3caec10e4bd94285ebe"", ""696cb3caec10e4bd94285ebf"", ""696cb3caec10e4bd94285ec0""]",0.5220670000000001,0.567335,0.358394,0.953825,left,home,29.3312,2,forward,31.4015
207673,,,1,3888877,3891549,[],0.0318328,0.467352,0.0318328,0.467352,,neutral,0.0,0,,0.0
207673,12987.0,CD Subiza,1,3891549,3903110,"[""696cb3caec10e4bd94285ec1"", ""696cb3caec10e4bd94285ec2""]",0.0318328,0.467352,0.141112,0.507524,right,away,11.795,1,sideways,11.795
207673,,,1,3903110,3924761,"[""696cb3caec10e4bd94285ec3""]",0.459059,1.0,0.459059,1.0,,ballout,0.0,0,,0.0
207673,12987.0,CD Subiza,1,3924761,3924761,"[""696cb3caec10e4bd94285ec5""]",0.459059,1.0,0.459059,1.0,right,away,0.0,1,sideways,0.0
207673,,,1,3924761,3926500,[],0.6312180000000001,0.959714,0.6312180000000001,0.959714,,neutral,0.0,0,,0.0
207673,11459.0,UDC Txantrea KKE,1,3926500,3928127,"[""696cb3caec10e4bd94285ec6"", ""696cb3caec10e4bd94285ec7""]",0.6312180000000001,0.959714,0.572611,0.974845,left,home,6.2392,2,sideways,6.2392
207673,,,1,3928127,3933607,"[""696cb3caec10e4bd94285ec8"", ""696cb3caec10e4bd94285ec9""]",0.413148,0.77559,0.51634,0.722771,,neutral,11.4149,0,,11.4149
207673,12987.0,CD Subiza,1,3933607,3935620,"[""696cb3caec10e4bd94285eca"", ""696cb3caec10e4bd94285ecb"", ""696cb3caec10e4bd94285ecc""]",0.51634,0.722771,0.682033,0.795928,right,away,16.0148,1,sideways,18.095
207673,,,1,3935620,3936927,[],0.68102,0.736289,0.68102,0.736289,,neutral,0.0,0,,0.0
207673,11459.0,UDC Txantrea KKE,1,3936927,3940102,"[""696cb3caec10e4bd94285ecd"", ""696cb3caec10e4bd94285ece"", ""696cb3caec10e4bd94285ed0""]",0.68102,0.736289,0.5989530000000001,0.93404,left,home,7.7707,1,forward,15.9711
207673,,,1,3940102,3940962,"[""696cb3caec10e4bd94285ed1""]",0.577999,0.9380734,0.577999,0.9380734,,neutral,0.0,0,,0.0
207673,,,1,3940962,3956942,[],0.506795,1.0,0.506795,1.0,,ballout,0.0,0,,0.0
207673,12987.0,CD Subiza,1,3956942,3958743,"[""696cb3caec10e4bd94285ed2"", ""696cb3caec10e4bd94285ed3""]",0.506795,1.0,0.695861,0.880067,right,away,21.4618,2,backward,21.4618
207673,,,1,3958743,3960652,[],0.715468,0.808484,0.715468,0.808484,,neutral,0.0,0,,0.0
207673,11459.0,UDC Txantrea KKE,1,3960652,3960652,"[""696cb3caec10e4bd94285ed5""]",0.715468,0.808484,0.715468,0.808484,left,home,0.0,1,sideways,0.0
207673,,,1,3960652,3978047,[],0.659933,1.0,0.659933,1.0,,ballout,0.0,0,,0.0
207673,12987.0,CD Subiza,1,3978047,3978047,"[""696cb3caec10e4bd94285ed6""]",0.659933,1.0,0.659933,1.0,right,away,0.0,1,sideways,0.0
207673,,,1,3978047,3982367,[],0.8836539999999999,0.803775,0.8836539999999999,0.803775,,neutral,0.0,0,,0.0
207673,11459.0,UDC Txantrea KKE,1,3982367,3983652,"[""696cb3caec10e4bd94285ed7"", ""696cb3caec10e4bd94285ed8""]",0.8836539999999999,0.803775,0.713441,0.799067,left,home,17.8752,2,sideways,17.8752
207673,,,1,3983652,3985745,[],0.583413,0.746006,0.583413,0.746006,,neutral,0.0,0,,0.0
207673,12987.0,CD Subiza,1,3985745,3985745,"[""696cb3caec10e4bd94285ed9""]",0.583413,0.746006,0.583413,0.746006,right,away,0.0,1,sideways,0.0
207673,,,1,3985745,3987767,[],0.589835,0.952873,0.589835,0.952873,,neutral,0.0,0,,0.0
207673,11459.0,UDC Txantrea KKE,1,3987767,3991243,"[""696cb3caec10e4bd94285eda"", ""696cb3caec10e4bd94285edb"", ""696cb3caec10e4bd94285edd"", ""696cb3caec10e4bd94285ede""]",0.589835,0.952873,0.543229,0.780234,left,home,11.0092,1,backward,12.7186
207673,,,1,3991243,3999117,[],0.573624,0.775525,0.573624,0.775525,,ballout,0.0,0,,0.0
207673,11459.0,UDC Txantrea KKE,1,3999117,3999117,"[""696cb3caec10e4bd94285edf""]",0.573624,0.775525,0.573624,0.775525,left,home,0.0,1,sideways,0.0
207673,,,1,3999117,4003389,"[""696cb3caec10e4bd94285ee0""]",0.220663,0.368571,0.33046299999999995,0.270163,,neutral,13.3303,0,,13.3303
207673,11459.0,UDC Txantrea KKE,1,4003389,4003389,"[""696cb3caec10e4bd94285ee1""]",0.33046299999999995,0.270163,0.33046299999999995,0.270163,left,home,0.0,1,sideways,0.0
207673,,,1,4003389,4011727,"[""696cb3caec10e4bd94285ee2""]",0.230854,0.22796300000000003,0.781324,0.168149,,neutral,57.9423,0,,57.9423
207673,11459.0,UDC Txantrea KKE,1,4011727,4019127,"[""696cb3caec10e4bd94285ee3"", ""696cb3caec10e4bd94285ee4"", ""696cb3caec10e4bd94285ee5"", ""696cb3caec10e4bd94285ee6"", ""696cb3caec10e4bd94285ee7""]",0.781324,0.168149,0.572611,0.708039,left,home,36.9963,3,forward,42.7559
207673,,,1,4019127,4022167,"[""696cb3caec10e4bd94285ee8""]",0.440943,0.586112,0.608072,0.496164,,neutral,18.5839,0,,18.5839
207673,11459.0,UDC Txantrea KKE,1,4022167,4022167,"[""696cb3caec10e4bd94285ee9""]",0.608072,0.496164,0.608072,0.496164,left,home,0.0,1,sideways,0.0
207673,,,1,4022167,4024954,"[""696cb3caec10e4bd94285eea""]",0.270521,0.775863,0.270521,0.775863,,neutral,0.0,0,,0.0
207673,,,1,4024954,4031538,[],0.37808200000000003,1.0,0.37808200000000003,1.0,,ballout,0.0,0,,0.0
207673,11459.0,UDC Txantrea KKE,1,4031538,4047847,"[""696cb3caec10e4bd94285eeb"", ""696cb3caec10e4bd94285eec"", ""696cb3caec10e4bd94285eed"", ""696cb3caec10e4bd94285eee"", ""696cb3caec10e4bd94285eef"", ""696cb3caec10e4bd94285ef0"", ""696cb3caec10e4bd94285ef1"", ""696cb3caec10e4bd94285ef2"", ""696cb3caec10e4bd94285ef3"", ""696cb3caec10e4bd94285ef4"", ""696cb3caec10e4bd94285ef5""]",0.37808200000000003,1.0,0.40037100000000003,0.723734,left,home,60.9026,6,backward,18.9313
207673,,,1,4047847,4081570,[],0.168286,0.19288700000000003,0.168286,0.19288700000000003,,ballout,0.0,0,,0.0
207673,12987.0,CD Subiza,1,4081570,4084748,"[""696cb3caec10e4bd94285ef7"", ""696cb3caec10e4bd94285ef8""]",0.168286,0.19288700000000003,0.676526,0.005681999999999965,right,away,54.8625,2,sideways,54.8625
207673,,,1,4084748,4086966,"[""696cb3caec10e4bd94285ef9""]",0.686086,0.254469,0.686086,0.254469,,neutral,0.0,0,,0.0
207673,11459.0,UDC Txantrea KKE,1,4086966,4097809,"[""696cb3caec10e4bd94285efb"", ""696cb3caec10e4bd94285efc"", ""696cb3caec10e4bd94285efd"", ""696cb3caec10e4bd94285efe"", ""696cb3caec10e4bd94285eff"", ""696cb3caec10e4bd94285f00"", ""696cb3caec10e4bd94285f01"", ""696cb3caec10e4bd94285f02""]",0.686086,0.254469,0.268659,0.908928,left,home,55.8204,4,forward,62.4627
207673,,,1,4097809,4103277,"[""696cb3caec10e4bd94285f03""]",0.139326,0.457392,0.543229,0.750414,,neutral,46.8574,0,,46.8574
207673,11459.0,UDC Txantrea KKE,1,4103277,4110447,"[""696cb3caec10e4bd94285f04"", ""696cb3caec10e4bd94285f05"", ""696cb3caec10e4bd94285f06"", ""696cb3caec10e4bd94285f07""]",0.543229,0.750414,0.34768699999999997,0.508719,left,home,18.0562,2,backward,26.2998
207673,,,1,4110447,4113323,"[""696cb3caec10e4bd94285f09""]",0.389536,0.62075,0.389536,0.62075,,neutral,0.0,0,,0.0
207673,12987.0,CD Subiza,1,4113323,4118647,"[""696cb3caec10e4bd94285f0a"", ""696cb3caec10e4bd94285f0b"", ""696cb3caec10e4bd94285f0c""]",0.389536,0.62075,0.689125,0.756692,right,away,10.3977,1,sideways,32.787
207673,,,1,4118647,4119647,[],0.753968,0.692345,0.753968,0.692345,,neutral,0.0,0,,0.0
207673,11459.0,UDC Txantrea KKE,1,4119647,4134807,"[""696cb3caec10e4bd94285f0d"", ""696cb3caec10e4bd94285f0e"", ""696cb3caec10e4bd94285f0f"", ""696cb3caec10e4bd94285f10"", ""696cb3caec10e4bd94285f11"", ""696cb3caec10e4bd94285f12"", ""696cb3caec10e4bd94285f14"", ""696cb3caec10e4bd94285f15"", ""696cb3caec10e4bd94285f16""]",0.753968,0.692345,0.430767,0.700192,left,home,28.4997,5,sideways,33.9403
207673,,,1,4134807,4135628,[],0.276966,0.621499,0.276966,0.621499,,neutral,0.0,0,,0.0
207673,12987.0,CD Subiza,1,4135628,4136513,"[""696cb3caec10e4bd94285f17"", ""696cb3caec10e4bd94285f18""]",0.276966,0.621499,0.268738,0.635212,right,away,1.2712,1,forward,1.2712
207673,,,1,4136513,4139687,[],0.559439,0.720595,0.559439,0.720595,,neutral,0.0,0,,0.0
207673,11459.0,UDC Txantrea KKE,1,4139687,4140681,"[""696cb3caec10e4bd94285f19"", ""696cb3caec10e4bd94285f1b""]",0.559439,0.720595,0.444951,0.725303,left,home,12.0255,1,sideways,12.0255
207673,,,1,4140681,4141404,[],0.404954,0.747761,0.404954,0.747761,,neutral,0.0,0,,0.0
207673,12987.0,CD Subiza,1,4141404,4175480,"[""696cb3caec10e4bd94285f1c"", ""696cb3caec10e4bd94285f1f"", ""696cb3caec10e4bd94285f20"", ""696cb3caec10e4bd94285f21"", ""696cb3caec10e4bd94285f22"", ""696cb3caec10e4bd94285f23"", ""696cb3caec10e4bd94285f24"", ""696cb3caec10e4bd94285f25"", ""696cb3caec10e4bd94285f26"", ""696cb3caec10e4bd94285f27"", ""696cb3caec10e4bd94285f28"", ""696cb3caec10e4bd94285f2a"", ""696cb3caec10e4bd94285f2b"", ""696cb3caec10e4bd94285f2d"", ""696cb3caec10e4bd94285f2f"", ""696cb3caec10e4bd94285f30"", ""696cb3caec10e4bd94285f31"", ""696cb3caec10e4bd94285f32"", ""696cb3caec10e4bd94285f33"", ""696cb3caec10e4bd94285f34"", ""696cb3caec10e4bd94285f35"", ""696cb3caec10e4bd94285f36"", ""696cb3caec10e4bd94285f37""]",0.404954,0.747761,0.331115,0.18999200000000005,right,away,134.4863,11,backward,38.7126
207673,,,1,4175480,4179487,[],0.798548,0.293705,0.798548,0.293705,,neutral,0.0,0,,0.0
207673,11459.0,UDC Txantrea KKE,1,4179487,4189916,"[""696cb3caec10e4bd94285f38"", ""696cb3caec10e4bd94285f39"", ""696cb3caec10e4bd94285f3a"", ""696cb3caec10e4bd94285f3b"", ""696cb3caec10e4bd94285f3c"", ""696cb3caec10e4bd94285f3d""]",0.798548,0.293705,0.167342,0.582483,left,home,73.8033,3,sideways,69.1245
207673,,,1,4189916,4211891,"[""696cb3caec10e4bd94285f3e""]",0.01536599999999999,0.98897,0.01536599999999999,0.98897,,ballout,0.0,0,,0.0
207673,11459.0,UDC Txantrea KKE,1,4211891,4213491,"[""696cb3caec10e4bd94285f3f"", ""696cb3caec10e4bd94285f40""]",0.01536599999999999,0.98897,0.07514399999999999,0.558941,left,home,29.908,0,backward,29.908
207673,,,1,4213491,4214176,[],0.0,0.517326,0.0,0.517326,,neutral,0.0,0,,0.0
207673,12987.0,CD Subiza,1,4214176,4222518,"[""696cb3caec10e4bd94285f41"", ""696cb3caec10e4bd94285f42""]",0.0,0.517326,0.0932988,0.5587329999999999,right,away,10.193,1,sideways,10.193
207673,,,1,4222518,4225247,[],0.674941,0.323524,0.674941,0.323524,,neutral,0.0,0,,0.0
207673,11459.0,UDC Txantrea KKE,1,4225247,4237772,"[""696cb3caec10e4bd94285f43"", ""696cb3caec10e4bd94285f44"", ""696cb3caec10e4bd94285f45"", ""696cb3caec10e4bd94285f46"", ""696cb3caec10e4bd94285f47"", ""696cb3caec10e4bd94285f48"", ""696cb3caec10e4bd94285f49"", ""696cb3caec10e4bd94285f4a"", ""696cb3caec10e4bd94285f4b""]",0.674941,0.323524,0.0551069,0.23893299999999995,left,home,71.0175,5,sideways,65.3363
207673,12987.0,CD Subiza,1,4237772,4241321,"[""696cb3caec10e4bd94285f4c"", ""696cb3caec10e4bd94285f4d"", ""696cb3caec10e4bd94285f4e""]",0.0551069,0.23893299999999995,0.131872,0.036661000000000055,right,away,19.3264,2,backward,15.9422
207673,,,1,4241321,4258927,"[""696cb3caec10e4bd94285f4f""]",0.216723,0.0,0.216723,0.0,,ballout,0.0,0,,0.0
207673,12987.0,CD Subiza,1,4258927,4258927,"[""696cb3caec10e4bd94285f50""]",0.216723,0.0,0.216723,0.0,right,away,0.0,1,sideways,0.0
207673,,,1,4258927,4260646,[],0.37099000000000004,0.0629959,0.37099000000000004,0.0629959,,neutral,0.0,0,,0.0
207673,11459.0,UDC Txantrea KKE,1,4260646,4264950,"[""696cb3caec10e4bd94285f51"", ""696cb3caec10e4bd94285f52"", ""696cb3caec10e4bd94285f53"", ""696cb3caec10e4bd94285f54""]",0.37099000000000004,0.0629959,0.295187,0.267247,left,home,9.5465,1,forward,16.008
207673,,,1,4264950,4266008,[],0.25542699999999996,0.315068,0.25542699999999996,0.315068,,neutral,0.0,0,,0.0
207673,11459.0,UDC Txantrea KKE,1,4266008,4266567,"[""696cb3caec10e4bd94285f55"", ""696cb3caec10e4bd94285f56""]",0.25542699999999996,0.315068,0.24865700000000002,0.310574,left,home,0.7738,1,backward,0.7738
207673,,,1,4266567,4316256,[],0.201594,0.28155300000000005,0.201594,0.28155300000000005,,ballout,0.0,0,,0.0
207673,12987.0,CD Subiza,1,4316256,4326373,"[""696cb3caec10e4bd94285f59"", ""696cb3caec10e4bd94285f5a"", ""696cb3caec10e4bd94285f5b"", ""696cb3caec10e4bd94285f5c"", ""696cb3caec10e4bd94285f5d"", ""696cb3caec10e4bd94285f5e"", ""696cb3caec10e4bd94285f5f""]",0.201594,0.28155300000000005,0.674658,0.457542,right,away,80.1831,3,sideways,51.093
207673,,,1,4326373,4326587,[],0.6886950000000001,0.451395,0.6886950000000001,0.451395,,neutral,0.0,0,,0.0
207673,11459.0,UDC Txantrea KKE,1,4326587,4335167,"[""696cb3caec10e4bd94285f60"", ""696cb3caec10e4bd94285f61"", ""696cb3caec10e4bd94285f62"", ""696cb3caec10e4bd94285f63""]",0.6886950000000001,0.451395,0.10552300000000003,0.340536,left,home,17.9062,1,sideways,61.6953
207673,,,1,4335167,4368864,[],0.0302724,0.629052,0.0302724,0.629052,,ballout,0.0,0,,0.0
207673,12987.0,CD Subiza,1,4368864,4368864,"[""696cb3caec10e4bd94285f64""]",0.0302724,0.629052,0.0302724,0.629052,right,away,0.0,1,sideways,0.0
207673,,,1,4368864,4374927,"[""696cb3caec10e4bd94285f65""]",0.5881149999999999,0.733037,0.46916,0.40046,,neutral,25.8352,0,,25.8352
207673,11459.0,UDC Txantrea KKE,1,4374927,4374927,"[""696cb3caec10e4bd94285f66""]",0.46916,0.40046,0.46916,0.40046,left,home,0.0,1,sideways,0.0
207673,,,1,4374927,4381333,"[""696cb3caec10e4bd94285f67"", ""696cb3caec10e4bd94285f68""]",0.350518,0.436924,0.366645,0.771988,,neutral,22.8472,0,,22.8472
207673,11459.0,UDC Txantrea KKE,1,4381333,4384815,"[""696cb3caec10e4bd94285f6a""]",0.366645,0.771988,0.134501,0.6833910000000001,left,home,25.1086,0,sideways,25.1086
207673,12987.0,CD Subiza,1,4384815,4392369,"[""696cb3caec10e4bd94285f6b"", ""696cb3caec10e4bd94285f6c"", ""696cb3caec10e4bd94285f6d"", ""696cb3caec10e4bd94285f6e""]",0.134501,0.6833910000000001,0.45368600000000003,0.664125,right,away,14.9798,1,sideways,33.54
207673,,,1,4392369,4394635,[],0.543628,0.62068,0.543628,0.62068,,neutral,0.0,0,,0.0
207673,11459.0,UDC Txantrea KKE,1,4394635,4408307,"[""696cb3caec10e4bd94285f6f"", ""696cb3caec10e4bd94285f70"", ""696cb3caec10e4bd94285f71"", ""696cb3caec10e4bd94285f72"", ""696cb3caec10e4bd94285f73"", ""696cb3caec10e4bd94285f74""]",0.543628,0.62068,0.25446,0.578733,left,home,46.9966,3,sideways,30.4963
207673,,,1,4408307,4409137,[],0.150265,0.710916,0.150265,0.710916,,neutral,0.0,0,,0.0
207673,12987.0,CD Subiza,1,4409137,4416729,"[""696cb3caec10e4bd94285f76"", ""696cb3caec10e4bd94285f77"", ""696cb3caec10e4bd94285f78""]",0.150265,0.710916,0.614528,0.021755999999999998,right,away,58.3671,1,backward,67.62
207673,,,1,4416729,4421424,[],0.735117,0.00496248,0.735117,0.00496248,,ballout,0.0,0,,0.0
207673,11459.0,UDC Txantrea KKE,1,4421424,4442207,"[""696cb3caec10e4bd94285f79"", ""696cb3caec10e4bd94285f7a"", ""696cb3caec10e4bd94285f7b"", ""696cb3caec10e4bd94285f7c"", ""696cb3caec10e4bd94285f7d"", ""696cb3caec10e4bd94285f7e"", ""696cb3caec10e4bd94285f7f"", ""696cb3caec10e4bd94285f80"", ""696cb3caec10e4bd94285f82"", ""696cb3caec10e4bd94285f83"", ""696cb3caec10e4bd94285f84"", ""696cb3caec10e4bd94285f85"", ""696cb3caec10e4bd94285f86""]",0.735117,0.00496248,0.11616199999999999,0.980223,left,home,91.8661,6,forward,92.8535
207673,,,1,4442207,4445014,"[""696cb3caec10e4bd94285f87""]",0.09198399999999995,0.745022,0.09198399999999995,0.745022,,neutral,0.0,0,,0.0
207673,11459.0,UDC Txantrea KKE,1,4445014,4447887,"[""696cb3caec10e4bd94285f88"", ""696cb3caec10e4bd94285f89"", ""696cb3caec10e4bd94285f8b""]",0.09198399999999995,0.745022,0.031055000000000055,0.679106,left,home,7.8115,0,backward,7.8115
207673,,,1,4447887,4482967,[],0.0934799,0.0,0.0934799,0.0,,ballout,0.0,0,,0.0
207673,12987.0,CD Subiza,1,4482967,4484052,"[""696cb3caec10e4bd94285f8c"", ""696cb3caec10e4bd94285f8d""]",0.0934799,0.0,0.0486188,0.04869000000000001,right,away,5.7576,2,forward,5.7576
207673,,,1,4484052,4487580,[],0.356974,0.366004,0.356974,0.366004,,neutral,0.0,0,,0.0
207673,11459.0,UDC Txantrea KKE,1,4487580,4490791,"[""696cb3caec10e4bd94285f8e"", ""696cb3caec10e4bd94285f90""]",0.356974,0.366004,0.272874,0.481198,left,home,11.8041,0,forward,11.8041
207673,,,1,4490791,4491431,[],0.220759,0.56233,0.220759,0.56233,,neutral,0.0,0,,0.0
207673,12987.0,CD Subiza,1,4491431,4497807,"[""696cb3caec10e4bd94285f91"", ""696cb3caec10e4bd94285f92"", ""696cb3caec10e4bd94285f93""]",0.220759,0.56233,0.673222,0.74652,right,away,23.6709,1,sideways,49.1319
207673,11459.0,UDC Txantrea KKE,1,4497807,4507487,"[""696cb3caec10e4bd94285f94"", ""696cb3caec10e4bd94285f95"", ""696cb3caec10e4bd94285f96"", ""696cb3caec10e4bd94285f97"", ""696cb3caec10e4bd94285f98"", ""696cb3caec10e4bd94285f99"", ""696cb3caec10e4bd94285f9a""]",0.673222,0.74652,0.523318,0.953257,left,home,71.3494,4,forward,21.1039
207673,,,1,4507487,4511736,[],0.0974916,0.6682980000000001,0.0974916,0.6682980000000001,,neutral,0.0,0,,0.0
207673,12987.0,CD Subiza,1,4511736,4526040,"[""696cb3caec10e4bd94285f9b"", ""696cb3caec10e4bd94285f9c""]",0.0974916,0.6682980000000001,0.130208,0.532412,right,away,9.8581,1,backward,9.8581
207673,,,1,4526040,4530609,"[""696cb3caec10e4bd94285f9d""]",0.747253,0.313542,0.747253,0.313542,,neutral,0.0,0,,0.0
207673,12987.0,CD Subiza,1,4530609,4531914,"[""696cb3caec10e4bd94285f9f"", ""696cb3caec10e4bd94285fa0""]",0.747253,0.313542,0.768585,0.39634199999999997,right,away,6.0596,0,forward,6.0596
207673,,,1,4531914,4532215,[],0.7496240000000001,0.452893,0.7496240000000001,0.452893,,neutral,0.0,0,,0.0
207673,11459.0,UDC Txantrea KKE,1,4532215,4533287,"[""696cb3caec10e4bd94285fa1"", ""696cb3caec10e4bd94285fa2""]",0.7496240000000001,0.452893,0.750591,0.440908,left,home,0.8213,0,backward,0.8213
207673,,,1,4533287,4536487,"[""696cb3caec10e4bd94285fa3""]",0.709972,0.542779,0.709972,0.542779,,ballout,0.0,0,,0.0
207673,11459.0,UDC Txantrea KKE,1,4536487,4546798,"[""696cb3caec10e4bd94285fa4"", ""696cb3caec10e4bd94285fa5"", ""696cb3caec10e4bd94285fa6"", ""696cb3caec10e4bd94285fa7"", ""696cb3caec10e4bd94285fa8"", ""696cb3caec10e4bd94285fa9""]",0.709972,0.542779,0.0713596,0.14969900000000003,left,home,49.2301,3,backward,72.1855
207673,12987.0,CD Subiza,1,4546798,4553245,"[""696cb3caec10e4bd94285faa"", ""696cb3caec10e4bd94285fab"", ""696cb3caec10e4bd94285fac"", ""696cb3caec10e4bd94285fad"", ""696cb3caec10e4bd94285fae"", ""696cb3caec10e4bd94285faf""]",0.0713596,0.14969900000000003,0.325068,0.08379099999999995,right,away,38.9581,5,sideways,27.0138
207673,,,1,4553245,4555847,[],0.48946900000000004,0.198217,0.48946900000000004,0.198217,,neutral,0.0,0,,0.0
207673,11459.0,UDC Txantrea KKE,1,4555847,4570247,"[""696cb3caec10e4bd94285fb0"", ""696cb3caec10e4bd94285fb1"", ""696cb3caec10e4bd94285fb2"", ""696cb3caec10e4bd94285fb3"", ""696cb3caec10e4bd94285fb4"", ""696cb3caec10e4bd94285fb5"", ""696cb3caec10e4bd94285fb6"", ""696cb3caec10e4bd94285fb7"", ""696cb3caec10e4bd94285fb8""]",0.48946900000000004,0.198217,0.13550399999999996,0.722551,left,home,80.9263,4,forward,51.5033
207673,,,1,4570247,4616727,[],0.0296747,0.643119,0.0296747,0.643119,,ballout,0.0,0,,0.0
207673,12987.0,CD Subiza,1,4616727,4616727,"[""696cb3caec10e4bd94285fbb""]",0.0296747,0.643119,0.0296747,0.643119,right,away,0.0,1,sideways,0.0
207673,,,1,4616727,4620127,[],0.6268,0.578733,0.6268,0.578733,,neutral,0.0,0,,0.0
207673,11459.0,UDC Txantrea KKE,1,4620127,4623935,"[""696cb3caec10e4bd94285fbc"", ""696cb3caec10e4bd94285fbe"", ""696cb3caec10e4bd94285fbf""]",0.6268,0.578733,0.474462,0.584174,left,home,14.1542,1,sideways,15.9998
207673,,,1,4623935,4631383,[],0.478831,0.00795868,0.478831,0.00795868,,ballout,0.0,0,,0.0
207673,11459.0,UDC Txantrea KKE,1,4631383,4651476,"[""696cb3caec10e4bd94285fc0"", ""696cb3caec10e4bd94285fc1"", ""696cb3caec10e4bd94285fc2"", ""696cb3caec10e4bd94285fc3"", ""696cb3caec10e4bd94285fc4"", ""696cb3caec10e4bd94285fc5"", ""696cb3caec10e4bd94285fc6"", ""696cb3caec10e4bd94285fc7"", ""696cb3caec10e4bd94285fc8"", ""696cb3caec10e4bd94285fc9"", ""696cb3caec10e4bd94285fca"", ""696cb3caec10e4bd94285fcb"", ""696cb3caec10e4bd94285fcd"", ""696cb3caec10e4bd94285fce"", ""696cb3caec10e4bd94285fcf"", ""696cb3caec10e4bd94285fd0""]",0.478831,0.00795868,0.435311,0.713562,left,home,108.5076,8,forward,48.1981
207673,,,1,4651476,4665785,[],0.467225,0.776482,0.467225,0.776482,,ballout,0.0,0,,0.0
207673,11459.0,UDC Txantrea KKE,1,4665785,4667764,"[""696cb3caec10e4bd94285fd1"", ""696cb3caec10e4bd94285fd2"", ""696cb3caec10e4bd94285fd3""]",0.467225,0.776482,0.34826999999999997,0.831912,left,home,12.2382,2,sideways,13.0466
207673,,,1,4667764,4670106,[],0.137737,0.87975,0.137737,0.87975,,neutral,0.0,0,,0.0
207673,12987.0,CD Subiza,1,4670106,4673371,"[""696cb3caec10e4bd94285fd4"", ""696cb3caec10e4bd94285fd5"", ""696cb3caec10e4bd94285fd6""]",0.137737,0.87975,0.031087,0.7135830000000001,right,away,19.0032,2,backward,15.9084
207673,,,1,4673371,4678367,[],0.64034,0.785471,0.64034,0.785471,,neutral,0.0,0,,0.0
207673,11459.0,UDC Txantrea KKE,1,4678367,4695393,"[""696cb3caec10e4bd94285fd7"", ""696cb3caec10e4bd94285fd8"", ""696cb3caec10e4bd94285fd9"", ""696cb3caec10e4bd94285fda"", ""696cb3caec10e4bd94285fdb"", ""696cb3caec10e4bd94285fdc"", ""696cb3caec10e4bd94285fdd"", ""696cb3caec10e4bd94285fde"", ""696cb3caec10e4bd94285fdf"", ""696cb3caec10e4bd94285fe0""]",0.64034,0.785471,0.0830861,0.842681,left,home,93.8145,5,sideways,58.6408
207673,12987.0,CD Subiza,1,4695393,4699892,"[""696cb3caec10e4bd94285fe1"", ""696cb3caec10e4bd94285fe2"", ""696cb3caec10e4bd94285fe3"", ""696cb3caec10e4bd94285fe4""]",0.0830861,0.842681,0.211795,0.788397,right,away,8.4361,2,sideways,14.0095
207673,,,1,4699892,4705887,[],0.38759699999999997,0.984156,0.38759699999999997,0.984156,,ballout,0.0,0,,0.0
207673,11459.0,UDC Txantrea KKE,1,4705887,4707448,"[""696cb3caec10e4bd94285fe5"", ""696cb3caec10e4bd94285fe6"", ""696cb3caec10e4bd94285fe7""]",0.38759699999999997,0.984156,0.370155,0.919613,left,home,6.747,1,backward,4.7557
207673,,,1,4707448,4708372,[],0.316399,0.9105517,0.316399,0.9105517,,neutral,0.0,0,,0.0
207673,12987.0,CD Subiza,1,4708372,4713446,"[""696cb3caec10e4bd94285fe8"", ""696cb3caec10e4bd94285fe9"", ""696cb3caec10e4bd94285fea"", ""696cb3caec10e4bd94285feb""]",0.316399,0.9105517,0.513608,0.864946,right,away,21.8631,3,sideways,20.9379
207673,,,1,4713446,4713887,[],0.5610470000000001,0.694463,0.5610470000000001,0.694463,,neutral,0.0,0,,0.0
207673,11459.0,UDC Txantrea KKE,1,4713887,4723447,"[""696cb3caec10e4bd94285fec"", ""696cb3caec10e4bd94285fed"", ""696cb3caec10e4bd94285fee"", ""696cb3caec10e4bd94285fef""]",0.5610470000000001,0.694463,0.462209,0.892595,left,home,20.0875,2,forward,17.0066
207673,,,1,4723447,4760007,[],0.479152,1.0,0.479152,1.0,,ballout,0.0,0,,0.0
207673,12987.0,CD Subiza,1,4760007,4764951,"[""696cb3caec10e4bd94285ff2"", ""696cb3caec10e4bd94285ff3"", ""696cb3caec10e4bd94285ff5""]",0.479152,1.0,0.6017440000000001,0.94513,right,away,17.7603,1,sideways,13.402
207673,,,1,4764951,4766377,[],0.5949610000000001,0.909106,0.5949610000000001,0.909106,,neutral,0.0,0,,0.0
207673,11459.0,UDC Txantrea KKE,1,4766377,4779967,"[""696cb3caec10e4bd94285ff6"", ""696cb3caec10e4bd94285ff7"", ""696cb3caec10e4bd94285ff8"", ""696cb3caec10e4bd94285ff9"", ""696cb3caec10e4bd94285ffa"", ""696cb3caec10e4bd94285ffb"", ""696cb3caec10e4bd94285ffc"", ""696cb3caec10e4bd94285ffd""]",0.5949610000000001,0.909106,0.06104699999999996,0.514343,left,home,58.0812,3,backward,62.1565
207673,,,1,4779967,4806297,[],0.498278,0.508033,0.498278,0.508033,,ballout,0.0,0,,0.0
207673,12987.0,CD Subiza,1,4806297,4810070,"[""696cb3caec10e4bd94285fff"", ""696cb3caec10e4bd94286000"", ""696cb3caec10e4bd94286001"", ""696cb3caec10e4bd94286002""]",0.498278,0.508033,0.295006,0.5443910000000001,right,away,22.6167,3,sideways,21.4863
207673,,,1,4810070,4812959,[],0.704169,0.213198,0.704169,0.213198,,neutral,0.0,0,,0.0
207673,11459.0,UDC Txantrea KKE,1,4812959,4812959,"[""696cb3caec10e4bd94286003""]",0.704169,0.213198,0.704169,0.213198,left,home,0.0,1,sideways,0.0
207673,,,1,4812959,4814767,[],0.526278,0.250251,0.526278,0.250251,,neutral,0.0,0,,0.0
207673,12987.0,CD Subiza,1,4814767,4814767,"[""696cb3caec10e4bd94286004""]",0.526278,0.250251,0.526278,0.250251,right,away,0.0,1,sideways,0.0
207673,,,1,4814767,4815423,[],0.639372,0.277616,0.639372,0.277616,,neutral,0.0,0,,0.0
207673,11459.0,UDC Txantrea KKE,1,4815423,4818103,"[""696cb3caec10e4bd94286005""]",0.639372,0.277616,0.644538,0.054610999999999965,left,home,15.174,0,backward,15.174
207673,12987.0,CD Subiza,1,4818103,4818979,"[""696cb3caec10e4bd94286006"", ""696cb3caec10e4bd94286007""]",0.644538,0.054610999999999965,0.669807,0.005728999999999984,right,away,4.2531,0,backward,4.2531
207673,,,1,4818979,4819175,"[""696cb3caec10e4bd94286008""]",0.7235119999999999,0.0454111,0.7235119999999999,0.0454111,,neutral,0.0,0,,0.0
207673,,,1,4819175,4835207,[],0.723771,0.0,0.723771,0.0,,ballout,0.0,0,,0.0
207673,12987.0,CD Subiza,1,4835207,4837487,"[""696cb3caec10e4bd94286009"", ""696cb3caec10e4bd9428600a"", ""696cb3caec10e4bd9428600b"", ""696cb3caec10e4bd9428600c""]",0.723771,0.0,0.775736,0.043913,right,away,15.3473,2,forward,6.22
207673,,,1,4837487,4840927,[],0.9016834,0.0314459,0.9016834,0.0314459,,neutral,0.0,0,,0.0
207673,11459.0,UDC Txantrea KKE,1,4840927,4846585,"[""696cb3caec10e4bd9428600d"", ""696cb3caec10e4bd9428600e""]",0.9016834,0.0314459,0.448492,0.175175,left,home,48.5784,2,sideways,48.5784
207673,,,1,4846585,4848834,[],0.31803,0.34065100000000004,0.31803,0.34065100000000004,,neutral,0.0,0,,0.0
207673,12987.0,CD Subiza,1,4848834,4849419,"[""696cb3caec10e4bd9428600f"", ""696cb3caec10e4bd94286010""]",0.31803,0.34065100000000004,0.294111,0.324057,right,away,2.7533,0,backward,2.7533
207673,,,1,4849419,4850470,[],0.278692,0.26988500000000004,0.278692,0.26988500000000004,,neutral,0.0,0,,0.0
207673,12987.0,CD Subiza,1,4850470,4855007,"[""696cb3caec10e4bd94286011"", ""696cb3caec10e4bd94286012"", ""696cb3caec10e4bd94286013""]",0.278692,0.26988500000000004,0.444982,0.446901,right,away,14.751,1,forward,21.2075
207673,11459.0,UDC Txantrea KKE,1,4855007,4856934,"[""696cb3caec10e4bd94286014"", ""696cb3caec10e4bd94286015""]",0.444982,0.446901,0.340533,0.65214,left,home,17.7498,0,forward,17.7498
207673,,,1,4856934,4858699,[],0.259172,0.7160679999999999,0.259172,0.7160679999999999,,neutral,0.0,0,,0.0
207673,12987.0,CD Subiza,1,4858699,4862449,"[""696cb3caec10e4bd94286017"", ""696cb3caec10e4bd94286018"", ""696cb3caec10e4bd94286019""]",0.259172,0.7160679999999999,0.343776,0.9131612,right,away,16.0791,1,forward,16.0791
207673,,,1,4862449,4864735,"[""696cb3caec10e4bd9428601a""]",0.443044,0.9174082,0.443044,0.9174082,,neutral,0.0,0,,0.0
207673,12987.0,CD Subiza,1,4864735,4865488,"[""696cb3caec10e4bd9428601b"", ""696cb3caec10e4bd9428601c""]",0.443044,0.9174082,0.42992,0.9416756,right,away,2.1499,1,forward,2.1499
207673,,,1,4865488,4868912,"[""696cb3caec10e4bd9428601d""]",0.47399500000000006,0.99071,0.47399500000000006,0.99071,,ballout,0.0,0,,0.0
207673,11459.0,UDC Txantrea KKE,1,4868912,4881447,"[""696cb3caec10e4bd9428601e"", ""696cb3caec10e4bd9428601f"", ""696cb3caec10e4bd94286020"", ""696cb3caec10e4bd94286021"", ""696cb3caec10e4bd94286022"", ""696cb3caec10e4bd94286023"", ""696cb3caec10e4bd94286024"", ""696cb3caec10e4bd94286025"", ""696cb3caec10e4bd94286026""]",0.47399500000000006,0.99071,0.463432,0.42700400000000005,left,home,79.0317,5,backward,38.3481
207673,,,1,4881447,4883467,[],0.508219,0.303632,0.508219,0.303632,,neutral,0.0,0,,0.0
207673,12987.0,CD Subiza,1,4883467,4894171,"[""696cb3caec10e4bd94286027"", ""696cb3caec10e4bd94286028"", ""696cb3caec10e4bd94286029"", ""696cb3caec10e4bd9428602a""]",0.508219,0.303632,0.855776,0.5009870000000001,right,away,8.0279,2,sideways,38.8828
207673,,,1,4894171,4904715,[],0.874382,0.587722,0.874382,0.587722,,ballout,0.0,0,,0.0
207673,11459.0,UDC Txantrea KKE,1,4904715,4913947,"[""696cb3caec10e4bd9428602c"", ""696cb3caec10e4bd9428602d"", ""696cb3caec10e4bd9428602e"", ""696cb3caec10e4bd9428602f"", ""696cb3caec10e4bd94286030"", ""696cb3caec10e4bd94286031"", ""696cb3caec10e4bd94286033""]",0.874382,0.587722,0.43294,0.590006,left,home,58.0369,4,sideways,46.3517
207673,12987.0,CD Subiza,1,4913947,4917644,"[""696cb3caec10e4bd94286034"", ""696cb3caec10e4bd94286035""]",0.43294,0.590006,0.515289,0.6355219999999999,right,away,9.1839,1,sideways,9.1839
207673,,,1,4917644,4921807,[],0.775736,0.947265,0.775736,0.947265,,neutral,0.0,0,,0.0
207673,11459.0,UDC Txantrea KKE,1,4921807,4950047,"[""696cb3caec10e4bd94286036"", ""696cb3caec10e4bd94286037"", ""696cb3caec10e4bd94286038"", ""696cb3caec10e4bd94286039"", ""696cb3caec10e4bd9428603a"", ""696cb3caec10e4bd9428603b"", ""696cb3caec10e4bd9428603c"", ""696cb3caec10e4bd9428603d"", ""696cb3caec10e4bd9428603e"", ""696cb3caec10e4bd9428603f"", ""696cb3caec10e4bd94286040"", ""696cb3caec10e4bd94286041"", ""696cb3caec10e4bd94286042"", ""696cb3caec10e4bd94286043"", ""696cb3caec10e4bd94286044"", ""696cb3caec10e4bd94286045"", ""696cb3caec10e4bd94286046""]",0.775736,0.947265,0.27670300000000003,0.397464,left,home,160.3932,10,backward,64.3688
207673,,,1,4950047,4951689,"[""696cb3caec10e4bd94286047""]",0.138352,0.44524300000000006,0.138352,0.44524300000000006,,neutral,0.0,0,,0.0
207673,12987.0,CD Subiza,1,4951689,4952567,"[""696cb3caec10e4bd94286049"", ""696cb3caec10e4bd9428604a""]",0.138352,0.44524300000000006,0.124772,0.500991,right,away,4.0502,1,forward,4.0502
207673,,,1,4952567,4956160,[],0.571674,0.674611,0.571674,0.674611,,neutral,0.0,0,,0.0
207673,11459.0,UDC Txantrea KKE,1,4956160,4963887,"[""696cb3caec10e4bd9428604b"", ""696cb3caec10e4bd9428604c"", ""696cb3caec10e4bd9428604d"", ""696cb3caec10e4bd9428604e"", ""696cb3caec10e4bd9428604f"", ""696cb3caec10e4bd94286050""]",0.571674,0.674611,0.46432399999999996,0.662627,left,home,37.3557,4,sideways,11.3012
207673,,,1,4963887,5003953,[],0.27369,0.5701780000000001,0.27369,0.5701780000000001,,ballout,0.0,0,,0.0
207673,12987.0,CD Subiza,1,5003953,5003953,"[""696cb3caec10e4bd94286052""]",0.27369,0.5701780000000001,0.27369,0.5701780000000001,right,away,0.0,1,sideways,0.0
207673,,,1,5003953,5008612,"[""696cb3caec10e4bd94286053""]",0.6944980000000001,0.757007,0.6944980000000001,0.757007,,neutral,0.0,0,,0.0
207673,11459.0,UDC Txantrea KKE,1,5008612,5008612,"[""696cb3caec10e4bd94286055""]",0.6944980000000001,0.757007,0.6944980000000001,0.757007,left,home,0.0,1,sideways,0.0
207673,,,1,5008612,5012752,[],0.25822,0.743344,0.25822,0.743344,,neutral,0.0,0,,0.0
207673,12987.0,CD Subiza,1,5012752,5014956,"[""696cb3caec10e4bd94286056"", ""696cb3caec10e4bd94286057""]",0.25822,0.743344,0.082457,0.6121019999999999,right,away,20.4997,2,backward,20.4997
207673,,,1,5014956,5021087,[],0.730282,0.782474,0.730282,0.782474,,neutral,0.0,0,,0.0
207673,11459.0,UDC Txantrea KKE,1,5021087,5021087,"[""696cb3caec10e4bd94286058""]",0.730282,0.782474,0.730282,0.782474,left,home,0.0,1,sideways,0.0
207673,,,1,5021087,5022927,[],0.430744,0.698042,0.430744,0.698042,,neutral,0.0,0,,0.0
207673,12987.0,CD Subiza,1,5022927,5031127,"[""696cb3caec10e4bd94286059"", ""696cb3caec10e4bd9428605a"", ""696cb3caec10e4bd9428605b"", ""696cb3caec10e4bd9428605c"", ""696cb3caec10e4bd9428605d""]",0.430744,0.698042,0.91611,0.291682,right,away,37.0638,2,backward,57.9726
207673,,,1,5031127,5068487,"[""696cb3caec10e4bd9428605e""]",1.0,0.0,1.0,0.0,,ballout,0.0,0,,0.0
207673,12987.0,CD Subiza,1,5068487,5068487,"[""696cb3caec10e4bd9428605f""]",1.0,0.0,1.0,0.0,right,away,0.0,0,sideways,0.0
207673,,,1,5068487,5069375,"[""696cb3caec10e4bd94286060"", ""696cb3caec10e4bd94286061""]",0.9285407,0.592216,0.9285407,0.592216,,neutral,0.0,0,,0.0
207673,,,1,5069375,5076321,[],0.9382119,0.5263,0.9382119,0.5263,,ballout,0.0,0,,0.0
207673,11459.0,UDC Txantrea KKE,1,5076321,5076321,"[""696cb3caec10e4bd94286062""]",0.9382119,0.5263,0.9382119,0.5263,left,home,0.0,1,sideways,0.0
207673,,,1,5076321,5080805,[],0.258179,0.504947,0.258179,0.504947,,neutral,0.0,0,,0.0
207673,12987.0,CD Subiza,1,5080805,5091672,"[""696cb3caec10e4bd94286063"", ""696cb3caec10e4bd94286064"", ""696cb3caec10e4bd94286065"", ""696cb3caec10e4bd94286066"", ""696cb3caec10e4bd94286067""]",0.258179,0.504947,0.465091,0.80539,right,away,45.2465,3,forward,29.8228
207673,,,1,5091672,5093500,[],0.697716,0.539508,0.697716,0.539508,,neutral,0.0,0,,0.0
207673,11459.0,UDC Txantrea KKE,1,5093500,5111447,"[""696cb3caec10e4bd94286068"", ""696cb3caec10e4bd94286069"", ""696cb3caec10e4bd9428606a"", ""696cb3caec10e4bd9428606b"", ""696cb3caec10e4bd9428606c"", ""696cb3caec10e4bd9428606d"", ""696cb3caec10e4bd9428606e"", ""696cb3caec10e4bd9428606f"", ""696cb3caec10e4bd94286070"", ""696cb3caec10e4bd94286071"", ""696cb3caec10e4bd94286072""]",0.697716,0.539508,0.27356400000000003,0.969285,left,home,101.2092,5,forward,53.2686
207673,,,1,5111447,5113586,[],0.00709723,0.45222399999999996,0.00709723,0.45222399999999996,,neutral,0.0,0,,0.0
207673,12987.0,CD Subiza,1,5113586,5124809,"[""696cb3caec10e4bd94286073"", ""696cb3caec10e4bd94286074"", ""696cb3caec10e4bd94286075"", ""696cb3caec10e4bd94286076""]",0.00709723,0.45222399999999996,0.586937,0.75285,right,away,58.3801,1,sideways,64.2235
207673,,,1,5124809,5125862,[],0.572965,0.757488,0.572965,0.757488,,neutral,0.0,0,,0.0
207673,11459.0,UDC Txantrea KKE,1,5125862,5156255,"[""696cb3caec10e4bd94286077"", ""696cb3caec10e4bd94286078"", ""696cb3caec10e4bd94286079"", ""696cb3caec10e4bd9428607a"", ""696cb3caec10e4bd9428607b"", ""696cb3caec10e4bd9428607c"", ""696cb3caec10e4bd9428607d"", ""696cb3caec10e4bd9428607e"", ""696cb3caec10e4bd9428607f"", ""696cb3caec10e4bd94286080"", ""696cb3caec10e4bd94286081"", ""696cb3caec10e4bd94286082"", ""696cb3caec10e4bd94286083"", ""696cb3caec10e4bd94286084"", ""696cb3caec10e4bd94286085"", ""696cb3caec10e4bd94286086""]",0.572965,0.757488,0.01376,0.9183647,left,home,118.0998,8,sideways,59.7269
207673,,,1,5156255,5176013,[],0.09198399999999995,0.983219,0.09198399999999995,0.983219,,ballout,0.0,0,,0.0
207673,11459.0,UDC Txantrea KKE,1,5176013,5178168,"[""696cb3caec10e4bd94286087"", ""696cb3caec10e4bd94286088""]",0.09198399999999995,0.983219,0.00745374,0.694186,left,home,17.7509,1,backward,21.5654
207673,12987.0,CD Subiza,1,5178168,5180340,"[""696cb3caec10e4bd9428608a"", ""696cb3caec10e4bd9428608b"", ""696cb3caec10e4bd9428608c"", ""696cb3caec10e4bd9428608d""]",0.00745374,0.694186,0.0599661,0.69882,right,away,4.0531,2,sideways,5.5228
207673,,,1,5180340,5188767,[],0.465291,0.9982,0.465291,0.9982,,ballout,0.0,0,,0.0
207673,11459.0,UDC Txantrea KKE,1,5188767,5200487,"[""696cb3caec10e4bd9428608e"", ""696cb3caec10e4bd9428608f"", ""696cb3caec10e4bd94286090"", ""696cb3caec10e4bd94286091"", ""696cb3caec10e4bd94286092"", ""696cb3caec10e4bd94286093"", ""696cb3caec10e4bd94286094"", ""696cb3caec10e4bd94286095"", ""696cb3caec10e4bd94286096"", ""696cb3caec10e4bd94286097"", ""696cb3caec10e4bd94286098""]",0.465291,0.9982,0.305717,0.0843616,left,home,66.6053,7,backward,64.3603
207673,,,1,5200487,5203070,"[""696cb3caec10e4bd9428609a"", ""696cb3caec10e4bd9428609b"", ""696cb3caec10e4bd9428609c""]",0.264676,0.207882,0.24188699999999996,0.138293,,neutral,5.3026,0,,5.3026
207673,,,1,5203070,5254596,[],0.23464200000000002,0.123645,0.23464200000000002,0.123645,,ballout,0.0,0,,0.0
207673,11459.0,UDC Txantrea KKE,1,5254596,5254596,"[""696cb3caec10e4bd9428609d""]",0.23464200000000002,0.123645,0.23464200000000002,0.123645,left,home,0.0,0,sideways,0.0
207673,,,1,5254596,5267712,[],0.0968786,0.5679799999999999,0.0968786,0.5679799999999999,,ballout,0.0,0,,0.0
207673,12987.0,CD Subiza,1,5267712,5267712,"[""696cb3caec10e4bd9428609f""]",0.0968786,0.5679799999999999,0.0968786,0.5679799999999999,right,away,0.0,1,sideways,0.0
207673,,,1,5267712,5284182,"[""696cb3caec10e4bd942860a0"", ""696cb3caec10e4bd942860a2""]",0.5480149999999999,0.333895,0.5480149999999999,0.333895,,ballout,0.0,0,,0.0
207673,11459.0,UDC Txantrea KKE,1,5284182,5290984,"[""696cb3caec10e4bd942860a3"", ""696cb3caec10e4bd942860a4"", ""696cb3caec10e4bd942860a5"", ""696cb3caec10e4bd942860a6"", ""696cb3caec10e4bd942860a7"", ""696cb3caec10e4bd942860a8""]",0.5480149999999999,0.333895,0.349779,0.787887,left,home,58.0299,3,forward,37.2331
207673,12987.0,CD Subiza,1,5290984,5296851,"[""696cb3caec10e4bd942860a9"", ""696cb3caec10e4bd942860aa"", ""696cb3caec10e4bd942860ab""]",0.349779,0.787887,0.567841,0.479657,right,away,31.0412,1,backward,31.0412
207673,,,1,5296851,5298566,"[""696cb3caec10e4bd942860ac""]",0.664581,0.427064,0.664581,0.427064,,neutral,0.0,0,,0.0
207673,12987.0,CD Subiza,1,5298566,5309705,"[""696cb3caec10e4bd942860ad"", ""696cb3caec10e4bd942860ae"", ""696cb3caec10e4bd942860af"", ""696cb3caec10e4bd942860b0"", ""696cb3caec10e4bd942860b1"", ""696cb3caec10e4bd942860b2""]",0.664581,0.427064,1.0,0.208194,right,away,18.7433,2,backward,38.2346
207673,,,1,5309705,5314847,"[""696cb3caec10e4bd942860b3"", ""696cb3caec10e4bd942860b4""]",0.9412287,0.531778,0.751608,0.333895,,neutral,24.0308,0,,24.0308
207673,11459.0,UDC Txantrea KKE,1,5314847,5327702,"[""696cb3caec10e4bd942860b6"", ""696cb3caec10e4bd942860b7"", ""696cb3caec10e4bd942860b8"", ""696cb3caec10e4bd942860b9"", ""696cb3caec10e4bd942860ba""]",0.751608,0.333895,0.12186699999999995,0.340079,left,home,36.209,3,sideways,66.1241
207673,,,1,5327702,5331844,"[""696cb3caec10e4bd942860bb""]",0.25759600000000005,0.681736,0.25759600000000005,0.681736,,neutral,0.0,0,,0.0
207673,11459.0,UDC Txantrea KKE,1,5331844,5333846,"[""696cb3caec10e4bd942860bc"", ""696cb3caec10e4bd942860bd""]",0.25759600000000005,0.681736,0.210017,0.641409,left,home,5.6989,0,backward,5.6989
207673,,,1,5333846,5334370,[],0.191104,0.604688,0.191104,0.604688,,neutral,0.0,0,,0.0
207673,12987.0,CD Subiza,1,5334370,5335576,"[""696cb3caec10e4bd942860be"", ""696cb3caec10e4bd942860bf"", ""696cb3caec10e4bd942860c0""]",0.191104,0.604688,0.194605,0.6158600000000001,right,away,0.844,0,forward,0.844
207673,,,1,5335576,5367536,[],0.174481,0.617194,0.174481,0.617194,,ballout,0.0,0,,0.0
207673,12987.0,CD Subiza,1,5367536,5370951,"[""696cb3caec10e4bd942860c1"", ""696cb3caec10e4bd942860c2""]",0.174481,0.617194,0.772319,0.797569,right,away,63.9601,2,sideways,63.9601
207673,,,1,5370951,5372047,[],0.7246619999999999,0.785316,0.7246619999999999,0.785316,,neutral,0.0,0,,0.0
207673,11459.0,UDC Txantrea KKE,1,5372047,5372047,"[""696cb3caec10e4bd942860c3""]",0.7246619999999999,0.785316,0.7246619999999999,0.785316,left,home,0.0,1,sideways,0.0
207673,,,1,5372047,5389796,"[""696cb3caec10e4bd942860c4""]",0.358394,0.989382,0.358394,0.989382,,ballout,0.0,0,,0.0
207673,11459.0,UDC Txantrea KKE,1,5389796,5401247,"[""696cb3caec10e4bd942860c5"", ""696cb3caec10e4bd942860c6"", ""696cb3caec10e4bd942860c7"", ""696cb3caec10e4bd942860c8"", ""696cb3caec10e4bd942860c9"", ""696cb3caec10e4bd942860ca"", ""696cb3caec10e4bd942860cb""]",0.358394,0.989382,0.29552,0.793045,left,home,57.0169,3,backward,14.894
207673,,,1,5401247,5404106,"[""696cb3caec10e4bd942860cc""]",0.176214,0.682008,0.268574,0.697196,,neutral,9.7526,0,,9.7526
207673,11459.0,UDC Txantrea KKE,1,5404106,5407087,"[""696cb3caec10e4bd942860cd"", ""696cb3caec10e4bd942860ce"", ""696cb3caec10e4bd942860cf"", ""696cb3caec10e4bd942860d0""]",0.268574,0.697196,0.336438,0.816235,left,home,8.4009,2,forward,10.7842
207673,,,1,5407087,5436834,[],0.154958,0.48802900000000005,0.154958,0.48802900000000005,,ballout,0.0,0,,0.0
207673,12987.0,CD Subiza,1,5436834,5436834,"[""696cb3caec10e4bd942860d2""]",0.154958,0.48802900000000005,0.154958,0.48802900000000005,right,away,0.0,1,sideways,0.0
207673,,,1,5436834,5442797,"[""696cb3caec10e4bd942860d3""]",0.702706,0.173115,0.653803,0.503951,,neutral,23.0754,0,,23.0754
207673,11459.0,UDC Txantrea KKE,1,5442797,5448847,"[""696cb3caec10e4bd942860d4"", ""696cb3caec10e4bd942860d6"", ""696cb3caec10e4bd942860d7""]",0.653803,0.503951,0.423265,0.896625,left,home,19.379,1,forward,36.0408
207673,,,1,5448847,5455831,[],0.312848,1.0,0.312848,1.0,,ballout,0.0,0,,0.0
207673,12987.0,CD Subiza,1,5455831,5459762,"[""696cb3caec10e4bd942860d8"", ""696cb3caec10e4bd942860d9"", ""696cb3caec10e4bd942860da"", ""696cb3caec10e4bd942860db"", ""696cb3caec10e4bd942860dc""]",0.312848,1.0,0.489586,0.99665231,right,away,24.3831,3,sideways,18.5589
207673,,,1,5459762,5463527,[],0.781548,0.553421,0.781548,0.553421,,neutral,0.0,0,,0.0
207673,11459.0,UDC Txantrea KKE,1,5463527,5469407,"[""696cb3caec10e4bd942860dd"", ""696cb3caec10e4bd942860de"", ""696cb3caec10e4bd942860df"", ""696cb3caec10e4bd942860e0"", ""696cb3caec10e4bd942860e1""]",0.781548,0.553421,0.591927,0.859522,left,home,28.8078,3,forward,28.8041
207673,,,1,5469407,5471409,"[""696cb3caec10e4bd942860e2""]",0.49711700000000003,0.878073,0.49711700000000003,0.878073,,neutral,0.0,0,,0.0
207673,11459.0,UDC Txantrea KKE,1,5471409,5479687,"[""696cb3caec10e4bd942860e3"", ""696cb3caec10e4bd942860e4"", ""696cb3caec10e4bd942860e5"", ""696cb3caec10e4bd942860e6""]",0.49711700000000003,0.878073,0.47116899999999995,0.445204,left,home,24.0582,2,backward,29.5609
207673,,,1,5479687,5482684,"[""696cb3caec10e4bd942860e7""]",0.256598,0.51941,0.256598,0.51941,,neutral,0.0,0,,0.0
207673,11459.0,UDC Txantrea KKE,1,5482684,5489567,"[""696cb3caec10e4bd942860e9"", ""696cb3caec10e4bd942860ea"", ""696cb3caec10e4bd942860eb"", ""696cb3caec10e4bd942860ed"", ""696cb3caec10e4bd942860ee""]",0.256598,0.51941,0.05599900000000002,0.429745,left,home,27.3404,2,sideways,21.9276
207673,,,1,5489567,5491504,"[""696cb3caec10e4bd942860ef"", ""696cb3caec10e4bd942860f0"", ""696cb3caec10e4bd942860f1""]",0.0573815,0.400996,0.0463877,0.405728,,neutral,1.1984,0,,1.1984
207673,,,1,5491504,5517439,[],0.0825837,0.39616399999999996,0.0825837,0.39616399999999996,,ballout,0.0,0,,0.0
207673,12987.0,CD Subiza,1,5517439,5517439,"[""696cb3caec10e4bd942860f2""]",0.0825837,0.39616399999999996,0.0825837,0.39616399999999996,right,away,0.0,1,sideways,0.0
207673,,,1,5517439,5520687,[],0.674762,0.136012,0.674762,0.136012,,neutral,0.0,0,,0.0
207673,11459.0,UDC Txantrea KKE,1,5520687,5520687,"[""696cb3caec10e4bd942860f3""]",0.674762,0.136012,0.674762,0.136012,left,home,0.0,1,sideways,0.0
207673,,,1,5520687,5524881,"[""696cb3caec10e4bd942860f4""]",0.512104,0.25752200000000003,0.6597919999999999,0.507043,,neutral,22.9863,0,,22.9863
207673,11459.0,UDC Txantrea KKE,1,5524881,5528252,"[""696cb3caec10e4bd942860f5"", ""696cb3caec10e4bd942860f7"", ""696cb3caec10e4bd942860f8""]",0.6597919999999999,0.507043,0.272558,0.496475,left,home,26.8931,2,sideways,40.6659
207673,,,1,5528252,5530194,[],0.48114900000000005,0.701834,0.48114900000000005,0.701834,,neutral,0.0,0,,0.0
207673,11459.0,UDC Txantrea KKE,1,5530194,5539207,"[""696cb3caec10e4bd942860f9"", ""696cb3caec10e4bd942860fb"", ""696cb3caec10e4bd942860fc"", ""696cb3caec10e4bd942860fd""]",0.48114900000000005,0.701834,0.11987099999999995,0.661639,left,home,14.6162,1,sideways,38.0325
207673,,,1,5539207,5539788,[],0.0,0.54493,0.0,0.54493,,neutral,0.0,0,,0.0
207673,12987.0,CD Subiza,1,5539788,5549933,"[""696cb3caec10e4bd942860fe"", ""696cb3caec10e4bd942860ff""]",0.0,0.54493,0.129007,0.670487,right,away,16.0119,1,forward,16.0119
207673,,,1,5549933,5554248,[],0.614881,0.725023,0.614881,0.725023,,neutral,0.0,0,,0.0
207673,11459.0,UDC Txantrea KKE,1,5554248,5555455,"[""696cb3caec10e4bd94286100"", ""696cb3caec10e4bd94286101""]",0.614881,0.725023,0.552007,0.639995,left,home,8.7757,2,backward,8.7757
207673,,,1,5555455,5561560,"[""696cb3caec10e4bd94286103""]",0.142362,0.38836099999999996,0.142362,0.38836099999999996,,neutral,0.0,0,,0.0
207673,12987.0,CD Subiza,1,5561560,5565380,"[""696cb3caec10e4bd94286104"", ""696cb3caec10e4bd94286105""]",0.142362,0.38836099999999996,0.185647,0.05982799999999999,right,away,22.7979,1,backward,22.7979
207673,,,1,5565380,5570345,"[""696cb3caec10e4bd94286106""]",0.7086939999999999,0.514773,0.752526,0.48002100000000003,,neutral,5.1736,0,,5.1736
207673,12987.0,CD Subiza,1,5570345,5575030,"[""696cb3caec10e4bd94286107"", ""696cb3caec10e4bd94286108""]",0.752526,0.48002100000000003,1.0,0.70173,right,away,30.0416,0,forward,30.0416
207673,,,1,5575030,5575628,"[""696cb3caec10e4bd94286109""]",0.9532047,0.522502,0.9532047,0.522502,,neutral,0.0,0,,0.0
207673,,,1,5575628,5621531,[],1.0,1.0,1.0,1.0,,ballout,0.0,0,,0.0
207673,12987.0,CD Subiza,1,5621531,5623572,"[""696cb3caec10e4bd9428610a"", ""696cb3caec10e4bd9428610c""]",1.0,1.0,0.993872,0.40241800000000005,right,away,40.6407,0,backward,40.6407
207673,,,1,5623572,5624857,"[""696cb3caec10e4bd9428610d""]",0.9711688,0.483853,0.9711688,0.483853,,neutral,0.0,0,,0.0
207673,,,1,5624857,5647321,[],0.652407,1.0,0.652407,1.0,,ballout,0.0,0,,0.0
207673,12987.0,CD Subiza,1,5647321,5647321,"[""696cb3caec10e4bd9428610e""]",0.652407,1.0,0.652407,1.0,right,away,0.0,1,sideways,0.0
207673,,,1,5647321,5652424,"[""696cb3caec10e4bd9428610f"", ""696cb3caec10e4bd94286111""]",0.843424,0.943003,0.8514079999999999,0.902808,,neutral,2.8589,0,,2.8589
207673,11459.0,UDC Txantrea KKE,1,5652424,5654168,"[""696cb3caec10e4bd94286113"", ""696cb3caec10e4bd94286114""]",0.8514079999999999,0.902808,0.809492,0.950733,left,home,5.4764,1,forward,5.4764
207673,,,1,5654168,5663448,"[""696cb3caec10e4bd94286115""]",0.77556,0.98629,0.77556,0.98629,,ballout,0.0,0,,0.0
207673,11459.0,UDC Txantrea KKE,1,5663448,5663448,"[""696cb3caec10e4bd94286116""]",0.77556,0.98629,0.77556,0.98629,left,home,0.0,1,sideways,0.0
207673,,,1,5663448,5675047,"[""696cb3caec10e4bd94286118""]",0.571967,0.989382,0.571967,0.989382,,ballout,0.0,0,,0.0
207673,11459.0,UDC Txantrea KKE,1,5675047,5675047,"[""696cb3caec10e4bd94286119""]",0.571967,0.989382,0.571967,0.989382,left,home,0.0,1,sideways,0.0
207673,,,1,5675047,5687406,"[""696cb3caec10e4bd9428611b""]",0.381348,0.990928,0.381348,0.990928,,ballout,0.0,0,,0.0
207673,11459.0,UDC Txantrea KKE,1,5687406,5688349,"[""696cb3caec10e4bd9428611c"", ""696cb3caec10e4bd9428611d""]",0.381348,0.990928,0.407297,0.912084,left,home,6.014,1,backward,6.014
207673,,,1,5688349,5738585,"[""696cb3caec10e4bd9428611e""]",0.332446,0.939912,0.332446,0.939912,,ballout,0.0,0,,0.0
207673,11459.0,UDC Txantrea KKE,1,5738585,5740047,"[""696cb3caec10e4bd9428611f"", ""696cb3caec10e4bd94286120""]",0.332446,0.939912,0.09192699999999998,0.491583,left,home,39.588,0,backward,39.588
