match_id,team_id,team_name,period_order,start_time,end_time,event_ids,x,y,to_x,to_y,attack_direction,ball_status,total_distance,num_of_passes,progress_direction,progress_distance
209425,12987.0,CD Subiza,0,736,2824,"[""696be9efa25766a48d7910ff"", ""696be9efa25766a48d791100"", ""696be9efa25766a48d791101"", ""696be9efa25766a48d791102""]",0.499803,0.519064,0.421875,0.40145699999999995,right,away,15.2791,3,backward,11.4415
209425,,,0,2824,3591,[],0.549837,0.506468,0.549837,0.506468,,neutral,0.0,0,,0.0
209425,7608.0,C.D. Izarra,0,3591,15818,"[""696be9efa25766a48d791103"", ""696be9efa25766a48d791104"", ""696be9efa25766a48d791105"", ""696be9efa25766a48d791106"", ""696be9efa25766a48d791107"", ""696be9efa25766a48d791108"", ""696be9efa25766a48d791109""]",0.549837,0.506468,0.262919,0.121067,left,home,51.4836,3,backward,39.9302
209425,,,0,15818,51557,[],0.0542937,0.504277,0.0542937,0.504277,,ballout,0.0,0,,0.0
209425,12987.0,CD Subiza,0,51557,59624,"[""696be9efa25766a48d79110a"", ""696be9efa25766a48d79110b"", ""696be9efa25766a48d79110c"", ""696be9efa25766a48d79110d"", ""696be9efa25766a48d79110e"", ""696be9efa25766a48d79110f"", ""696be9efa25766a48d791110""]",0.0542937,0.504277,0.360337,0.053423,right,away,41.1757,4,backward,44.4134
209425,,,0,59624,65224,[],0.554961,0.216746,0.554961,0.216746,,ballout,0.0,0,,0.0
209425,7608.0,C.D. Izarra,0,65224,72991,"[""696be9efa25766a48d791112"", ""696be9efa25766a48d791113"", ""696be9efa25766a48d791114"", ""696be9efa25766a48d791115"", ""696be9efa25766a48d791116"", ""696be9efa25766a48d791117"", ""696be9efa25766a48d791118""]",0.554961,0.216746,0.41620100000000004,0.75,left,home,53.2123,4,forward,39.0789
209425,,,0,72991,74224,[],0.454815,0.882652,0.454815,0.882652,,neutral,0.0,0,,0.0
209425,12987.0,CD Subiza,0,74224,91641,"[""696be9efa25766a48d79111a"", ""696be9efa25766a48d79111b"", ""696be9efa25766a48d79111c"", ""696be9efa25766a48d79111d"", ""696be9efa25766a48d79111e"", ""696be9efa25766a48d79111f"", ""696be9efa25766a48d791120"", ""696be9efa25766a48d791121"", ""696be9efa25766a48d791122"", ""696be9efa25766a48d791123"", ""696be9efa25766a48d791124""]",0.454815,0.882652,0.280139,0.852259,right,away,50.8767,6,sideways,18.4571
209425,,,0,91641,92583,[],0.411544,0.831149,0.411544,0.831149,,neutral,0.0,0,,0.0
209425,7608.0,C.D. Izarra,0,92583,98891,"[""696be9efa25766a48d791125"", ""696be9efa25766a48d791126"", ""696be9efa25766a48d791127"", ""696be9efa25766a48d791128"", ""696be9efa25766a48d791129""]",0.411544,0.831149,0.06179100000000004,0.579981,left,home,8.6136,1,backward,40.5014
209425,,,0,98891,100464,"[""696be9efa25766a48d79112b""]",0.03319700000000003,0.450649,0.03319700000000003,0.450649,,neutral,0.0,0,,0.0
209425,7608.0,C.D. Izarra,0,100464,100464,"[""696be9efa25766a48d79112c""]",0.03319700000000003,0.450649,0.03319700000000003,0.450649,left,home,0.0,0,sideways,0.0
209425,,,0,100464,156071,[],0.500973,0.523285,0.500973,0.523285,,ballout,0.0,0,,0.0
209425,12987.0,CD Subiza,0,156071,164226,"[""696be9efa25766a48d79112e"", ""696be9efa25766a48d79112f"", ""696be9efa25766a48d791130"", ""696be9efa25766a48d791131"", ""696be9efa25766a48d791132"", ""696be9efa25766a48d791133"", ""696be9efa25766a48d791134"", ""696be9efa25766a48d791135""]",0.500973,0.523285,0.524717,0.9020406,right,away,58.1829,4,forward,25.8758
209425,,,0,164226,189671,[],0.537272,0.997055,0.537272,0.997055,,ballout,0.0,0,,0.0
209425,7608.0,C.D. Izarra,0,189671,189671,"[""696be9efa25766a48d791136""]",0.537272,0.997055,0.537272,0.997055,left,home,0.0,1,sideways,0.0
209425,,,0,189671,194754,"[""696be9efa25766a48d791138""]",0.348366,0.830627,0.142386,0.6386970000000001,,neutral,25.2607,0,,25.2607
209425,12987.0,CD Subiza,0,194754,201475,"[""696be9efa25766a48d791139"", ""696be9efa25766a48d79113a""]",0.142386,0.6386970000000001,0.143191,0.537728,right,away,6.8664,1,backward,6.8664
209425,,,0,201475,203991,[],0.431635,0.181352,0.431635,0.181352,,neutral,0.0,0,,0.0
209425,7608.0,C.D. Izarra,0,203991,203991,"[""696be9efa25766a48d79113b""]",0.431635,0.181352,0.431635,0.181352,left,home,0.0,1,sideways,0.0
209425,,,0,203991,206796,[],0.120739,0.452283,0.120739,0.452283,,neutral,0.0,0,,0.0
209425,12987.0,CD Subiza,0,206796,242208,"[""696be9efa25766a48d79113c"", ""696be9efa25766a48d79113d"", ""696be9efa25766a48d79113e"", ""696be9efa25766a48d79113f"", ""696be9efa25766a48d791140"", ""696be9efa25766a48d791141"", ""696be9efa25766a48d791142"", ""696be9efa25766a48d791143"", ""696be9efa25766a48d791144"", ""696be9efa25766a48d791145"", ""696be9efa25766a48d791146"", ""696be9efa25766a48d791147"", ""696be9efa25766a48d791148"", ""696be9efa25766a48d791149"", ""696be9efa25766a48d79114a"", ""696be9efa25766a48d79114b"", ""696be9efa25766a48d79114c"", ""696be9efa25766a48d79114d""]",0.120739,0.452283,0.514846,0.31852800000000003,right,away,161.807,9,sideways,42.369
209425,,,0,242208,243899,[],0.477901,0.589505,0.477901,0.589505,,neutral,0.0,0,,0.0
209425,7608.0,C.D. Izarra,0,243899,246145,"[""696be9efa25766a48d79114e"", ""696be9efa25766a48d79114f"", ""696be9efa25766a48d791150"", ""696be9efa25766a48d791151""]",0.477901,0.589505,0.524466,0.553438,left,home,7.1997,2,backward,5.47
209425,,,0,246145,247695,"[""696be9efa25766a48d791152""]",0.52563,0.602128,0.52563,0.602128,,neutral,0.0,0,,0.0
209425,7608.0,C.D. Izarra,0,247695,253197,"[""696be9efa25766a48d791153"", ""696be9efa25766a48d791154"", ""696be9efa25766a48d791155"", ""696be9efa25766a48d791156""]",0.52563,0.602128,0.493068,0.9118587,left,home,31.2073,2,forward,21.3374
209425,,,0,253197,254548,[],0.552609,0.9686355,0.552609,0.9686355,,neutral,0.0,0,,0.0
209425,12987.0,CD Subiza,0,254548,260840,"[""696be9efa25766a48d791157"", ""696be9efa25766a48d791158"", ""696be9efa25766a48d791159"", ""696be9efa25766a48d79115a"", ""696be9efa25766a48d79115c"", ""696be9efa25766a48d79115d""]",0.552609,0.9686355,0.818202,0.870876,right,away,16.4987,2,sideways,28.6686
209425,,,0,260840,309424,[],0.831252,0.9395849000000001,0.831252,0.9395849000000001,,ballout,0.0,0,,0.0
209425,12987.0,CD Subiza,0,309424,309424,"[""696be9efa25766a48d79115e""]",0.831252,0.9395849000000001,0.831252,0.9395849000000001,right,away,0.0,0,sideways,0.0
209425,,,0,309424,314191,"[""696be9efa25766a48d79115f""]",0.896992,0.629178,0.6660280000000001,0.43886,,neutral,27.4883,0,,27.4883
209425,7608.0,C.D. Izarra,0,314191,319260,"[""696be9efa25766a48d791160"", ""696be9efa25766a48d791162"", ""696be9efa25766a48d791163"", ""696be9efa25766a48d791164""]",0.6660280000000001,0.43886,0.756719,0.194152,left,home,13.3714,1,backward,19.1722
209425,,,0,319260,324357,"[""696be9efa25766a48d791165"", ""696be9efa25766a48d791166""]",0.77069,0.33991800000000005,0.863602,0.0712881,,neutral,20.7087,0,,20.7087
209425,,,0,324357,344233,[],0.75112,0.0,0.75112,0.0,,ballout,0.0,0,,0.0
209425,12987.0,CD Subiza,0,344233,345594,"[""696be9efa25766a48d791167"", ""696be9efa25766a48d791168""]",0.75112,0.0,0.849383,0.091781,right,away,12.0584,2,forward,12.0584
209425,,,0,345594,346362,[],0.893762,0.0550314,0.893762,0.0550314,,neutral,0.0,0,,0.0
209425,7608.0,C.D. Izarra,0,346362,347891,"[""696be9efa25766a48d791169"", ""696be9efa25766a48d79116a"", ""696be9efa25766a48d79116b""]",0.893762,0.0550314,0.895828,0.0665426,left,home,0.8123,0,forward,0.8123
209425,,,0,347891,367628,[],0.888843,0.052116,0.888843,0.052116,,ballout,0.0,0,,0.0
209425,7608.0,C.D. Izarra,0,367628,367628,"[""696be9efa25766a48d79116c""]",0.888843,0.052116,0.888843,0.052116,left,home,0.0,1,sideways,0.0
209425,,,0,367628,372366,[],0.102404,0.38373,0.102404,0.38373,,neutral,0.0,0,,0.0
209425,12987.0,CD Subiza,0,372366,397757,"[""696be9efa25766a48d79116d"", ""696be9efa25766a48d79116e"", ""696be9efa25766a48d79116f"", ""696be9efa25766a48d791170"", ""696be9efa25766a48d791171"", ""696be9efa25766a48d791172"", ""696be9efa25766a48d791173"", ""696be9efa25766a48d791174"", ""696be9efa25766a48d791175"", ""696be9efa25766a48d791176"", ""696be9efa25766a48d791177"", ""696be9efa25766a48d791178"", ""696be9efa25766a48d791179"", ""696be9efa25766a48d79117a"", ""696be9efa25766a48d79117b"", ""696be9efa25766a48d79117c""]",0.102404,0.38373,0.47906499999999996,0.953775,right,away,118.3525,7,forward,55.3781
209425,,,0,397757,398450,[],0.42435,0.937545,0.42435,0.937545,,neutral,0.0,0,,0.0
209425,7608.0,C.D. Izarra,0,398450,405557,"[""696be9efa25766a48d79117d"", ""696be9efa25766a48d79117e"", ""696be9efa25766a48d79117f"", ""696be9efa25766a48d791180"", ""696be9efa25766a48d791181"", ""696be9efa25766a48d791182""]",0.42435,0.937545,0.630297,0.578501,left,home,29.6004,3,backward,32.6145
209425,,,0,405557,413724,[],0.400308,0.11862899999999998,0.400308,0.11862899999999998,,ballout,0.0,0,,0.0
209425,12987.0,CD Subiza,0,413724,417003,"[""696be9efa25766a48d791184"", ""696be9efa25766a48d791185"", ""696be9efa25766a48d791186"", ""696be9efa25766a48d791187""]",0.400308,0.11862899999999998,0.52563,0.0394928,right,away,22.0433,2,backward,14.2166
209425,,,0,417003,425957,[],0.43207300000000004,0.00222379,0.43207300000000004,0.00222379,,ballout,0.0,0,,0.0
209425,7608.0,C.D. Izarra,0,425957,425957,"[""696be9efa25766a48d791188""]",0.43207300000000004,0.00222379,0.43207300000000004,0.00222379,left,home,0.0,1,sideways,0.0
209425,,,0,425957,429686,[],0.16777,0.232221,0.16777,0.232221,,neutral,0.0,0,,0.0
209425,12987.0,CD Subiza,0,429686,431091,"[""696be9efa25766a48d791189"", ""696be9efa25766a48d79118a""]",0.16777,0.232221,0.196866,0.14923699999999995,right,away,6.4169,1,backward,6.4169
209425,,,0,431091,432457,[],0.430762,0.173846,0.430762,0.173846,,neutral,0.0,0,,0.0
209425,7608.0,C.D. Izarra,0,432457,437191,"[""696be9efa25766a48d79118b"", ""696be9efa25766a48d79118c"", ""696be9efa25766a48d79118d"", ""696be9efa25766a48d79118e""]",0.430762,0.173846,0.392317,0.0785299,left,home,16.3601,3,backward,7.6358
209425,,,0,437191,438871,"[""696be9efa25766a48d79118f""]",0.345631,0.114285,0.345631,0.114285,,neutral,0.0,0,,0.0
209425,7608.0,C.D. Izarra,0,438871,439602,"[""696be9efa25766a48d791190"", ""696be9efa25766a48d791191""]",0.345631,0.114285,0.354143,0.091195,left,home,1.8067,1,backward,1.8067
209425,,,0,439602,445857,"[""696be9efa25766a48d791192""]",0.370046,0.0,0.370046,0.0,,ballout,0.0,0,,0.0
209425,7608.0,C.D. Izarra,0,445857,454985,"[""696be9efa25766a48d791193"", ""696be9efa25766a48d791194""]",0.370046,0.0,0.0296945,0.027379000000000042,left,home,26.1112,1,sideways,35.7854
209425,12987.0,CD Subiza,0,454985,478348,"[""696be9efa25766a48d791197"", ""696be9efa25766a48d791198"", ""696be9efa25766a48d791199"", ""696be9efa25766a48d79119a"", ""696be9efa25766a48d79119b"", ""696be9efa25766a48d79119c"", ""696be9efa25766a48d79119d"", ""696be9efa25766a48d79119e"", ""696be9efa25766a48d79119f"", ""696be9efa25766a48d7911a0"", ""696be9efa25766a48d7911a1"", ""696be9efa25766a48d7911a2"", ""696be9efa25766a48d7911a3"", ""696be9efa25766a48d7911a4"", ""696be9efa25766a48d7911a5""]",0.0296945,0.027379000000000042,0.453894,0.23337799999999997,right,away,94.7126,8,sideways,46.6917
209425,,,0,478348,478724,[],0.48505600000000004,0.25443,0.48505600000000004,0.25443,,neutral,0.0,0,,0.0
209425,7608.0,C.D. Izarra,0,478724,479891,"[""696be9efa25766a48d7911a6"", ""696be9efa25766a48d7911a7""]",0.48505600000000004,0.25443,0.46477100000000005,0.276868,left,home,2.62,2,forward,2.62
209425,,,0,479891,519150,[],0.208339,0.32831699999999997,0.208339,0.32831699999999997,,ballout,0.0,0,,0.0
209425,12987.0,CD Subiza,0,519150,530129,"[""696be9efa25766a48d7911a9"", ""696be9efa25766a48d7911aa"", ""696be9efa25766a48d7911ab"", ""696be9efa25766a48d7911ac""]",0.208339,0.32831699999999997,0.508373,0.9541946,right,away,54.6585,3,forward,52.9509
209425,,,0,530129,531539,[],0.551242,0.869019,0.551242,0.869019,,neutral,0.0,0,,0.0
209425,7608.0,C.D. Izarra,0,531539,532424,"[""696be9efa25766a48d7911ad"", ""696be9efa25766a48d7911ae""]",0.551242,0.869019,0.5500769999999999,0.840166,left,home,1.9658,1,backward,1.9658
209425,,,0,532424,542091,"[""696be9efa25766a48d7911af""]",0.551242,0.784263,0.551242,0.784263,,ballout,0.0,0,,0.0
209425,7608.0,C.D. Izarra,0,542091,549624,"[""696be9efa25766a48d7911b0"", ""696be9efa25766a48d7911b1"", ""696be9efa25766a48d7911b2"", ""696be9efa25766a48d7911b3"", ""696be9efa25766a48d7911b5""]",0.551242,0.784263,0.18104399999999998,0.311794,left,home,53.2583,1,backward,50.4296
209425,,,0,549624,567175,[],0.0308652,0.382447,0.0308652,0.382447,,ballout,0.0,0,,0.0
209425,12987.0,CD Subiza,0,567175,598364,"[""696be9efa25766a48d7911b6"", ""696be9efa25766a48d7911b7"", ""696be9efa25766a48d7911b8"", ""696be9efa25766a48d7911b9"", ""696be9efa25766a48d7911ba"", ""696be9efa25766a48d7911bb"", ""696be9efa25766a48d7911bc"", ""696be9efa25766a48d7911bd"", ""696be9efa25766a48d7911be"", ""696be9efa25766a48d7911bf"", ""696be9efa25766a48d7911c0"", ""696be9efa25766a48d7911c1"", ""696be9efa25766a48d7911c2""]",0.0308652,0.382447,0.473749,0.08678200000000003,right,away,87.4945,7,backward,50.6629
209425,,,0,598364,602751,[],0.8620680000000001,0.677867,0.8620680000000001,0.677867,,neutral,0.0,0,,0.0
209425,7608.0,C.D. Izarra,0,602751,611857,"[""696be9efa25766a48d7911c3"", ""696be9efa25766a48d7911c4"", ""696be9efa25766a48d7911c5"", ""696be9efa25766a48d7911c6""]",0.8620680000000001,0.677867,0.133183,0.37433799999999995,left,home,72.2841,1,sideways,79.2673
209425,,,0,611857,613391,[],0.14570700000000003,0.47346,0.14570700000000003,0.47346,,neutral,0.0,0,,0.0
209425,7608.0,C.D. Izarra,0,613391,613391,"[""696be9efa25766a48d7911c7""]",0.14570700000000003,0.47346,0.14570700000000003,0.47346,left,home,0.0,0,sideways,0.0
209425,,,0,613391,614954,"[""696be9efa25766a48d7911c8""]",0.13331400000000004,0.517372,0.13331400000000004,0.517372,,neutral,0.0,0,,0.0
209425,7608.0,C.D. Izarra,0,614954,615624,"[""696be9efa25766a48d7911c9"", ""696be9efa25766a48d7911ca""]",0.13331400000000004,0.517372,0.11817999999999995,0.546225,left,home,2.5248,0,forward,2.5248
209425,,,0,615624,671892,[],0.502646,0.49002,0.502646,0.49002,,ballout,0.0,0,,0.0
209425,12987.0,CD Subiza,0,671892,688804,"[""696be9efa25766a48d7911cc"", ""696be9efa25766a48d7911cd"", ""696be9efa25766a48d7911ce"", ""696be9efa25766a48d7911cf"", ""696be9efa25766a48d7911d0"", ""696be9efa25766a48d7911d1"", ""696be9efa25766a48d7911d2"", ""696be9efa25766a48d7911d3"", ""696be9efa25766a48d7911d4"", ""696be9efa25766a48d7911d5"", ""696be9efa25766a48d7911d6""]",0.502646,0.49002,0.390255,0.21822399999999997,right,away,57.0473,6,backward,21.9284
209425,,,0,688804,692991,[],0.828308,0.32081,0.828308,0.32081,,neutral,0.0,0,,0.0
209425,7608.0,C.D. Izarra,0,692991,694257,"[""696be9efa25766a48d7911d7"", ""696be9efa25766a48d7911d8""]",0.828308,0.32081,0.669073,0.476781,left,home,19.7999,2,forward,19.7999
209425,,,0,694257,698357,"[""696be9efa25766a48d7911d9"", ""696be9efa25766a48d7911db""]",0.5347999999999999,0.0950542,0.5347999999999999,0.0950542,,neutral,0.0,0,,0.0
209425,7608.0,C.D. Izarra,0,698357,698357,"[""696be9efa25766a48d7911dc""]",0.5347999999999999,0.0950542,0.5347999999999999,0.0950542,left,home,0.0,1,sideways,0.0
209425,,,0,698357,702086,[],0.233997,0.6705479999999999,0.233997,0.6705479999999999,,neutral,0.0,0,,0.0
209425,12987.0,CD Subiza,0,702086,707481,"[""696be9efa25766a48d7911dd"", ""696be9efa25766a48d7911de"", ""696be9efa25766a48d7911df""]",0.233997,0.6705479999999999,0.214072,0.44972900000000005,right,away,15.1607,0,backward,15.1607
209425,,,0,707481,709755,[],0.247185,0.46673299999999995,0.247185,0.46673299999999995,,ballout,0.0,0,,0.0
209425,12987.0,CD Subiza,0,709755,732304,"[""696be9efa25766a48d7911e0"", ""696be9efa25766a48d7911e1"", ""696be9efa25766a48d7911e2"", ""696be9efa25766a48d7911e3"", ""696be9efa25766a48d7911e4"", ""696be9efa25766a48d7911e5"", ""696be9efa25766a48d7911e6"", ""696be9efa25766a48d7911e7"", ""696be9efa25766a48d7911e8"", ""696be9efa25766a48d7911e9"", ""696be9efa25766a48d7911ea"", ""696be9efa25766a48d7911eb""]",0.247185,0.46673299999999995,0.919083,0.17393899999999995,right,away,102.8393,7,sideways,73.3049
209425,,,0,732304,732591,[],0.9016491,0.236054,0.9016491,0.236054,,neutral,0.0,0,,0.0
209425,7608.0,C.D. Izarra,0,732591,734124,"[""696be9efa25766a48d7911ec"", ""696be9efa25766a48d7911ed""]",0.9016491,0.236054,0.9039774,0.234251,left,home,0.2735,0,backward,0.2735
209425,,,0,734124,735515,"[""696be9efa25766a48d7911ee"", ""696be9efa25766a48d7911ef""]",0.890517,0.31283099999999997,0.890517,0.31283099999999997,,neutral,0.0,0,,0.0
209425,12987.0,CD Subiza,0,735515,735515,"[""696be9efa25766a48d7911f0""]",0.890517,0.31283099999999997,0.890517,0.31283099999999997,right,away,0.0,0,sideways,0.0
209425,,,0,735515,767220,[],0.9517073,0.409173,0.9517073,0.409173,,ballout,0.0,0,,0.0
209425,7608.0,C.D. Izarra,0,767220,767220,"[""696be9efa25766a48d7911f1""]",0.9517073,0.409173,0.9517073,0.409173,left,home,0.0,1,sideways,0.0
209425,,,0,767220,785867,"[""696be9efa25766a48d7911f2""]",0.43780399999999997,0.00496292,0.43780399999999997,0.00496292,,ballout,0.0,0,,0.0
209425,7608.0,C.D. Izarra,0,785867,785867,"[""696be9efa25766a48d7911f4""]",0.43780399999999997,0.00496292,0.43780399999999997,0.00496292,left,home,0.0,1,sideways,0.0
209425,,,0,785867,788791,"[""696be9efa25766a48d7911f5""]",0.152457,0.134058,0.152457,0.134058,,neutral,0.0,0,,0.0
209425,,,0,788791,821290,[],0.01107899999999995,0.012443,0.01107899999999995,0.012443,,ballout,0.0,0,,0.0
209425,7608.0,C.D. Izarra,0,821290,821290,"[""696be9efa25766a48d7911f7""]",0.01107899999999995,0.012443,0.01107899999999995,0.012443,left,home,0.0,0,sideways,0.0
209425,,,0,821290,824724,"[""696be9efa25766a48d7911f8""]",0.0912551,0.47103300000000004,0.17405899999999996,0.459666,,neutral,8.7287,0,,8.7287
209425,7608.0,C.D. Izarra,0,824724,825091,"[""696be9efa25766a48d7911fa"", ""696be9efa25766a48d7911fb""]",0.17405899999999996,0.459666,0.16707399999999994,0.463273,left,home,0.7734,0,sideways,0.7734
209425,,,0,825091,826257,"[""696be9efa25766a48d7911fc""]",0.13564200000000004,0.591308,0.13564200000000004,0.591308,,neutral,0.0,0,,0.0
209425,7608.0,C.D. Izarra,0,826257,829425,"[""696be9efa25766a48d7911fd"", ""696be9efa25766a48d7911fe"", ""696be9efa25766a48d791200"", ""696be9efa25766a48d791201""]",0.13564200000000004,0.591308,0.06875699999999996,0.559267,left,home,6.0699,1,sideways,7.3531
209425,,,0,829425,879424,[],0.499033,0.507073,0.499033,0.507073,,ballout,0.0,0,,0.0
209425,12987.0,CD Subiza,0,879424,893794,"[""696be9efa25766a48d791203"", ""696be9efa25766a48d791204"", ""696be9efa25766a48d791205"", ""696be9efa25766a48d791206"", ""696be9efa25766a48d791207"", ""696be9efa25766a48d791208"", ""696be9efa25766a48d791209"", ""696be9efa25766a48d79120a"", ""696be9efa25766a48d79120b"", ""696be9efa25766a48d79120c"", ""696be9efa25766a48d79120d""]",0.499033,0.507073,0.521321,0.054651000000000005,right,away,66.9371,6,backward,30.8536
209425,,,0,893794,894991,"[""696be9efa25766a48d79120e""]",0.514725,0.04401900000000003,0.514725,0.04401900000000003,,neutral,0.0,0,,0.0
209425,12987.0,CD Subiza,0,894991,894991,"[""696be9efa25766a48d79120f""]",0.514725,0.04401900000000003,0.514725,0.04401900000000003,right,away,0.0,1,sideways,0.0
209425,,,0,894991,905991,[],0.513181,0.00822097,0.513181,0.00822097,,ballout,0.0,0,,0.0
209425,7608.0,C.D. Izarra,0,905991,907622,"[""696be9efa25766a48d791210"", ""696be9efa25766a48d791211""]",0.513181,0.00822097,0.317925,0.0605009,left,home,20.8078,2,sideways,20.8078
209425,,,0,907622,908117,[],0.323994,0.12914800000000004,0.323994,0.12914800000000004,,neutral,0.0,0,,0.0
209425,12987.0,CD Subiza,0,908117,912738,"[""696be9efa25766a48d791213"", ""696be9efa25766a48d791214"", ""696be9efa25766a48d791215"", ""696be9efa25766a48d791216"", ""696be9efa25766a48d791217""]",0.323994,0.12914800000000004,0.0544939,0.45793399999999995,right,away,27.0118,3,forward,36.0639
209425,,,0,912738,916091,[],0.34962099999999996,0.312341,0.34962099999999996,0.312341,,neutral,0.0,0,,0.0
209425,7608.0,C.D. Izarra,0,916091,916091,"[""696be9efa25766a48d791218""]",0.34962099999999996,0.312341,0.34962099999999996,0.312341,left,home,0.0,1,sideways,0.0
209425,,,0,916091,918457,"[""696be9efa25766a48d791219""]",0.227582,0.362459,0.44830099999999995,0.229156,,neutral,24.8851,0,,24.8851
209425,7608.0,C.D. Izarra,0,918457,918457,"[""696be9efa25766a48d79121a""]",0.44830099999999995,0.229156,0.44830099999999995,0.229156,left,home,0.0,1,sideways,0.0
209425,,,0,918457,920154,"[""696be9efa25766a48d79121b""]",0.251896,0.377104,0.251896,0.377104,,neutral,0.0,0,,0.0
209425,,,0,920154,944212,[],0.104257,0.394297,0.104257,0.394297,,ballout,0.0,0,,0.0
209425,12987.0,CD Subiza,0,944212,953657,"[""696be9efa25766a48d79121d"", ""696be9efa25766a48d79121e"", ""696be9efa25766a48d79121f"", ""696be9efa25766a48d791220"", ""696be9efa25766a48d791221""]",0.104257,0.394297,0.362958,0.303319,right,away,24.7174,3,sideways,27.8592
209425,,,0,953657,958839,"[""696be9efa25766a48d791222""]",0.923387,0.7389,0.923387,0.7389,,neutral,0.0,0,,0.0
209425,12987.0,CD Subiza,0,958839,959991,"[""696be9efa25766a48d791223"", ""696be9efa25766a48d791224""]",0.923387,0.7389,0.9202754,0.820329,right,away,5.5468,0,forward,5.5468
209425,,,0,959991,962089,[],0.76986,0.9584112,0.76986,0.9584112,,neutral,0.0,0,,0.0
209425,12987.0,CD Subiza,0,962089,996824,"[""696be9efa25766a48d791225"", ""696be9efa25766a48d791226"", ""696be9efa25766a48d791227"", ""696be9efa25766a48d791228"", ""696be9efa25766a48d791229"", ""696be9efa25766a48d79122a"", ""696be9efa25766a48d79122b"", ""696be9efa25766a48d79122c"", ""696be9efa25766a48d79122d"", ""696be9efa25766a48d79122e"", ""696be9efa25766a48d79122f"", ""696be9efa25766a48d791230"", ""696be9efa25766a48d791231"", ""696be9efa25766a48d791232"", ""696be9efa25766a48d791233"", ""696be9efa25766a48d791234"", ""696be9efa25766a48d791237"", ""696be9efa25766a48d791238"", ""696be9efa25766a48d791239"", ""696be9efa25766a48d79123a"", ""696be9efa25766a48d79123b"", ""696be9efa25766a48d79123c""]",0.76986,0.9584112,0.821896,0.50417,right,away,146.6818,11,backward,31.3679
209425,,,0,996824,1093024,[],0.9482148,0.508355,0.9482148,0.508355,,ballout,0.0,0,,0.0
209425,7608.0,C.D. Izarra,0,1093024,1093024,"[""696be9efa25766a48d79123e""]",0.9482148,0.508355,0.9482148,0.508355,left,home,0.0,1,sideways,0.0
209425,,,0,1093024,1099637,"[""696be9efa25766a48d79123f""]",0.547749,0.450649,0.547749,0.450649,,neutral,0.0,0,,0.0
209425,7608.0,C.D. Izarra,0,1099637,1107791,"[""696be9efa25766a48d791241"", ""696be9efa25766a48d791243"", ""696be9efa25766a48d791244"", ""696be9efa25766a48d791245""]",0.547749,0.450649,0.43249899999999997,0.966398,left,home,43.0965,3,forward,37.1
209425,,,0,1107791,1121354,[],0.194318,0.7316549999999999,0.194318,0.7316549999999999,,ballout,0.0,0,,0.0
209425,12987.0,CD Subiza,0,1121354,1137871,"[""696be9efa25766a48d791247"", ""696be9efa25766a48d791248"", ""696be9efa25766a48d791249"", ""696be9efa25766a48d79124a"", ""696be9efa25766a48d79124b"", ""696be9efa25766a48d79124c"", ""696be9efa25766a48d79124d"", ""696be9efa25766a48d79124e"", ""696be9efa25766a48d79124f"", ""696be9efa25766a48d791250"", ""696be9efa25766a48d791251""]",0.194318,0.7316549999999999,0.277546,0.09858,right,away,51.3302,6,backward,43.9271
209425,,,0,1137871,1145491,"[""696be9efa25766a48d791252""]",0.394584,0.0008599999999999719,0.394584,0.0008599999999999719,,ballout,0.0,0,,0.0
209425,12987.0,CD Subiza,0,1145491,1147971,"[""696be9efa25766a48d791253"", ""696be9efa25766a48d791254"", ""696be9efa25766a48d791255""]",0.394584,0.0008599999999999719,0.397777,0.23017299999999996,right,away,13.5517,1,forward,15.5969
209425,,,0,1147971,1150326,[],0.41387300000000005,0.40196,0.41387300000000005,0.40196,,neutral,0.0,0,,0.0
209425,7608.0,C.D. Izarra,0,1150326,1157924,"[""696be9efa25766a48d791256"", ""696be9efa25766a48d791257"", ""696be9efa25766a48d791258"", ""696be9efa25766a48d791259""]",0.41387300000000005,0.40196,0.04018200000000005,0.8041,left,home,12.4437,1,forward,47.8264
209425,,,0,1157924,1158396,"[""696be9efa25766a48d79125a""]",0.0385159,0.765377,0.0385159,0.765377,,neutral,0.0,0,,0.0
209425,,,0,1158396,1184886,[],0.0398307,0.380448,0.0398307,0.380448,,ballout,0.0,0,,0.0
209425,12987.0,CD Subiza,0,1184886,1197224,"[""696be9efa25766a48d79125b"", ""696be9efa25766a48d79125c"", ""696be9efa25766a48d79125d""]",0.0398307,0.380448,0.143701,0.5617110000000001,right,away,7.084,2,forward,16.4583
209425,,,0,1197224,1200191,[],0.49885500000000005,0.216218,0.49885500000000005,0.216218,,neutral,0.0,0,,0.0
209425,7608.0,C.D. Izarra,0,1200191,1201316,"[""696be9efa25766a48d79125e"", ""696be9efa25766a48d79125f""]",0.49885500000000005,0.216218,0.40878000000000003,0.184227,left,home,9.7048,2,sideways,9.7048
209425,,,0,1201316,1204994,"[""696be9efa25766a48d791261""]",0.378826,0.278556,0.38485100000000005,0.468212,,neutral,12.9121,0,,12.9121
209425,7608.0,C.D. Izarra,0,1204994,1205408,"[""696be9efa25766a48d791262""]",0.38485100000000005,0.468212,0.363538,0.568975,left,home,7.2081,0,forward,7.2081
209425,12987.0,CD Subiza,0,1205408,1208373,"[""696be9efa25766a48d791263"", ""696be9efa25766a48d791264"", ""696be9efa25766a48d791265""]",0.363538,0.568975,0.375648,0.7274419999999999,right,away,10.8505,0,forward,10.8505
209425,,,0,1208373,1211904,[],0.374918,0.68894,0.374918,0.68894,,ballout,0.0,0,,0.0
209425,12987.0,CD Subiza,0,1211904,1223274,"[""696be9efa25766a48d791266"", ""696be9efa25766a48d791267"", ""696be9efa25766a48d791268"", ""696be9efa25766a48d791269"", ""696be9efa25766a48d79126a"", ""696be9efa25766a48d79126b"", ""696be9efa25766a48d79126c""]",0.374918,0.68894,0.5565800000000001,0.0771581,right,away,79.0204,4,backward,45.7656
209425,7608.0,C.D. Izarra,0,1223274,1225391,"[""696be9efa25766a48d79126d"", ""696be9efa25766a48d79126e"", ""696be9efa25766a48d79126f"", ""696be9efa25766a48d791270"", ""696be9efa25766a48d791271""]",0.5565800000000001,0.0771581,0.6659379999999999,0.120914,left,home,4.6836,1,sideways,11.8618
209425,,,0,1225391,1247566,[],0.652048,0.15371,0.652048,0.15371,,ballout,0.0,0,,0.0
209425,7608.0,C.D. Izarra,0,1247566,1268744,"[""696be9efa25766a48d791272"", ""696be9efa25766a48d791273"", ""696be9efa25766a48d791274"", ""696be9efa25766a48d791275"", ""696be9efa25766a48d791276"", ""696be9efa25766a48d791277"", ""696be9efa25766a48d791278"", ""696be9efa25766a48d791279"", ""696be9efa25766a48d79127a""]",0.652048,0.15371,0.011673999999999962,0.744275,left,home,87.9232,3,forward,78.3187
209425,,,0,1268744,1272894,"[""696be9efa25766a48d79127c"", ""696be9efa25766a48d79127d""]",0.0345715,0.5698570000000001,0.137127,0.9120163,,neutral,25.6379,0,,25.6379
209425,12987.0,CD Subiza,0,1272894,1274529,"[""696be9efa25766a48d79127e"", ""696be9efa25766a48d79127f"", ""696be9efa25766a48d791280""]",0.137127,0.9120163,0.176349,0.9396847,right,away,4.5277,0,forward,4.5277
209425,,,0,1274529,1287187,[],0.234235,0.9453179,0.234235,0.9453179,,ballout,0.0,0,,0.0
209425,12987.0,CD Subiza,0,1287187,1292024,"[""696be9efa25766a48d791281"", ""696be9efa25766a48d791282"", ""696be9efa25766a48d791283"", ""696be9efa25766a48d791284""]",0.234235,0.9453179,0.279676,0.84143,right,away,19.1,3,backward,8.5247
209425,,,0,1292024,1322581,[],0.12050799999999995,1.0,0.12050799999999995,1.0,,ballout,0.0,0,,0.0
209425,7608.0,C.D. Izarra,0,1322581,1324457,"[""696be9efa25766a48d791285"", ""696be9efa25766a48d791286""]",0.12050799999999995,1.0,0.047804999999999986,0.67928,left,home,23.1064,2,backward,23.1064
209425,,,0,1324457,1326205,"[""696be9efa25766a48d791288""]",0.0664295,0.560865,0.0664295,0.560865,,neutral,0.0,0,,0.0
209425,,,0,1326205,1348091,[],0.268355,0.0,0.268355,0.0,,ballout,0.0,0,,0.0
209425,7608.0,C.D. Izarra,0,1348091,1354029,"[""696be9efa25766a48d791289"", ""696be9efa25766a48d79128a"", ""696be9efa25766a48d79128d""]",0.268355,0.0,0.0556118,0.043066999999999966,left,home,17.9849,1,sideways,22.5292
209425,,,0,1354029,1367818,"[""696be9efa25766a48d79128e""]",0.133174,0.0,0.133174,0.0,,ballout,0.0,0,,0.0
209425,12987.0,CD Subiza,0,1367818,1368872,"[""696be9efa25766a48d79128f"", ""696be9efa25766a48d791290""]",0.133174,0.0,0.0537743,0.07206500000000005,right,away,9.6705,2,forward,9.6705
209425,,,0,1368872,1370518,[],0.32250999999999996,0.197931,0.32250999999999996,0.197931,,neutral,0.0,0,,0.0
209425,7608.0,C.D. Izarra,0,1370518,1371550,"[""696be9efa25766a48d791291"", ""696be9efa25766a48d791292""]",0.32250999999999996,0.197931,0.256766,0.21456399999999998,left,home,4.6983,1,sideways,6.9952
209425,12987.0,CD Subiza,0,1371550,1372797,"[""696be9efa25766a48d791293"", ""696be9efa25766a48d791294""]",0.256766,0.21456399999999998,0.202879,0.19952199999999998,right,away,5.7498,1,sideways,5.7498
209425,,,0,1372797,1394299,[],0.17638699999999996,0.0,0.17638699999999996,0.0,,ballout,0.0,0,,0.0
209425,7608.0,C.D. Izarra,0,1394299,1394299,"[""696be9efa25766a48d791295""]",0.17638699999999996,0.0,0.17638699999999996,0.0,left,home,0.0,1,sideways,0.0
209425,,,0,1394299,1397577,"[""696be9efa25766a48d791296""]",0.0563762,0.37640399999999996,0.0378639,0.487399,,neutral,7.7939,0,,7.7939
209425,12987.0,CD Subiza,0,1397577,1401391,"[""696be9efa25766a48d791297"", ""696be9efa25766a48d791298""]",0.0378639,0.487399,0.119902,0.595152,right,away,11.3088,1,forward,11.3088
209425,,,0,1401391,1404657,[],0.543093,0.477699,0.543093,0.477699,,neutral,0.0,0,,0.0
209425,7608.0,C.D. Izarra,0,1404657,1406449,"[""696be9efa25766a48d791299"", ""696be9efa25766a48d79129a""]",0.543093,0.477699,0.40232,0.344164,left,home,17.3475,2,backward,17.3475
209425,,,0,1406449,1407923,[],0.310952,0.502518,0.310952,0.502518,,neutral,0.0,0,,0.0
209425,12987.0,CD Subiza,0,1407923,1407923,"[""696be9efa25766a48d79129b""]",0.310952,0.502518,0.310952,0.502518,right,away,0.0,1,sideways,0.0
209425,,,0,1407923,1409474,[],0.413826,0.291651,0.413826,0.291651,,neutral,0.0,0,,0.0
209425,7608.0,C.D. Izarra,0,1409474,1412347,"[""696be9efa25766a48d79129c"", ""696be9efa25766a48d79129d"", ""696be9efa25766a48d79129e"", ""696be9efa25766a48d79129f"", ""696be9efa25766a48d7912a0""]",0.413826,0.291651,0.538481,0.339858,left,home,14.9334,4,sideways,13.493
209425,,,0,1412347,1423588,[],0.196684,0.20024799999999998,0.196684,0.20024799999999998,,ballout,0.0,0,,0.0
209425,12987.0,CD Subiza,0,1423588,1451706,"[""696be9efa25766a48d7912a2"", ""696be9efa25766a48d7912a3"", ""696be9efa25766a48d7912a4"", ""696be9efa25766a48d7912a5"", ""696be9efa25766a48d7912a6"", ""696be9efa25766a48d7912a7"", ""696be9efa25766a48d7912a8"", ""696be9efa25766a48d7912a9"", ""696be9efa25766a48d7912aa"", ""696be9efa25766a48d7912ab"", ""696be9efa25766a48d7912ac"", ""696be9efa25766a48d7912ad"", ""696be9efa25766a48d7912ae"", ""696be9efa25766a48d7912af"", ""696be9efa25766a48d7912b0"", ""696be9efa25766a48d7912b2"", ""696be9efa25766a48d7912b3"", ""696be9efa25766a48d7912b4"", ""696be9efa25766a48d7912b5""]",0.196684,0.20024799999999998,0.752981,0.22579000000000005,right,away,108.3189,9,sideways,58.437
209425,,,0,1451706,1452157,"[""696be9efa25766a48d7912b6""]",0.793384,0.218021,0.793384,0.218021,,neutral,0.0,0,,0.0
209425,,,0,1452157,1466203,[],0.749586,0.0,0.749586,0.0,,ballout,0.0,0,,0.0
209425,12987.0,CD Subiza,0,1466203,1471257,"[""696be9efa25766a48d7912b7"", ""696be9efa25766a48d7912b8"", ""696be9efa25766a48d7912b9"", ""696be9efa25766a48d7912ba"", ""696be9efa25766a48d7912bb"", ""696be9efa25766a48d7912bc""]",0.749586,0.0,0.873424,0.048065000000000024,right,away,29.1461,4,sideways,13.4075
209425,,,0,1471257,1472691,"[""696be9efa25766a48d7912bd""]",0.9563638,0.0268696,0.9563638,0.0268696,,neutral,0.0,0,,0.0
209425,,,0,1472691,1499769,[],0.9563638,0.519175,0.9563638,0.519175,,ballout,0.0,0,,0.0
209425,7608.0,C.D. Izarra,0,1499769,1499769,"[""696be9efa25766a48d7912be""]",0.9563638,0.519175,0.9563638,0.519175,left,home,0.0,1,sideways,0.0
209425,,,0,1499769,1512345,[],0.206719,0.0,0.206719,0.0,,ballout,0.0,0,,0.0
209425,12987.0,CD Subiza,0,1512345,1541661,"[""696be9efa25766a48d7912bf"", ""696be9efa25766a48d7912c0"", ""696be9efa25766a48d7912c1"", ""696be9efa25766a48d7912c2"", ""696be9efa25766a48d7912c3"", ""696be9efa25766a48d7912c4"", ""696be9efa25766a48d7912c5"", ""696be9efa25766a48d7912c6"", ""696be9efa25766a48d7912c7"", ""696be9efa25766a48d7912c8"", ""696be9efa25766a48d7912ca"", ""696be9efa25766a48d7912cb""]",0.206719,0.0,0.578399,0.773869,right,away,99.0381,6,forward,65.5153
209425,,,0,1541661,1594957,[],0.59789,0.798785,0.59789,0.798785,,ballout,0.0,0,,0.0
209425,12987.0,CD Subiza,0,1594957,1596057,"[""696be9efa25766a48d7912cc"", ""696be9efa25766a48d7912cd""]",0.59789,0.798785,0.712362,0.594087,right,away,18.3908,2,backward,18.3908
209425,,,0,1596057,1596833,[],0.787563,0.681474,0.787563,0.681474,,neutral,0.0,0,,0.0
209425,7608.0,C.D. Izarra,0,1596833,1605169,"[""696be9efa25766a48d7912ce"", ""696be9efa25766a48d7912cf"", ""696be9efa25766a48d7912d0"", ""696be9efa25766a48d7912d1"", ""696be9efa25766a48d7912d2"", ""696be9efa25766a48d7912d3""]",0.787563,0.681474,0.641857,0.9405212000000001,left,home,44.5043,2,forward,23.3315
209425,,,0,1605169,1612118,[],0.584059,1.0,0.584059,1.0,,ballout,0.0,0,,0.0
209425,12987.0,CD Subiza,0,1612118,1621729,"[""696be9efa25766a48d7912d4"", ""696be9efa25766a48d7912d5"", ""696be9efa25766a48d7912d6"", ""696be9efa25766a48d7912d7"", ""696be9efa25766a48d7912d8"", ""696be9efa25766a48d7912d9"", ""696be9efa25766a48d7912da"", ""696be9efa25766a48d7912db"", ""696be9efa25766a48d7912dc"", ""696be9efa25766a48d7912dd""]",0.584059,1.0,0.506704,0.369274,right,away,45.9627,6,backward,43.6517
209425,,,0,1621729,1640591,[],0.711894,0.78246,0.711894,0.78246,,ballout,0.0,0,,0.0
209425,7608.0,C.D. Izarra,0,1640591,1640591,"[""696be9efa25766a48d7912df""]",0.711894,0.78246,0.711894,0.78246,left,home,0.0,1,sideways,0.0
209425,,,0,1640591,1643291,[],0.249799,0.9126318,0.249799,0.9126318,,neutral,0.0,0,,0.0
209425,12987.0,CD Subiza,0,1643291,1645825,"[""696be9efa25766a48d7912e0"", ""696be9efa25766a48d7912e1"", ""696be9efa25766a48d7912e2""]",0.249799,0.9126318,0.411382,0.8600909999999999,right,away,17.6618,2,sideways,17.3383
209425,,,0,1645825,1647447,[],0.375456,0.778853,0.375456,0.778853,,neutral,0.0,0,,0.0
209425,7608.0,C.D. Izarra,0,1647447,1652986,"[""696be9efa25766a48d7912e3"", ""696be9efa25766a48d7912e4"", ""696be9efa25766a48d7912e5""]",0.375456,0.778853,0.18569999999999998,0.971808,left,home,25.0421,1,forward,23.8567
209425,,,0,1652986,1654058,"[""696be9efa25766a48d7912e6""]",0.0554486,0.592103,0.0554486,0.592103,,neutral,0.0,0,,0.0
209425,,,0,1654058,1665891,[],0.32889,1.0,0.32889,1.0,,ballout,0.0,0,,0.0
209425,7608.0,C.D. Izarra,0,1665891,1665891,"[""696be9efa25766a48d7912e7""]",0.32889,1.0,0.32889,1.0,left,home,0.0,1,sideways,0.0
209425,,,0,1665891,1669223,"[""696be9efa25766a48d7912e8"", ""696be9efa25766a48d7912e9"", ""696be9efa25766a48d7912ea""]",0.157428,0.915148,0.22259,0.834623,,neutral,8.7634,0,,8.7634
209425,,,0,1669223,1683309,[],0.218343,0.827782,0.218343,0.827782,,ballout,0.0,0,,0.0
209425,12987.0,CD Subiza,0,1683309,1721097,"[""696be9efa25766a48d7912eb"", ""696be9efa25766a48d7912ec"", ""696be9efa25766a48d7912ed"", ""696be9efa25766a48d7912ee"", ""696be9efa25766a48d7912ef"", ""696be9efa25766a48d7912f0"", ""696be9efa25766a48d7912f1"", ""696be9efa25766a48d7912f2"", ""696be9efa25766a48d7912f3"", ""696be9efa25766a48d7912f4"", ""696be9efa25766a48d7912f5"", ""696be9efa25766a48d7912f6"", ""696be9efa25766a48d7912f7"", ""696be9efa25766a48d7912f8"", ""696be9efa25766a48d7912f9"", ""696be9efa25766a48d7912fa"", ""696be9efa25766a48d7912fb"", ""696be9efa25766a48d7912fc"", ""696be9efa25766a48d7912fe"", ""696be9efa25766a48d7912ff""]",0.218343,0.827782,0.740251,0.968741,right,away,143.4541,10,sideways,55.6323
209425,,,0,1721097,1743296,[],0.722371,0.997055,0.722371,0.997055,,ballout,0.0,0,,0.0
209425,7608.0,C.D. Izarra,0,1743296,1746442,"[""696be9efa25766a48d791300"", ""696be9efa25766a48d791301"", ""696be9efa25766a48d791303""]",0.722371,0.997055,0.590928,0.764135,left,home,19.246,2,backward,21.0081
209425,,,0,1746442,1756646,[],0.480924,0.0,0.480924,0.0,,ballout,0.0,0,,0.0
209425,12987.0,CD Subiza,0,1756646,1781124,"[""696be9efa25766a48d791304"", ""696be9efa25766a48d791305"", ""696be9efa25766a48d791306"", ""696be9efa25766a48d791307"", ""696be9efa25766a48d791308"", ""696be9efa25766a48d791309"", ""696be9efa25766a48d79130a"", ""696be9efa25766a48d79130b"", ""696be9efa25766a48d79130c"", ""696be9efa25766a48d79130d"", ""696be9efa25766a48d79130e"", ""696be9efa25766a48d79130f"", ""696be9efa25766a48d791310"", ""696be9efa25766a48d791311"", ""696be9efa25766a48d791312""]",0.480924,0.0,0.622622,0.516322,right,away,99.2781,8,forward,38.1322
209425,,,0,1781124,1816391,[],0.8038609999999999,0.677867,0.8038609999999999,0.677867,,ballout,0.0,0,,0.0
209425,7608.0,C.D. Izarra,0,1816391,1819757,"[""696be9efa25766a48d791314"", ""696be9efa25766a48d791315""]",0.8038609999999999,0.677867,0.18183700000000003,0.329025,left,home,69.4869,2,sideways,69.4869
209425,,,0,1819757,1821701,[],0.0569584,0.44833999999999996,0.0569584,0.44833999999999996,,neutral,0.0,0,,0.0
209425,12987.0,CD Subiza,0,1821701,1835976,"[""696be9efa25766a48d791316"", ""696be9efa25766a48d791317"", ""696be9efa25766a48d791318"", ""696be9efa25766a48d791319"", ""696be9efa25766a48d79131a"", ""696be9efa25766a48d79131b""]",0.0569584,0.44833999999999996,0.309174,0.701623,right,away,29.4465,3,forward,31.5907
209425,,,0,1835976,1842192,"[""696be9efa25766a48d79131c""]",0.7212069999999999,0.333434,0.743618,0.06165299999999996,,neutral,18.6303,0,,18.6303
209425,12987.0,CD Subiza,0,1842192,1849924,"[""696be9efa25766a48d79131d"", ""696be9efa25766a48d79131e""]",0.743618,0.06165299999999996,0.881292,0.040012999999999965,right,away,14.5305,1,sideways,14.5305
209425,,,0,1849924,1850540,[],0.896992,0.189168,0.896992,0.189168,,neutral,0.0,0,,0.0
209425,7608.0,C.D. Izarra,0,1850540,1851195,"[""696be9efa25766a48d79131f"", ""696be9efa25766a48d791320""]",0.896992,0.189168,0.9126067,0.162925,left,home,2.4234,2,backward,2.4234
209425,,,0,1851195,1854659,"[""696be9efa25766a48d791321""]",0.613294,0.249023,0.7168950000000001,0.340038,,neutral,12.5155,0,,12.5155
209425,7608.0,C.D. Izarra,0,1854659,1855515,"[""696be9efa25766a48d791322"", ""696be9efa25766a48d791323""]",0.7168950000000001,0.340038,0.68535,0.404312,left,home,5.4839,1,forward,5.4839
209425,,,0,1855515,1883320,[],0.208278,0.0,0.208278,0.0,,ballout,0.0,0,,0.0
209425,12987.0,CD Subiza,0,1883320,1895443,"[""696be9efa25766a48d791324"", ""696be9efa25766a48d791325"", ""696be9efa25766a48d791326"", ""696be9efa25766a48d791327"", ""696be9efa25766a48d791328"", ""696be9efa25766a48d791329""]",0.208278,0.0,0.911553,0.31374199999999997,right,away,40.6955,2,sideways,76.864
209425,,,0,1895443,1896197,[],0.9645129,0.457863,0.9645129,0.457863,,neutral,0.0,0,,0.0
209425,7608.0,C.D. Izarra,0,1896197,1902524,"[""696be9efa25766a48d79132a"", ""696be9efa25766a48d79132b""]",0.9645129,0.457863,0.860904,0.520979,left,home,11.6949,1,forward,11.6949
209425,,,0,1902524,1915275,[],0.163423,1.0,0.163423,1.0,,ballout,0.0,0,,0.0
209425,12987.0,CD Subiza,0,1915275,1946894,"[""696be9efa25766a48d79132c"", ""696be9efa25766a48d79132d"", ""696be9efa25766a48d79132e"", ""696be9efa25766a48d79132f"", ""696be9efa25766a48d791330"", ""696be9efa25766a48d791331"", ""696be9efa25766a48d791332"", ""696be9efa25766a48d791333"", ""696be9efa25766a48d791334"", ""696be9efa25766a48d791335"", ""696be9efa25766a48d791336"", ""696be9efa25766a48d791337"", ""696be9efa25766a48d791338"", ""696be9efa25766a48d791339"", ""696be9efa25766a48d79133a"", ""696be9efa25766a48d79133b"", ""696be9efa25766a48d79133c""]",0.163423,1.0,0.723535,0.878036,right,away,102.0953,8,sideways,59.3937
209425,,,0,1946894,1948508,[],0.823461,0.9568228,0.823461,0.9568228,,neutral,0.0,0,,0.0
209425,12987.0,CD Subiza,0,1948508,1950117,"[""696be9efa25766a48d79133d""]",0.823461,0.9568228,0.855083,0.984431,right,away,3.8143,0,forward,3.8143
209425,7608.0,C.D. Izarra,0,1950117,1952765,"[""696be9efa25766a48d79133e"", ""696be9efa25766a48d79133f"", ""696be9efa25766a48d791340""]",0.855083,0.984431,0.9289237,0.913986,left,home,4.1549,1,backward,9.1137
209425,,,0,1952765,1968057,"[""696be9efa25766a48d791341""]",0.805025,1.0,0.805025,1.0,,ballout,0.0,0,,0.0
209425,7608.0,C.D. Izarra,0,1968057,1968057,"[""696be9efa25766a48d791342""]",0.805025,1.0,0.805025,1.0,left,home,0.0,1,sideways,0.0
209425,,,0,1968057,1972466,"[""696be9efa25766a48d791343""]",0.561528,0.883334,0.61665,0.9661122,,neutral,8.0736,0,,8.0736
209425,12987.0,CD Subiza,0,1972466,1983857,"[""696be9efa25766a48d791345"", ""696be9efa25766a48d791346"", ""696be9efa25766a48d791347"", ""696be9efa25766a48d791348"", ""696be9efa25766a48d791349""]",0.61665,0.9661122,0.556042,0.7085870000000001,right,away,29.1306,3,backward,18.6322
209425,,,0,1983857,1987700,"[""696be9efa25766a48d79134a""]",0.8131740000000001,0.272121,0.686042,0.346263,,neutral,14.2692,0,,14.2692
209425,12987.0,CD Subiza,0,1987700,1989868,"[""696be9efa25766a48d79134b"", ""696be9efa25766a48d79134c""]",0.686042,0.346263,0.694167,0.5263439999999999,right,away,12.2752,2,forward,12.2752
209425,,,0,1989868,1991753,[],0.630555,0.753303,0.630555,0.753303,,neutral,0.0,0,,0.0
209425,7608.0,C.D. Izarra,0,1991753,1994317,"[""696be9efa25766a48d79134d"", ""696be9efa25766a48d79134e"", ""696be9efa25766a48d791350"", ""696be9efa25766a48d791351""]",0.630555,0.753303,0.71655,0.751803,left,home,9.1942,2,sideways,9.0301
209425,,,0,1994317,1998771,[],0.11581,0.352618,0.11581,0.352618,,neutral,0.0,0,,0.0
209425,12987.0,CD Subiza,0,1998771,2016002,"[""696be9efa25766a48d791352"", ""696be9efa25766a48d791353"", ""696be9efa25766a48d791354"", ""696be9efa25766a48d791355"", ""696be9efa25766a48d791356"", ""696be9efa25766a48d791357"", ""696be9efa25766a48d791358"", ""696be9efa25766a48d791359"", ""696be9efa25766a48d79135a"", ""696be9efa25766a48d79135b"", ""696be9efa25766a48d79135c"", ""696be9efa25766a48d79135d""]",0.11581,0.352618,0.614105,0.73377,right,away,71.1634,5,forward,58.3887
209425,,,0,2016002,2016940,[],0.593151,0.72295,0.593151,0.72295,,neutral,0.0,0,,0.0
209425,7608.0,C.D. Izarra,0,2016940,2023057,"[""696be9efa25766a48d79135e"", ""696be9efa25766a48d79135f"", ""696be9efa25766a48d791360"", ""696be9efa25766a48d791361""]",0.593151,0.72295,0.669984,0.795083,left,home,8.8597,2,forward,9.4416
209425,,,0,2023057,2024988,[],0.570499,0.372027,0.570499,0.372027,,neutral,0.0,0,,0.0
209425,12987.0,CD Subiza,0,2024988,2037598,"[""696be9efa25766a48d791362"", ""696be9efa25766a48d791363"", ""696be9efa25766a48d791364"", ""696be9efa25766a48d791365"", ""696be9efa25766a48d791366"", ""696be9efa25766a48d791367""]",0.570499,0.372027,0.981174,0.15958000000000006,right,away,40.4518,2,sideways,45.4765
209425,,,0,2037598,2044711,"[""696be9efa25766a48d791368"", ""696be9efa25766a48d791369""]",0.9352207,0.150306,0.190096,0.32546200000000003,,neutral,79.1395,0,,79.1395
209425,12987.0,CD Subiza,0,2044711,2057757,"[""696be9efa25766a48d79136a"", ""696be9efa25766a48d79136b"", ""696be9efa25766a48d79136c"", ""696be9efa25766a48d79136d"", ""696be9efa25766a48d79136e"", ""696be9efa25766a48d79136f"", ""696be9efa25766a48d791370"", ""696be9efa25766a48d791371""]",0.190096,0.32546200000000003,0.536106,0.775331,right,away,35.9561,4,forward,47.4948
209425,,,0,2057757,2060535,"[""696be9efa25766a48d791372""]",0.651978,0.792413,0.651978,0.792413,,neutral,0.0,0,,0.0
209425,12987.0,CD Subiza,0,2060535,2101184,"[""696be9efa25766a48d791373"", ""696be9efa25766a48d791375"", ""696be9efa25766a48d791376"", ""696be9efa25766a48d791377"", ""696be9efa25766a48d791378"", ""696be9efa25766a48d791379"", ""696be9efa25766a48d79137a"", ""696be9efa25766a48d79137b"", ""696be9efa25766a48d79137c"", ""696be9efa25766a48d79137d"", ""696be9efa25766a48d79137e"", ""696be9efa25766a48d79137f"", ""696be9efa25766a48d791380"", ""696be9efa25766a48d791381"", ""696be9efa25766a48d791382"", ""696be9efa25766a48d791383"", ""696be9efa25766a48d791384"", ""696be9efa25766a48d791385"", ""696be9efa25766a48d791386"", ""696be9efa25766a48d791388"", ""696be9efa25766a48d791389"", ""696be9efa25766a48d79138a"", ""696be9efa25766a48d79138b"", ""696be9efa25766a48d79138c""]",0.651978,0.792413,0.7345,0.318651,right,away,142.8572,13,backward,33.3607
209425,,,0,2101184,2101624,[],0.799204,0.306384,0.799204,0.306384,,neutral,0.0,0,,0.0
209425,7608.0,C.D. Izarra,0,2101624,2102646,"[""696be9efa25766a48d79138d"", ""696be9efa25766a48d79138e""]",0.799204,0.306384,0.799204,0.306384,left,home,0.0,1,sideways,0.0
209425,,,0,2102646,2105376,[],0.425778,0.536172,0.425778,0.536172,,neutral,0.0,0,,0.0
209425,12987.0,CD Subiza,0,2105376,2129517,"[""696be9efa25766a48d79138f"", ""696be9efa25766a48d791390"", ""696be9efa25766a48d791391"", ""696be9efa25766a48d791392"", ""696be9efa25766a48d791393"", ""696be9efa25766a48d791394"", ""696be9efa25766a48d791395"", ""696be9efa25766a48d791396"", ""696be9efa25766a48d791397"", ""696be9efa25766a48d791398"", ""696be9efa25766a48d791399"", ""696be9efa25766a48d79139a"", ""696be9efa25766a48d79139b"", ""696be9efa25766a48d79139c"", ""696be9efa25766a48d79139d""]",0.425778,0.536172,0.718944,0.709082,right,away,102.3513,8,forward,32.9516
209425,,,0,2129517,2130019,[],0.751474,0.659834,0.751474,0.659834,,neutral,0.0,0,,0.0
209425,7608.0,C.D. Izarra,0,2130019,2133124,"[""696be9efa25766a48d79139e"", ""696be9efa25766a48d79139f"", ""696be9efa25766a48d7913a0"", ""696be9efa25766a48d7913a1"", ""696be9efa25766a48d7913a2""]",0.751474,0.659834,0.731684,0.748197,left,home,15.4608,3,forward,6.3578
209425,,,0,2133124,2139532,[],0.0920732,0.896513,0.0920732,0.896513,,neutral,0.0,0,,0.0
209425,12987.0,CD Subiza,0,2139532,2184855,"[""696be9efa25766a48d7913a3"", ""696be9efa25766a48d7913a4"", ""696be9efa25766a48d7913a5"", ""696be9efa25766a48d7913a6"", ""696be9efa25766a48d7913a7"", ""696be9efa25766a48d7913a8"", ""696be9efa25766a48d7913a9"", ""696be9efa25766a48d7913aa"", ""696be9efa25766a48d7913ab"", ""696be9efa25766a48d7913ac"", ""696be9efa25766a48d7913ad"", ""696be9efa25766a48d7913ae"", ""696be9efa25766a48d7913af"", ""696be9efa25766a48d7913b0"", ""696be9efa25766a48d7913b1"", ""696be9efa25766a48d7913b2"", ""696be9efa25766a48d7913b3"", ""696be9efa25766a48d7913b4"", ""696be9efa25766a48d7913b5"", ""696be9efa25766a48d7913b6"", ""696be9efa25766a48d7913b7"", ""696be9efa25766a48d7913b8"", ""696be9efa25766a48d7913b9"", ""696be9efa25766a48d7913ba"", ""696be9efa25766a48d7913bb"", ""696be9efa25766a48d7913bc"", ""696be9efa25766a48d7913bd"", ""696be9efa25766a48d7913be""]",0.0920732,0.896513,0.649592,0.03326499999999999,right,away,196.7477,15,backward,82.9015
209425,,,0,2184855,2186519,"[""696be9efa25766a48d7913bf""]",0.630699,0.00643694,0.630699,0.00643694,,neutral,0.0,0,,0.0
209425,7608.0,C.D. Izarra,0,2186519,2189757,"[""696be9efa25766a48d7913c0"", ""696be9efa25766a48d7913c1""]",0.630699,0.00643694,0.43164,0.135539,left,home,22.67,1,forward,22.67
209425,,,0,2189757,2194991,[],0.184102,0.18081499999999995,0.184102,0.18081499999999995,,ballout,0.0,0,,0.0
209425,12987.0,CD Subiza,0,2194991,2210693,"[""696be9efa25766a48d7913c3"", ""696be9efa25766a48d7913c4"", ""696be9efa25766a48d7913c5"", ""696be9efa25766a48d7913c6"", ""696be9efa25766a48d7913c7"", ""696be9efa25766a48d7913c8"", ""696be9efa25766a48d7913c9"", ""696be9efa25766a48d7913ca"", ""696be9efa25766a48d7913cb""]",0.184102,0.18081499999999995,0.51951,0.271176,right,away,69.4704,5,sideways,35.7498
209425,,,0,2210693,2212267,"[""696be9efa25766a48d7913cc""]",0.446611,0.38468199999999997,0.446611,0.38468199999999997,,neutral,0.0,0,,0.0
209425,12987.0,CD Subiza,0,2212267,2219616,"[""696be9efa25766a48d7913cd"", ""696be9efa25766a48d7913ce"", ""696be9efa25766a48d7913cf"", ""696be9efa25766a48d7913d0"", ""696be9efa25766a48d7913d1"", ""696be9efa25766a48d7913d2""]",0.446611,0.38468199999999997,0.618762,0.715737,right,away,25.4254,2,forward,28.8707
209425,,,0,2219616,2220495,[],0.675335,0.646414,0.675335,0.646414,,neutral,0.0,0,,0.0
209425,12987.0,CD Subiza,0,2220495,2222791,"[""696be9efa25766a48d7913d3"", ""696be9efa25766a48d7913d4""]",0.675335,0.646414,0.799333,0.748237,right,away,14.7464,0,forward,14.7464
209425,,,0,2222791,2227524,"[""696be9efa25766a48d7913d5"", ""696be9efa25766a48d7913d6""]",0.865561,0.425403,0.7770859999999999,0.236054,,neutral,15.8772,0,,15.8772
209425,,,0,2227524,2237954,[],0.548733,0.0,0.548733,0.0,,ballout,0.0,0,,0.0
209425,12987.0,CD Subiza,0,2237954,2246319,"[""696be9efa25766a48d7913d7"", ""696be9efa25766a48d7913d8"", ""696be9efa25766a48d7913d9"", ""696be9efa25766a48d7913da"", ""696be9efa25766a48d7913db""]",0.548733,0.0,0.690939,0.630981,right,away,35.1004,2,forward,45.4306
209425,,,0,2246319,2247533,[],0.683954,0.585898,0.683954,0.585898,,neutral,0.0,0,,0.0
209425,7608.0,C.D. Izarra,0,2247533,2258457,"[""696be9efa25766a48d7913dc"", ""696be9efa25766a48d7913dd"", ""696be9efa25766a48d7913de"", ""696be9efa25766a48d7913df""]",0.683954,0.585898,0.163582,0.832953,left,home,13.5509,1,sideways,57.1634
209425,,,0,2258457,2262324,"[""696be9efa25766a48d7913e0""]",0.025352,0.49468599999999996,0.22178900000000001,0.634588,,neutral,22.7141,0,,22.7141
209425,7608.0,C.D. Izarra,0,2262324,2262324,"[""696be9efa25766a48d7913e1""]",0.22178900000000001,0.634588,0.22178900000000001,0.634588,left,home,0.0,0,sideways,0.0
209425,,,0,2262324,2264091,"[""696be9efa25766a48d7913e2""]",0.392918,0.746393,0.392918,0.746393,,neutral,0.0,0,,0.0
209425,7608.0,C.D. Izarra,0,2264091,2272357,"[""696be9efa25766a48d7913e3"", ""696be9efa25766a48d7913e5"", ""696be9efa25766a48d7913e6"", ""696be9efa25766a48d7913e7"", ""696be9efa25766a48d7913e8"", ""696be9efa25766a48d7913e9""]",0.392918,0.746393,0.09140499999999996,0.102609,left,home,50.0654,3,backward,54.0253
209425,,,0,2272357,2275652,"[""696be9efa25766a48d7913ea""]",0.0533735,0.44575200000000004,0.23343000000000003,0.30999,,neutral,21.0395,0,,21.0395
209425,7608.0,C.D. Izarra,0,2275652,2276998,"[""696be9efa25766a48d7913eb"", ""696be9efa25766a48d7913ec""]",0.23343000000000003,0.30999,0.221547,0.42915099999999995,left,home,8.1984,0,forward,8.1984
209425,,,0,2276998,2280433,[],0.495363,0.306384,0.495363,0.306384,,neutral,0.0,0,,0.0
209425,7608.0,C.D. Izarra,0,2280433,2284557,"[""696be9efa25766a48d7913ed"", ""696be9efa25766a48d7913ee"", ""696be9efa25766a48d7913ef""]",0.495363,0.306384,0.8318,0.466879,left,home,36.2926,2,sideways,36.9733
209425,,,0,2284557,2299584,[],0.0503493,1.0,0.0503493,1.0,,ballout,0.0,0,,0.0
209425,12987.0,CD Subiza,0,2299584,2322957,"[""696be9efa25766a48d7913f0"", ""696be9efa25766a48d7913f1"", ""696be9efa25766a48d7913f2"", ""696be9efa25766a48d7913f3"", ""696be9efa25766a48d7913f4"", ""696be9efa25766a48d7913f5"", ""696be9efa25766a48d7913f6""]",0.0503493,1.0,0.451779,0.814114,right,away,44.1184,4,sideways,44.0046
209425,,,0,2322957,2323791,[],0.585002,0.759017,0.585002,0.759017,,neutral,0.0,0,,0.0
209425,7608.0,C.D. Izarra,0,2323791,2327691,"[""696be9efa25766a48d7913f7"", ""696be9efa25766a48d7913f8"", ""696be9efa25766a48d7913f9"", ""696be9efa25766a48d7913fa"", ""696be9efa25766a48d7913fb""]",0.585002,0.759017,0.51981,0.917709,left,home,25.7356,4,forward,12.779
209425,,,0,2327691,2334624,"[""696be9efa25766a48d7913fc""]",0.160583,0.640234,0.30910000000000004,0.3695,,neutral,24.1269,0,,24.1269
209425,7608.0,C.D. Izarra,0,2334624,2359457,"[""696be9efa25766a48d7913fd"", ""696be9efa25766a48d7913fe"", ""696be9efa25766a48d7913ff"", ""696be9efa25766a48d791400"", ""696be9efa25766a48d791401"", ""696be9efa25766a48d791402"", ""696be9efa25766a48d791403"", ""696be9efa25766a48d791404"", ""696be9efa25766a48d791405"", ""696be9efa25766a48d791407"", ""696be9efa25766a48d791408""]",0.30910000000000004,0.3695,0.030869000000000035,0.225235,left,home,98.3605,5,sideways,30.8174
209425,,,0,2359457,2382874,[],0.0477196,0.42281100000000005,0.0477196,0.42281100000000005,,ballout,0.0,0,,0.0
209425,12987.0,CD Subiza,0,2382874,2414957,"[""696be9efa25766a48d791409"", ""696be9efa25766a48d79140a"", ""696be9efa25766a48d79140b"", ""696be9efa25766a48d79140c"", ""696be9efa25766a48d79140d"", ""696be9efa25766a48d79140e"", ""696be9efa25766a48d79140f"", ""696be9efa25766a48d791410"", ""696be9efa25766a48d791411"", ""696be9efa25766a48d791412"", ""696be9efa25766a48d791413"", ""696be9efa25766a48d791414"", ""696be9efa25766a48d791415"", ""696be9efa25766a48d791416"", ""696be9efa25766a48d791417"", ""696be9efa25766a48d791418"", ""696be9efa25766a48d791419""]",0.0477196,0.42281100000000005,0.566855,0.36761999999999995,right,away,147.5798,9,sideways,54.6383
209425,,,0,2414957,2416256,[],0.685118,0.667047,0.685118,0.667047,,neutral,0.0,0,,0.0
209425,7608.0,C.D. Izarra,0,2416256,2417424,"[""696be9efa25766a48d79141a"", ""696be9efa25766a48d79141b""]",0.685118,0.667047,0.683954,0.667047,left,home,0.1222,1,sideways,0.1222
209425,,,0,2417424,2418552,[],0.629595,0.571431,0.629595,0.571431,,neutral,0.0,0,,0.0
209425,12987.0,CD Subiza,0,2418552,2418552,"[""696be9efa25766a48d79141c""]",0.629595,0.571431,0.629595,0.571431,right,away,0.0,1,sideways,0.0
209425,,,0,2418552,2419760,[],0.720043,0.551635,0.720043,0.551635,,neutral,0.0,0,,0.0
209425,7608.0,C.D. Izarra,0,2419760,2426697,"[""696be9efa25766a48d79141d"", ""696be9efa25766a48d79141e"", ""696be9efa25766a48d79141f"", ""696be9efa25766a48d791420"", ""696be9efa25766a48d791421"", ""696be9efa25766a48d791422""]",0.720043,0.551635,0.9487372000000001,0.433741,left,home,50.8761,4,sideways,25.3158
209425,,,0,2426697,2432372,"[""696be9efa25766a48d791423""]",0.384769,0.632784,0.384769,0.632784,,neutral,0.0,0,,0.0
209425,7608.0,C.D. Izarra,0,2432372,2445091,"[""696be9efa25766a48d791425"", ""696be9efa25766a48d791426"", ""696be9efa25766a48d791427"", ""696be9efa25766a48d791428"", ""696be9efa25766a48d791429"", ""696be9efa25766a48d79142a""]",0.384769,0.632784,0.08043900000000004,0.094319,left,home,67.0735,3,backward,48.5984
209425,,,0,2445091,2449792,"[""696be9efa25766a48d79142b""]",0.0637585,0.42053799999999997,0.248421,0.21094100000000005,,neutral,24.0643,0,,24.0643
209425,12987.0,CD Subiza,0,2449792,2460881,"[""696be9efa25766a48d79142c"", ""696be9efa25766a48d79142d"", ""696be9efa25766a48d79142f"", ""696be9efa25766a48d791430"", ""696be9efa25766a48d791431"", ""696be9efa25766a48d791432""]",0.248421,0.21094100000000005,0.577592,0.23829699999999998,right,away,30.7174,3,sideways,34.613
209425,12987.0,CD Subiza,0,2460881,2467653,"[""696be9efa25766a48d791434"", ""696be9efa25766a48d791435"", ""696be9efa25766a48d791436"", ""696be9efa25766a48d791437"", ""696be9efa25766a48d791438"", ""696be9efa25766a48d791439""]",0.577592,0.23829699999999998,0.805359,0.061656000000000044,right,away,29.1761,4,backward,26.7625
209425,,,0,2467653,2470324,"[""696be9efa25766a48d79143a""]",0.647866,0.284744,0.647866,0.284744,,neutral,0.0,0,,0.0
209425,7608.0,C.D. Izarra,0,2470324,2487039,"[""696be9efa25766a48d79143b"", ""696be9efa25766a48d79143c"", ""696be9efa25766a48d79143d"", ""696be9efa25766a48d79143e"", ""696be9efa25766a48d79143f"", ""696be9efa25766a48d791440""]",0.647866,0.284744,0.07111500000000004,0.581786,left,home,27.5703,1,sideways,63.8386
209425,,,0,2487039,2549394,[],0.497977,0.501987,0.497977,0.501987,,ballout,0.0,0,,0.0
209425,12987.0,CD Subiza,0,2549394,2580357,"[""696be9efa25766a48d791442"", ""696be9efa25766a48d791443"", ""696be9efa25766a48d791444"", ""696be9efa25766a48d791445"", ""696be9efa25766a48d791447"", ""696be9efa25766a48d791448"", ""696be9efa25766a48d791449"", ""696be9efa25766a48d79144a"", ""696be9efa25766a48d79144b"", ""696be9efa25766a48d79144c"", ""696be9efa25766a48d79144d"", ""696be9efa25766a48d79144e"", ""696be9efa25766a48d79144f"", ""696be9efa25766a48d791450"", ""696be9efa25766a48d791451"", ""696be9efa25766a48d791452"", ""696be9efa25766a48d791453"", ""696be9efa25766a48d791454""]",0.497977,0.501987,0.69676,0.302777,right,away,119.4136,9,backward,24.8827
209425,,,0,2580357,2580971,[],0.669017,0.278473,0.669017,0.278473,,neutral,0.0,0,,0.0
209425,7608.0,C.D. Izarra,0,2580971,2582657,"[""696be9efa25766a48d791455"", ""696be9efa25766a48d791457""]",0.669017,0.278473,0.6595070000000001,0.275727,left,home,1.0159,1,sideways,1.0159
209425,,,0,2582657,2583127,[],0.614605,0.35468299999999997,0.614605,0.35468299999999997,,neutral,0.0,0,,0.0
209425,12987.0,CD Subiza,0,2583127,2597025,"[""696be9efa25766a48d791458"", ""696be9efa25766a48d791459"", ""696be9efa25766a48d79145a"", ""696be9efa25766a48d79145b"", ""696be9efa25766a48d79145c"", ""696be9efa25766a48d79145d"", ""696be9efa25766a48d79145e"", ""696be9efa25766a48d79145f"", ""696be9efa25766a48d791461"", ""696be9efa25766a48d791462"", ""696be9efa25766a48d791463""]",0.614605,0.35468299999999997,0.625188,0.17349000000000003,right,away,59.1196,6,backward,12.3711
209425,,,0,2597025,2598233,"[""696be9efa25766a48d791464""]",0.544257,0.257694,0.544257,0.257694,,neutral,0.0,0,,0.0
209425,7608.0,C.D. Izarra,0,2598233,2599291,"[""696be9efa25766a48d791465"", ""696be9efa25766a48d791466""]",0.544257,0.257694,0.493034,0.291957,left,home,5.8614,1,forward,5.8614
209425,,,0,2599291,2602299,[],0.156727,0.41649899999999995,0.156727,0.41649899999999995,,neutral,0.0,0,,0.0
209425,12987.0,CD Subiza,0,2602299,2627031,"[""696be9efa25766a48d791467"", ""696be9efa25766a48d791468"", ""696be9efa25766a48d791469"", ""696be9efa25766a48d79146a"", ""696be9efa25766a48d79146b"", ""696be9efa25766a48d79146c"", ""696be9efa25766a48d79146d"", ""696be9efa25766a48d79146e"", ""696be9efa25766a48d79146f"", ""696be9efa25766a48d791470"", ""696be9efa25766a48d791471"", ""696be9efa25766a48d791472"", ""696be9efa25766a48d791473"", ""696be9efa25766a48d791474"", ""696be9efa25766a48d791475""]",0.156727,0.41649899999999995,0.652105,0.02959999999999996,right,away,102.6948,7,backward,58.2898
209425,,,0,2627031,2688142,"[""696be9efa25766a48d791476""]",0.722402,0.06208400000000003,0.722402,0.06208400000000003,,ballout,0.0,0,,0.0
209425,12987.0,CD Subiza,0,2688142,2688142,"[""696be9efa25766a48d791477""]",0.722402,0.06208400000000003,0.722402,0.06208400000000003,right,away,0.0,0,sideways,0.0
209425,,,0,2688142,2690724,"[""696be9efa25766a48d791478""]",0.891172,0.438026,0.804907,0.482808,,neutral,9.556,0,,9.556
209425,7608.0,C.D. Izarra,0,2690724,2692192,"[""696be9efa25766a48d79147a"", ""696be9efa25766a48d79147b""]",0.804907,0.482808,0.80257,0.376039,left,home,7.2644,1,backward,7.2644
209425,,,0,2692192,2693361,[],0.707289,0.34416199999999997,0.707289,0.34416199999999997,,neutral,0.0,0,,0.0
209425,12987.0,CD Subiza,0,2693361,2694287,"[""696be9efa25766a48d79147c""]",0.707289,0.34416199999999997,0.711867,0.484194,right,away,9.5343,0,forward,9.5343
209425,12987.0,CD Subiza,0,2694287,2719777,"[""696be9efa25766a48d79147d"", ""696be9efa25766a48d79147e"", ""696be9efa25766a48d79147f"", ""696be9efa25766a48d791480"", ""696be9efa25766a48d791481"", ""696be9efa25766a48d791482"", ""696be9efa25766a48d791483"", ""696be9efa25766a48d791484"", ""696be9efa25766a48d791485"", ""696be9efa25766a48d791486"", ""696be9efa25766a48d791487"", ""696be9efa25766a48d791488"", ""696be9efa25766a48d791489""]",0.711867,0.484194,0.836481,0.14920599999999995,right,away,112.212,6,backward,26.2697
209425,,,0,2719777,2721104,[],0.9592267,0.477071,0.9592267,0.477071,,neutral,0.0,0,,0.0
209425,7608.0,C.D. Izarra,0,2721104,2744491,"[""696be9efa25766a48d79148a"", ""696be9efa25766a48d79148b"", ""696be9efa25766a48d79148c"", ""696be9efa25766a48d79148d"", ""696be9efa25766a48d79148e"", ""696be9efa25766a48d79148f""]",0.9592267,0.477071,0.083256,0.120642,left,home,115.5401,2,sideways,95.1167
209425,,,0,2744491,2768857,"[""696be9efa25766a48d791490""]",0.07277800000000001,0.0,0.07277800000000001,0.0,,ballout,0.0,0,,0.0
209425,7608.0,C.D. Izarra,0,2768857,2775741,"[""696be9efa25766a48d791491"", ""696be9efa25766a48d791492"", ""696be9efa25766a48d791494"", ""696be9efa25766a48d791495"", ""696be9efa25766a48d791496""]",0.07277800000000001,0.0,0.098997,0.319348,left,home,23.0467,2,forward,21.8895
209425,,,0,2775741,2776945,[],0.106721,0.249602,0.106721,0.249602,,neutral,0.0,0,,0.0
209425,12987.0,CD Subiza,0,2776945,2778165,"[""696be9efa25766a48d791497"", ""696be9efa25766a48d791498""]",0.106721,0.249602,0.146851,0.24462700000000004,right,away,4.2272,1,sideways,4.2272
209425,,,0,2778165,2779756,"[""696be9efa25766a48d791499""]",0.23226599999999997,0.0701492,0.23226599999999997,0.0701492,,neutral,0.0,0,,0.0
209425,,,0,2779756,2790784,[],0.04509,0.48635399999999995,0.04509,0.48635399999999995,,ballout,0.0,0,,0.0
209425,12987.0,CD Subiza,0,2790784,2803532,"[""696be9efa25766a48d79149a"", ""696be9efa25766a48d79149b"", ""696be9efa25766a48d79149c"", ""696be9efa25766a48d79149d"", ""696be9efa25766a48d79149e"", ""696be9efa25766a48d79149f"", ""696be9efa25766a48d7914a0""]",0.04509,0.48635399999999995,0.345784,0.59504,right,away,41.59,4,sideways,32.4263
209425,,,0,2803532,2806574,"[""696be9efa25766a48d7914a1""]",0.518424,0.6101829999999999,0.518424,0.6101829999999999,,neutral,0.0,0,,0.0
209425,12987.0,CD Subiza,0,2806574,2825357,"[""696be9efa25766a48d7914a2"", ""696be9efa25766a48d7914a3"", ""696be9efa25766a48d7914a4"", ""696be9efa25766a48d7914a5"", ""696be9efa25766a48d7914a6"", ""696be9efa25766a48d7914a7"", ""696be9efa25766a48d7914a8"", ""696be9efa25766a48d7914a9"", ""696be9efa25766a48d7914aa"", ""696be9efa25766a48d7914ab""]",0.518424,0.6101829999999999,0.766347,0.168053,right,away,109.0736,4,backward,39.7688
209425,,,0,2825357,2831061,"[""696be9efa25766a48d7914ac"", ""696be9efa25766a48d7914ae""]",0.882009,0.441186,0.598325,0.468078,,neutral,29.8429,0,,29.8429
209425,12987.0,CD Subiza,0,2831061,2843705,"[""696be9efa25766a48d7914af"", ""696be9efa25766a48d7914b0"", ""696be9efa25766a48d7914b1"", ""696be9efa25766a48d7914b2"", ""696be9efa25766a48d7914b3"", ""696be9efa25766a48d7914b4""]",0.598325,0.468078,0.468217,0.640815,right,away,72.227,4,forward,18.0168
209425,,,0,2843705,2846215,[],0.760788,0.286547,0.760788,0.286547,,neutral,0.0,0,,0.0
209425,7608.0,C.D. Izarra,0,2846215,2848323,"[""696be9efa25766a48d7914b5"", ""696be9efa25766a48d7914b6"", ""696be9efa25766a48d7914b7"", ""696be9efa25766a48d7914b8""]",0.760788,0.286547,0.707237,0.138675,left,home,5.8647,1,backward,11.5207
209425,,,0,2848323,2875724,[],0.701416,0.135069,0.701416,0.135069,,ballout,0.0,0,,0.0
209425,7608.0,C.D. Izarra,0,2875724,2875724,"[""696be9efa25766a48d7914b9""]",0.701416,0.135069,0.701416,0.135069,left,home,0.0,1,sideways,0.0
209425,,,0,2875724,2886054,[],0.0372011,0.44562100000000004,0.0372011,0.44562100000000004,,ballout,0.0,0,,0.0
209425,12987.0,CD Subiza,0,2886054,2908941,"[""696be9efa25766a48d7914ba"", ""696be9efa25766a48d7914bb"", ""696be9efa25766a48d7914bc"", ""696be9efa25766a48d7914bd"", ""696be9efa25766a48d7914be"", ""696be9efa25766a48d7914bf"", ""696be9efa25766a48d7914c0"", ""696be9efa25766a48d7914c1"", ""696be9efa25766a48d7914c2"", ""696be9efa25766a48d7914c3"", ""696be9efa25766a48d7914c4"", ""696be9efa25766a48d7914c5"", ""696be9efa25766a48d7914c7"", ""696be9efa25766a48d7914c9""]",0.0372011,0.44562100000000004,0.7212069999999999,0.672457,right,away,69.2667,6,sideways,73.4583
209425,,,0,2908941,2909925,[],0.764939,0.806285,0.764939,0.806285,,neutral,0.0,0,,0.0
209425,12987.0,CD Subiza,0,2909925,2910664,"[""696be9efa25766a48d7914ca"", ""696be9efa25766a48d7914cb""]",0.764939,0.806285,0.75134,0.653864,right,away,10.4625,1,backward,10.4625
209425,,,0,2910664,2911907,[],0.743325,0.436223,0.743325,0.436223,,neutral,0.0,0,,0.0
209425,7608.0,C.D. Izarra,0,2911907,2915391,"[""696be9efa25766a48d7914cc"", ""696be9efa25766a48d7914cd"", ""696be9efa25766a48d7914ce"", ""696be9efa25766a48d7914cf""]",0.743325,0.436223,0.890462,0.578175,left,home,20.614,3,forward,18.217
209425,,,0,2915391,2925995,[],0.16804,0.0,0.16804,0.0,,ballout,0.0,0,,0.0
209425,12987.0,CD Subiza,0,2925995,2935807,"[""696be9efa25766a48d7914d0"", ""696be9efa25766a48d7914d1"", ""696be9efa25766a48d7914d2"", ""696be9efa25766a48d7914d3"", ""696be9efa25766a48d7914d4""]",0.16804,0.0,0.421517,0.42089,right,away,27.2081,3,forward,39.0832
209425,,,0,2935807,2940197,[],0.9295885,0.230644,0.9295885,0.230644,,neutral,0.0,0,,0.0
209425,7608.0,C.D. Izarra,0,2940197,2951791,"[""696be9efa25766a48d7914d5"", ""696be9efa25766a48d7914d6"", ""696be9efa25766a48d7914d7""]",0.9295885,0.230644,0.17018299999999997,0.28389,left,home,72.636,1,sideways,79.8197
209425,,,0,2951791,2975786,[],0.0273258,0.46905600000000003,0.0273258,0.46905600000000003,,ballout,0.0,0,,0.0
209425,12987.0,CD Subiza,0,2975786,2994536,"[""696be9efa25766a48d7914d8"", ""696be9efa25766a48d7914d9"", ""696be9efa25766a48d7914da"", ""696be9efa25766a48d7914db"", ""696be9efa25766a48d7914dc"", ""696be9efa25766a48d7914dd"", ""696be9efa25766a48d7914de"", ""696be9efa25766a48d7914df"", ""696be9efa25766a48d7914e0"", ""696be9efa25766a48d7914e1""]",0.0273258,0.46905600000000003,0.631562,0.815993,right,away,54.6397,6,sideways,67.6891
209425,,,0,2994536,2996157,[],0.7212069999999999,0.531799,0.7212069999999999,0.531799,,neutral,0.0,0,,0.0
209425,7608.0,C.D. Izarra,0,2996157,2996157,"[""696be9efa25766a48d7914e2""]",0.7212069999999999,0.531799,0.7212069999999999,0.531799,left,home,0.0,1,sideways,0.0
209425,7608.0,C.D. Izarra,1,2700351,2711671,"[""696be9efa25766a48d7914e4"", ""696be9efa25766a48d7914e5"", ""696be9efa25766a48d7914e6"", ""696be9efa25766a48d7914e7"", ""696be9efa25766a48d7914e8"", ""696be9efa25766a48d7914ea"", ""696be9efa25766a48d7914eb"", ""696be9efa25766a48d7914ec""]",0.498855,0.502946,0.44291,0.59623,right,home,63.8673,5,forward,8.6455
209425,,,1,2711671,2713682,[],0.456275,0.439109,0.456275,0.439109,,neutral,0.0,0,,0.0
209425,12987.0,CD Subiza,1,2713682,2716092,"[""696be9efa25766a48d7914ed"", ""696be9efa25766a48d7914ee"", ""696be9efa25766a48d7914ef""]",0.456275,0.439109,0.485928,0.241606,left,away,14.8742,1,backward,13.7864
209425,,,1,2716092,2721709,"[""696be9efa25766a48d7914f0"", ""696be9efa25766a48d7914f1""]",0.350318,0.175543,0.113523,0.40015599999999996,,neutral,29.1801,0,,29.1801
209425,7608.0,C.D. Izarra,1,2721709,2729763,"[""696be9efa25766a48d7914f2"", ""696be9efa25766a48d7914f3"", ""696be9efa25766a48d7914f5"", ""696be9efa25766a48d7914f6""]",0.113523,0.40015599999999996,0.593607,0.0827401,right,home,59.2181,1,backward,54.8355
209425,,,1,2729763,2730838,"[""696be9efa25766a48d7914f7""]",0.663,0.048509000000000024,0.663,0.048509000000000024,,neutral,0.0,0,,0.0
209425,,,1,2730838,2737062,[],0.6666259999999999,0.0,0.6666259999999999,0.0,,ballout,0.0,0,,0.0
209425,12987.0,CD Subiza,1,2737062,2754693,"[""696be9efa25766a48d7914f8"", ""696be9efa25766a48d7914f9"", ""696be9efa25766a48d7914fa"", ""696be9efa25766a48d7914fb"", ""696be9efa25766a48d7914fc"", ""696be9efa25766a48d7914fd"", ""696be9efa25766a48d7914fe"", ""696be9efa25766a48d7914ff"", ""696be9efa25766a48d791500"", ""696be9efa25766a48d791501"", ""696be9efa25766a48d791502""]",0.6666259999999999,0.0,0.5392680000000001,0.233927,left,away,75.1232,6,forward,20.7812
209425,,,1,2754693,2759356,"[""696be9efa25766a48d791503"", ""696be9efa25766a48d791504""]",0.0646293,0.08998600000000001,0.0646293,0.08998600000000001,,neutral,0.0,0,,0.0
209425,,,1,2759356,2777309,[],0.144057,0.0,0.144057,0.0,,ballout,0.0,0,,0.0
209425,12987.0,CD Subiza,1,2777309,2778650,"[""696be9efa25766a48d791505"", ""696be9efa25766a48d791506""]",0.144057,0.0,0.16968899999999998,0.125049,left,away,8.9191,1,forward,8.9191
209425,,,1,2778650,2780901,[],0.240415,0.232448,0.240415,0.232448,,neutral,0.0,0,,0.0
209425,7608.0,C.D. Izarra,1,2780901,2780901,"[""696be9efa25766a48d791507""]",0.240415,0.232448,0.240415,0.232448,right,home,0.0,1,sideways,0.0
209425,,,1,2780901,2785275,"[""696be9efa25766a48d791508""]",0.558809,0.228815,0.699721,0.304654,,neutral,15.6687,0,,15.6687
209425,12987.0,CD Subiza,1,2785275,2811152,"[""696be9efa25766a48d79150a"", ""696be9efa25766a48d79150b"", ""696be9efa25766a48d79150c"", ""696be9efa25766a48d79150d"", ""696be9efa25766a48d79150e"", ""696be9efa25766a48d79150f"", ""696be9efa25766a48d791510"", ""696be9efa25766a48d791511"", ""696be9efa25766a48d791512"", ""696be9efa25766a48d791513"", ""696be9efa25766a48d791514"", ""696be9efa25766a48d791515"", ""696be9efa25766a48d791516""]",0.699721,0.304654,0.31317399999999995,0.0431616,left,away,121.4637,7,backward,44.3116
209425,,,1,2811152,2857638,[],0.0518237,0.452453,0.0518237,0.452453,,ballout,0.0,0,,0.0
209425,7608.0,C.D. Izarra,1,2857638,2863201,"[""696be9efa25766a48d791517"", ""696be9efa25766a48d791518""]",0.0518237,0.452453,0.723113,0.360134,right,home,57.7484,1,sideways,70.7644
209425,12987.0,CD Subiza,1,2863201,2888720,"[""696be9efa25766a48d79151a"", ""696be9efa25766a48d79151b"", ""696be9efa25766a48d79151c"", ""696be9efa25766a48d79151d"", ""696be9efa25766a48d79151e"", ""696be9efa25766a48d79151f"", ""696be9efa25766a48d791520"", ""696be9efa25766a48d791521"", ""696be9efa25766a48d791522"", ""696be9efa25766a48d791523"", ""696be9efa25766a48d791524"", ""696be9efa25766a48d791525"", ""696be9efa25766a48d791526"", ""696be9efa25766a48d791527"", ""696be9efa25766a48d791528""]",0.723113,0.360134,0.05034899999999998,0.862729,left,away,100.3901,8,forward,78.4734
209425,,,1,2888720,2889252,[],0.0425106,0.78787,0.0425106,0.78787,,neutral,0.0,0,,0.0
209425,7608.0,C.D. Izarra,1,2889252,2893724,"[""696be9efa25766a48d791529""]",0.0425106,0.78787,0.13215,0.9032821,right,home,12.2548,0,forward,12.2548
209425,7608.0,C.D. Izarra,1,2893724,2894571,"[""696be9efa25766a48d79152b"", ""696be9efa25766a48d79152c""]",0.13215,0.9032821,0.170566,0.9231186,right,home,4.2532,1,sideways,4.2532
209425,,,1,2894571,2897961,"[""696be9efa25766a48d79152d""]",0.348359,0.89052,0.41151800000000005,0.846341,,neutral,7.2804,0,,7.2804
209425,12987.0,CD Subiza,1,2897961,2905452,"[""696be9efa25766a48d79152f"", ""696be9efa25766a48d791530"", ""696be9efa25766a48d791531"", ""696be9efa25766a48d791532"", ""696be9efa25766a48d791533"", ""696be9efa25766a48d791534"", ""696be9efa25766a48d791535""]",0.41151800000000005,0.846341,0.33502200000000004,0.829338,left,away,48.5896,5,sideways,8.1149
209425,,,1,2905452,2928138,[],0.498855,1.0,0.498855,1.0,,ballout,0.0,0,,0.0
209425,7608.0,C.D. Izarra,1,2928138,2928138,"[""696be9efa25766a48d791536""]",0.498855,1.0,0.498855,1.0,right,home,0.0,1,sideways,0.0
209425,,,1,2928138,2929550,"[""696be9efa25766a48d791537""]",0.714772,1.0,0.714772,1.0,,neutral,0.0,0,,0.0
209425,,,1,2929550,2938005,[],0.605956,1.0,0.605956,1.0,,ballout,0.0,0,,0.0
209425,7608.0,C.D. Izarra,1,2938005,2942846,"[""696be9efa25766a48d791538"", ""696be9efa25766a48d791539"", ""696be9efa25766a48d79153b""]",0.605956,1.0,0.768239,0.971023,right,home,14.3687,1,sideways,17.1533
209425,,,1,2942846,2943868,[],0.746424,0.963022,0.746424,0.963022,,neutral,0.0,0,,0.0
209425,12987.0,CD Subiza,1,2943868,2946111,"[""696be9efa25766a48d79153c"", ""696be9efa25766a48d79153d"", ""696be9efa25766a48d79153e""]",0.746424,0.963022,0.630673,0.912613,left,away,8.5692,2,sideways,12.628
209425,,,1,2946111,2948146,[],0.534944,0.80951,0.534944,0.80951,,neutral,0.0,0,,0.0
209425,7608.0,C.D. Izarra,1,2948146,2948146,"[""696be9efa25766a48d79153f""]",0.534944,0.80951,0.534944,0.80951,right,home,0.0,1,sideways,0.0
209425,,,1,2948146,2953007,"[""696be9efa25766a48d791540""]",0.76496,0.459372,0.641447,0.282736,,neutral,17.6766,0,,17.6766
209425,12987.0,CD Subiza,1,2953007,2954203,"[""696be9efa25766a48d791541"", ""696be9efa25766a48d791542"", ""696be9efa25766a48d791543""]",0.641447,0.282736,0.630403,0.163922,left,away,8.1621,0,backward,8.1621
209425,,,1,2954203,2993684,[],0.657179,0.08998600000000001,0.657179,0.08998600000000001,,ballout,0.0,0,,0.0
209425,7608.0,C.D. Izarra,1,2993684,3008438,"[""696be9efa25766a48d791544"", ""696be9efa25766a48d791545"", ""696be9efa25766a48d791546"", ""696be9efa25766a48d791547"", ""696be9efa25766a48d791548"", ""696be9efa25766a48d791549"", ""696be9efa25766a48d79154b""]",0.657179,0.08998600000000001,0.959856,0.06113299999999999,right,home,33.5258,3,sideways,31.8416
209425,,,1,3008438,3009382,[],0.9828236,0.175554,0.9828236,0.175554,,neutral,0.0,0,,0.0
209425,12987.0,CD Subiza,1,3009382,3011138,"[""696be9efa25766a48d79154c"", ""696be9efa25766a48d79154d""]",0.9828236,0.175554,0.979647,0.12424900000000005,left,away,3.5046,0,backward,3.5046
209425,,,1,3011138,3021787,[],0.9339058,0.0,0.9339058,0.0,,ballout,0.0,0,,0.0
209425,12987.0,CD Subiza,1,3021787,3031920,"[""696be9efa25766a48d79154e"", ""696be9efa25766a48d79154f"", ""696be9efa25766a48d791550"", ""696be9efa25766a48d791551"", ""696be9efa25766a48d791552"", ""696be9efa25766a48d791553"", ""696be9efa25766a48d791554"", ""696be9efa25766a48d791555"", ""696be9efa25766a48d791556"", ""696be9efa25766a48d791557""]",0.9339058,0.0,0.685578,0.9085852,left,away,77.7888,5,forward,67.0605
209425,,,1,3031920,3034109,[],0.630403,0.659834,0.630403,0.659834,,neutral,0.0,0,,0.0
209425,7608.0,C.D. Izarra,1,3034109,3034577,"[""696be9efa25766a48d791558"", ""696be9efa25766a48d791559""]",0.630403,0.659834,0.641811,0.692568,right,home,2.5277,0,forward,2.5277
209425,,,1,3034577,3036644,[],0.564712,0.547901,0.564712,0.547901,,neutral,0.0,0,,0.0
209425,12987.0,CD Subiza,1,3036644,3043363,"[""696be9efa25766a48d79155a"", ""696be9efa25766a48d79155b"", ""696be9efa25766a48d79155c"", ""696be9efa25766a48d79155d""]",0.564712,0.547901,0.07439899999999999,0.137586,left,away,50.6739,1,backward,58.5574
209425,,,1,3043363,3043551,[],0.0820915,0.12965899999999997,0.0820915,0.12965899999999997,,neutral,0.0,0,,0.0
209425,7608.0,C.D. Izarra,1,3043551,3048038,"[""696be9efa25766a48d79155e"", ""696be9efa25766a48d79155f"", ""696be9efa25766a48d791560"", ""696be9efa25766a48d791561""]",0.0820915,0.12965899999999997,0.442211,0.08333599999999997,right,home,33.3038,2,sideways,37.9435
209425,,,1,3048038,3060455,[],0.587105,0.257392,0.587105,0.257392,,ballout,0.0,0,,0.0
209425,12987.0,CD Subiza,1,3060455,3071911,"[""696be9efa25766a48d791563"", ""696be9efa25766a48d791564"", ""696be9efa25766a48d791565"", ""696be9efa25766a48d791566"", ""696be9efa25766a48d791567"", ""696be9efa25766a48d791568"", ""696be9efa25766a48d791569"", ""696be9efa25766a48d79156a"", ""696be9efa25766a48d79156b"", ""696be9efa25766a48d79156c""]",0.587105,0.257392,0.431457,0.227503,left,away,59.4529,5,sideways,16.4689
209425,12987.0,CD Subiza,1,3071911,3086394,"[""696be9efa25766a48d79156d"", ""696be9efa25766a48d79156e"", ""696be9efa25766a48d79156f"", ""696be9efa25766a48d791570"", ""696be9efa25766a48d791571"", ""696be9efa25766a48d791572"", ""696be9efa25766a48d791573"", ""696be9efa25766a48d791574"", ""696be9efa25766a48d791575"", ""696be9efa25766a48d791576"", ""696be9efa25766a48d791577""]",0.431457,0.227503,0.302152,0.753988,left,away,62.4825,6,forward,38.289
209425,,,1,3086394,3087206,[],0.286981,0.654424,0.286981,0.654424,,neutral,0.0,0,,0.0
209425,7608.0,C.D. Izarra,1,3087206,3087771,"[""696be9efa25766a48d791578"", ""696be9efa25766a48d791579""]",0.286981,0.654424,0.299786,0.6381939999999999,right,home,1.7395,0,backward,1.7395
209425,,,1,3087771,3095360,[],0.846479,0.0579667,0.846479,0.0579667,,neutral,0.0,0,,0.0
209425,12987.0,CD Subiza,1,3095360,3120561,"[""696be9efa25766a48d79157a"", ""696be9efa25766a48d79157b"", ""696be9efa25766a48d79157c"", ""696be9efa25766a48d79157d"", ""696be9efa25766a48d79157e"", ""696be9efa25766a48d79157f"", ""696be9efa25766a48d791580"", ""696be9efa25766a48d791581"", ""696be9efa25766a48d791582"", ""696be9efa25766a48d791583"", ""696be9efa25766a48d791584"", ""696be9efa25766a48d791585"", ""696be9efa25766a48d791586"", ""696be9efa25766a48d791587""]",0.846479,0.0579667,0.39641,0.8041,left,away,95.167,7,forward,69.3361
209425,7608.0,C.D. Izarra,1,3120561,3124735,"[""696be9efa25766a48d791589"", ""696be9efa25766a48d79158a"", ""696be9efa25766a48d79158b""]",0.39641,0.8041,0.434751,0.626922,right,home,33.3191,2,backward,12.7029
209425,,,1,3124735,3152371,"[""696be9efa25766a48d79158c""]",0.449961,0.614751,0.449961,0.614751,,ballout,0.0,0,,0.0
209425,7608.0,C.D. Izarra,1,3152371,3157884,"[""696be9efa25766a48d79158d"", ""696be9efa25766a48d79158e"", ""696be9efa25766a48d79158f""]",0.449961,0.614751,0.917947,0.773443,right,home,41.728,1,sideways,50.3095
209425,,,1,3157884,3162571,"[""696be9efa25766a48d791590""]",0.9365355,0.66721,0.52563,0.7896730000000001,,neutral,43.9414,0,,43.9414
209425,7608.0,C.D. Izarra,1,3162571,3167704,"[""696be9efa25766a48d791591"", ""696be9efa25766a48d791592"", ""696be9efa25766a48d791593""]",0.52563,0.7896730000000001,0.1857,0.461469,right,home,38.1895,2,backward,42.0958
209425,,,1,3167704,3170936,[],0.697525,0.489453,0.697525,0.489453,,neutral,0.0,0,,0.0
209425,12987.0,CD Subiza,1,3170936,3192571,"[""696be9efa25766a48d791594"", ""696be9efa25766a48d791595"", ""696be9efa25766a48d791596"", ""696be9efa25766a48d791597"", ""696be9efa25766a48d791598"", ""696be9efa25766a48d791599"", ""696be9efa25766a48d79159a"", ""696be9efa25766a48d79159b"", ""696be9efa25766a48d79159c"", ""696be9efa25766a48d79159d"", ""696be9efa25766a48d79159e""]",0.697525,0.489453,0.192801,0.674796,left,away,61.6252,5,sideways,54.474
209425,,,1,3192571,3195118,"[""696be9efa25766a48d79159f""]",0.293966,0.72295,0.293966,0.72295,,neutral,0.0,0,,0.0
209425,7608.0,C.D. Izarra,1,3195118,3197638,"[""696be9efa25766a48d7915a0"", ""696be9efa25766a48d7915a1"", ""696be9efa25766a48d7915a2""]",0.293966,0.72295,0.322863,0.876072,right,home,6.7454,2,forward,10.8454
209425,,,1,3197638,3201621,[],0.693694,0.970136,0.693694,0.970136,,neutral,0.0,0,,0.0
209425,12987.0,CD Subiza,1,3201621,3230863,"[""696be9efa25766a48d7915a3"", ""696be9efa25766a48d7915a4"", ""696be9efa25766a48d7915a5"", ""696be9efa25766a48d7915a6"", ""696be9efa25766a48d7915a7"", ""696be9efa25766a48d7915a8"", ""696be9efa25766a48d7915a9"", ""696be9efa25766a48d7915aa"", ""696be9efa25766a48d7915ab"", ""696be9efa25766a48d7915ac"", ""696be9efa25766a48d7915ad"", ""696be9efa25766a48d7915ae"", ""696be9efa25766a48d7915af"", ""696be9efa25766a48d7915b0"", ""696be9efa25766a48d7915b1"", ""696be9efa25766a48d7915b2"", ""696be9efa25766a48d7915b3""]",0.693694,0.970136,0.527219,0.735234,left,away,124.7074,9,backward,23.679
209425,,,1,3230863,3243167,"[""696be9efa25766a48d7915b4"", ""696be9efa25766a48d7915b5"", ""696be9efa25766a48d7915b7"", ""696be9efa25766a48d7915b9""]",0.19967,0.259498,0.5573170000000001,0.366715,,neutral,38.2541,0,,38.2541
209425,12987.0,CD Subiza,1,3243167,3243167,"[""696be9efa25766a48d7915ba""]",0.5573170000000001,0.366715,0.5573170000000001,0.366715,left,away,0.0,1,sideways,0.0
209425,,,1,3243167,3244454,"[""696be9efa25766a48d7915bb""]",0.508686,0.331075,0.508686,0.331075,,neutral,0.0,0,,0.0
209425,12987.0,CD Subiza,1,3244454,3244454,"[""696be9efa25766a48d7915bc""]",0.508686,0.331075,0.508686,0.331075,left,away,0.0,1,sideways,0.0
209425,,,1,3244454,3245766,"[""696be9efa25766a48d7915bd""]",0.582674,0.27933399999999997,0.582674,0.27933399999999997,,neutral,0.0,0,,0.0
209425,7608.0,C.D. Izarra,1,3245766,3247305,"[""696be9efa25766a48d7915be"", ""696be9efa25766a48d7915bf"", ""696be9efa25766a48d7915c0""]",0.582674,0.27933399999999997,0.58733,0.31720400000000004,right,home,2.6212,0,forward,2.6212
209425,,,1,3247305,3267738,[],0.576853,0.290154,0.576853,0.290154,,ballout,0.0,0,,0.0
209425,7608.0,C.D. Izarra,1,3267738,3267738,"[""696be9efa25766a48d7915c1""]",0.576853,0.290154,0.576853,0.290154,right,home,0.0,1,sideways,0.0
209425,,,1,3267738,3285001,[],0.9641466,0.53279,0.9641466,0.53279,,ballout,0.0,0,,0.0
209425,12987.0,CD Subiza,1,3285001,3320614,"[""696be9efa25766a48d7915c2"", ""696be9efa25766a48d7915c3"", ""696be9efa25766a48d7915c4"", ""696be9efa25766a48d7915c5"", ""696be9efa25766a48d7915c6"", ""696be9efa25766a48d7915c7"", ""696be9efa25766a48d7915c8"", ""696be9efa25766a48d7915c9"", ""696be9efa25766a48d7915ca"", ""696be9efa25766a48d7915cb"", ""696be9efa25766a48d7915cc"", ""696be9efa25766a48d7915cd"", ""696be9efa25766a48d7915ce"", ""696be9efa25766a48d7915cf"", ""696be9efa25766a48d7915d0"", ""696be9efa25766a48d7915d1"", ""696be9efa25766a48d7915d2"", ""696be9efa25766a48d7915d3"", ""696be9efa25766a48d7915d4""]",0.9641466,0.53279,0.561048,0.806174,left,away,121.5653,10,forward,46.228
209425,,,1,3320614,3323589,[],0.120508,0.70672,0.120508,0.70672,,neutral,0.0,0,,0.0
209425,7608.0,C.D. Izarra,1,3323589,3339938,"[""696be9efa25766a48d7915d5"", ""696be9efa25766a48d7915d6"", ""696be9efa25766a48d7915d7"", ""696be9efa25766a48d7915d8"", ""696be9efa25766a48d7915d9"", ""696be9efa25766a48d7915da"", ""696be9efa25766a48d7915db"", ""696be9efa25766a48d7915dc""]",0.120508,0.70672,0.304443,0.820329,right,home,59.4995,4,forward,20.801
209425,,,1,3339938,3341522,[],0.523251,0.864767,0.523251,0.864767,,neutral,0.0,0,,0.0
209425,12987.0,CD Subiza,1,3341522,3347116,"[""696be9efa25766a48d7915de"", ""696be9efa25766a48d7915e0"", ""696be9efa25766a48d7915e1"", ""696be9efa25766a48d7915e2""]",0.523251,0.864767,0.38299799999999995,0.74053,left,away,12.5682,1,backward,16.9777
209425,,,1,3347116,3383871,[],0.34282599999999996,0.718298,0.34282599999999996,0.718298,,ballout,0.0,0,,0.0
209425,12987.0,CD Subiza,1,3383871,3388120,"[""696be9efa25766a48d7915e3"", ""696be9efa25766a48d7915e4"", ""696be9efa25766a48d7915e5""]",0.34282599999999996,0.718298,0.09242300000000003,0.89165,left,away,21.4718,1,forward,28.8139
209425,,,1,3388120,3464784,"[""696be9efa25766a48d7915e6""]",0.084534,0.8611,0.084534,0.8611,,ballout,0.0,0,,0.0
209425,12987.0,CD Subiza,1,3464784,3464784,"[""696be9efa25766a48d7915e7""]",0.084534,0.8611,0.084534,0.8611,left,away,0.0,0,sideways,0.0
209425,,,1,3464784,3528066,[],0.0599728,0.600325,0.0599728,0.600325,,ballout,0.0,0,,0.0
209425,7608.0,C.D. Izarra,1,3528066,3528066,"[""696be9efa25766a48d7915ee""]",0.0599728,0.600325,0.0599728,0.600325,right,home,0.0,1,sideways,0.0
209425,,,1,3528066,3533438,"[""696be9efa25766a48d7915ef""]",0.556793,0.851762,0.481393,0.75,,neutral,10.5149,0,,10.5149
209425,7608.0,C.D. Izarra,1,3533438,3539391,"[""696be9efa25766a48d7915f0"", ""696be9efa25766a48d7915f2""]",0.481393,0.75,0.609449,0.8581989999999999,right,home,13.0045,1,forward,15.3273
209425,7608.0,C.D. Izarra,1,3539391,3540471,"[""696be9efa25766a48d7915f3"", ""696be9efa25766a48d7915f5""]",0.609449,0.8581989999999999,0.583838,0.9555783,right,home,7.147,1,forward,7.147
209425,,,1,3540471,3547588,[],0.844498,1.0,0.844498,1.0,,ballout,0.0,0,,0.0
209425,12987.0,CD Subiza,1,3547588,3552036,"[""696be9efa25766a48d7915f6"", ""696be9efa25766a48d7915f7"", ""696be9efa25766a48d7915f8"", ""696be9efa25766a48d7915f9""]",0.844498,1.0,0.9334112,0.93522,left,away,33.9415,2,backward,10.3229
209425,,,1,3552036,3616321,[],0.852755,1.0,0.852755,1.0,,ballout,0.0,0,,0.0
209425,7608.0,C.D. Izarra,1,3616321,3616321,"[""696be9efa25766a48d7915fc""]",0.852755,1.0,0.852755,1.0,right,home,0.0,1,sideways,0.0
209425,,,1,3616321,3625738,[],0.9694059,0.567413,0.9694059,0.567413,,ballout,0.0,0,,0.0
209425,12987.0,CD Subiza,1,3625738,3641771,"[""696be9efa25766a48d7915fd"", ""696be9efa25766a48d7915fe"", ""696be9efa25766a48d7915ff"", ""696be9efa25766a48d791600"", ""696be9efa25766a48d791601"", ""696be9efa25766a48d791602"", ""696be9efa25766a48d791603"", ""696be9efa25766a48d791604"", ""696be9efa25766a48d791605"", ""696be9efa25766a48d791606"", ""696be9efa25766a48d791607"", ""696be9efa25766a48d791608"", ""696be9efa25766a48d791609""]",0.9694059,0.567413,0.408289,0.739743,left,away,104.6424,6,sideways,60.0713
209425,,,1,3641771,3655247,[],0.41441300000000003,0.66697,0.41441300000000003,0.66697,,ballout,0.0,0,,0.0
209425,12987.0,CD Subiza,1,3655247,3658965,"[""696be9efa25766a48d79160a"", ""696be9efa25766a48d79160b"", ""696be9efa25766a48d79160c"", ""696be9efa25766a48d79160d""]",0.41441300000000003,0.66697,0.256069,0.953385,left,away,23.4203,3,forward,25.6076
209425,,,1,3658965,3662005,"[""696be9efa25766a48d79160e""]",0.0948971,0.850986,0.0948971,0.850986,,neutral,0.0,0,,0.0
209425,,,1,3662005,3679069,[],0.11609000000000003,1.0,0.11609000000000003,1.0,,ballout,0.0,0,,0.0
209425,12987.0,CD Subiza,1,3679069,3682307,"[""696be9efa25766a48d79160f"", ""696be9efa25766a48d791610"", ""696be9efa25766a48d791611""]",0.11609000000000003,1.0,0.12134900000000004,0.960489,left,away,26.7963,2,backward,2.7429
209425,,,1,3682307,3685981,"[""696be9efa25766a48d791612""]",0.111195,0.620161,0.25887400000000005,0.672976,,neutral,15.9168,0,,15.9168
209425,12987.0,CD Subiza,1,3685981,3686960,"[""696be9efa25766a48d791613"", ""696be9efa25766a48d791614""]",0.25887400000000005,0.672976,0.261945,0.571556,left,away,6.9041,0,backward,6.9041
209425,,,1,3686960,3719284,"[""696be9efa25766a48d791615""]",0.0,0.0,0.0,0.0,,ballout,0.0,0,,0.0
209425,12987.0,CD Subiza,1,3719284,3719284,"[""696be9efa25766a48d791616""]",0.0,0.0,0.0,0.0,left,away,0.0,0,sideways,0.0
209425,,,1,3719284,3721638,"[""696be9efa25766a48d791617""]",0.0897629,0.570954,0.0897629,0.570954,,neutral,0.0,0,,0.0
209425,,,1,3721638,3728702,[],0.146331,1.0,0.146331,1.0,,ballout,0.0,0,,0.0
209425,12987.0,CD Subiza,1,3728702,3738326,"[""696be9efa25766a48d791619"", ""696be9efa25766a48d79161a"", ""696be9efa25766a48d79161b"", ""696be9efa25766a48d79161c"", ""696be9efa25766a48d79161d"", ""696be9efa25766a48d79161e"", ""696be9efa25766a48d79161f"", ""696be9efa25766a48d791620""]",0.146331,1.0,0.17213,0.876999,left,away,31.7445,5,backward,8.7918
209425,,,1,3738326,3739905,"[""696be9efa25766a48d791621"", ""696be9efa25766a48d791622""]",0.0448389,0.811313,0.060748000000000024,0.871883,,neutral,4.4446,0,,4.4446
209425,,,1,3739905,3749604,[],0.0867481,0.9898413,0.0867481,0.9898413,,ballout,0.0,0,,0.0
209425,7608.0,C.D. Izarra,1,3749604,3775658,"[""696be9efa25766a48d791623"", ""696be9efa25766a48d791624"", ""696be9efa25766a48d791625"", ""696be9efa25766a48d791626""]",0.0867481,0.9898413,0.32419,0.965604,right,home,38.3258,2,sideways,24.9858
209425,12987.0,CD Subiza,1,3775658,3777481,"[""696be9efa25766a48d791627"", ""696be9efa25766a48d791628"", ""696be9efa25766a48d791629""]",0.32419,0.965604,0.302056,0.866308,left,away,2.6588,2,backward,7.1409
209425,,,1,3777481,3807034,[],0.0518237,0.5606519999999999,0.0518237,0.5606519999999999,,ballout,0.0,0,,0.0
209425,7608.0,C.D. Izarra,1,3807034,3810446,"[""696be9efa25766a48d79162a"", ""696be9efa25766a48d79162b""]",0.0518237,0.5606519999999999,0.630555,0.9320405,right,home,65.8057,1,forward,65.8057
209425,,,1,3810446,3816401,[],0.759035,1.0,0.759035,1.0,,ballout,0.0,0,,0.0
209425,12987.0,CD Subiza,1,3816401,3872277,"[""696be9efa25766a48d79162c"", ""696be9efa25766a48d79162d"", ""696be9efa25766a48d79162e"", ""696be9efa25766a48d79162f"", ""696be9efa25766a48d791630"", ""696be9efa25766a48d791631"", ""696be9efa25766a48d791632"", ""696be9efa25766a48d791633"", ""696be9efa25766a48d791634"", ""696be9efa25766a48d791635"", ""696be9efa25766a48d791636"", ""696be9efa25766a48d791637"", ""696be9efa25766a48d791638"", ""696be9efa25766a48d791639"", ""696be9efa25766a48d79163a"", ""696be9efa25766a48d79163b"", ""696be9efa25766a48d79163c"", ""696be9efa25766a48d79163d"", ""696be9efa25766a48d79163e"", ""696be9efa25766a48d79163f"", ""696be9efa25766a48d791640"", ""696be9efa25766a48d791641"", ""696be9efa25766a48d791642"", ""696be9efa25766a48d791643"", ""696be9efa25766a48d791644"", ""696be9efa25766a48d791645"", ""696be9efa25766a48d791646"", ""696be9efa25766a48d791648"", ""696be9efa25766a48d791649"", ""696be9efa25766a48d79164a"", ""696be9efa25766a48d79164b"", ""696be9efa25766a48d79164c"", ""696be9efa25766a48d79164d""]",0.759035,1.0,0.205252,0.239712,left,away,231.8233,17,backward,77.8071
209425,,,1,3872277,3873189,"[""696be9efa25766a48d79164e""]",0.196178,0.288351,0.276504,0.27753099999999997,,neutral,8.4663,0,,8.4663
209425,7608.0,C.D. Izarra,1,3873189,3874338,"[""696be9efa25766a48d79164f"", ""696be9efa25766a48d791650""]",0.276504,0.27753099999999997,0.273011,0.3154,right,home,2.6011,1,forward,2.6011
209425,,,1,3874338,3875320,[],0.274678,0.451427,0.274678,0.451427,,neutral,0.0,0,,0.0
209425,12987.0,CD Subiza,1,3875320,3876586,"[""696be9efa25766a48d791651"", ""696be9efa25766a48d791652""]",0.274678,0.451427,0.215727,0.456196,left,away,6.1983,0,sideways,6.1983
209425,,,1,3876586,3877668,"[""696be9efa25766a48d791653""]",0.243908,0.45064899999999997,0.21573399999999998,0.456167,,neutral,2.982,0,,2.982
209425,12987.0,CD Subiza,1,3877668,3879631,"[""696be9efa25766a48d791654"", ""696be9efa25766a48d791656"", ""696be9efa25766a48d791657""]",0.21573399999999998,0.456167,0.175083,0.245592,left,away,9.2989,2,backward,14.9417
209425,,,1,3879631,3906180,"[""696be9efa25766a48d791658""]",0.0,0.0,0.0,0.0,,ballout,0.0,0,,0.0
209425,12987.0,CD Subiza,1,3906180,3906180,"[""696be9efa25766a48d791659""]",0.0,0.0,0.0,0.0,left,away,0.0,0,sideways,0.0
209425,,,1,3906180,3907296,"[""696be9efa25766a48d79165a""]",0.021556,0.356877,0.021556,0.356877,,neutral,0.0,0,,0.0
209425,,,1,3907296,3916435,[],0.0,0.0,0.0,0.0,,ballout,0.0,0,,0.0
209425,12987.0,CD Subiza,1,3916435,3923771,"[""696be9efa25766a48d79165c"", ""696be9efa25766a48d79165d"", ""696be9efa25766a48d79165e"", ""696be9efa25766a48d79165f"", ""696be9efa25766a48d791660"", ""696be9efa25766a48d791661"", ""696be9efa25766a48d791662""]",0.0,0.0,0.19083399999999995,0.423743,left,away,46.2395,3,forward,35.0967
209425,,,1,3923771,3925405,"[""696be9efa25766a48d791663""]",0.172767,0.56393,0.172767,0.56393,,neutral,0.0,0,,0.0
209425,12987.0,CD Subiza,1,3925405,3925405,"[""696be9efa25766a48d791664""]",0.172767,0.56393,0.172767,0.56393,left,away,0.0,1,sideways,0.0
209425,,,1,3925405,3945538,[],0.054152,0.573275,0.054152,0.573275,,ballout,0.0,0,,0.0
209425,7608.0,C.D. Izarra,1,3945538,3956571,"[""696be9efa25766a48d791665"", ""696be9efa25766a48d791666"", ""696be9efa25766a48d791667"", ""696be9efa25766a48d791668"", ""696be9efa25766a48d791669""]",0.054152,0.573275,0.277668,0.19818499999999994,right,home,47.9742,3,backward,34.6607
209425,,,1,3956571,3959535,[],0.681743,0.157191,0.681743,0.157191,,neutral,0.0,0,,0.0
209425,12987.0,CD Subiza,1,3959535,3970182,"[""696be9efa25766a48d79166a"", ""696be9efa25766a48d79166b"", ""696be9efa25766a48d79166c"", ""696be9efa25766a48d79166e"", ""696be9efa25766a48d79166f""]",0.681743,0.157191,0.454318,0.210145,left,away,29.0214,3,sideways,24.1496
209425,,,1,3970182,4026087,[],0.299786,0.0,0.299786,0.0,,ballout,0.0,0,,0.0
209425,7608.0,C.D. Izarra,1,4026087,4026087,"[""696be9efa25766a48d791674""]",0.299786,0.0,0.299786,0.0,right,home,0.0,1,sideways,0.0
209425,,,1,4026087,4027826,[],0.510629,0.0469387,0.510629,0.0469387,,neutral,0.0,0,,0.0
209425,12987.0,CD Subiza,1,4027826,4035791,"[""696be9efa25766a48d791675"", ""696be9efa25766a48d791676"", ""696be9efa25766a48d791677"", ""696be9efa25766a48d791678"", ""696be9efa25766a48d791679"", ""696be9efa25766a48d79167a"", ""696be9efa25766a48d79167b""]",0.510629,0.0469387,0.40533300000000005,0.157202,left,away,33.4467,4,forward,13.3587
209425,,,1,4035791,4045175,"[""696be9efa25766a48d79167c""]",0.358043,0.0,0.358043,0.0,,ballout,0.0,0,,0.0
209425,12987.0,CD Subiza,1,4045175,4061538,"[""696be9efa25766a48d79167d"", ""696be9efa25766a48d79167e"", ""696be9efa25766a48d79167f"", ""696be9efa25766a48d791680"", ""696be9efa25766a48d791681"", ""696be9efa25766a48d791682"", ""696be9efa25766a48d791683"", ""696be9efa25766a48d791684""]",0.358043,0.0,0.346719,0.633226,left,away,55.4943,4,forward,43.0758
209425,,,1,4061538,4064711,"[""696be9efa25766a48d791685""]",0.276504,0.41458300000000003,0.40261899999999995,0.387556,,neutral,13.369,0,,13.369
209425,12987.0,CD Subiza,1,4064711,4083343,"[""696be9efa25766a48d791686"", ""696be9efa25766a48d791687"", ""696be9efa25766a48d791688"", ""696be9efa25766a48d791689"", ""696be9efa25766a48d79168a"", ""696be9efa25766a48d79168b"", ""696be9efa25766a48d79168c"", ""696be9efa25766a48d79168d"", ""696be9efa25766a48d79168e"", ""696be9efa25766a48d79168f"", ""696be9efa25766a48d791690"", ""696be9efa25766a48d791691"", ""696be9efa25766a48d791692""]",0.40261899999999995,0.387556,0.407416,0.784275,left,away,64.3343,7,forward,26.9816
209425,,,1,4083343,4085538,[],0.23343,0.30277699999999996,0.23343,0.30277699999999996,,neutral,0.0,0,,0.0
209425,7608.0,C.D. Izarra,1,4085538,4087738,"[""696be9efa25766a48d791693"", ""696be9efa25766a48d791694""]",0.23343,0.30277699999999996,0.316085,0.290154,right,home,8.7211,1,sideways,8.7211
209425,,,1,4087738,4090038,"[""696be9efa25766a48d791695""]",0.411544,0.329827,0.411544,0.329827,,neutral,0.0,0,,0.0
209425,7608.0,C.D. Izarra,1,4090038,4090038,"[""696be9efa25766a48d791696""]",0.411544,0.329827,0.411544,0.329827,right,home,0.0,1,sideways,0.0
209425,,,1,4090038,4094634,[],0.826121,0.16813,0.826121,0.16813,,neutral,0.0,0,,0.0
209425,12987.0,CD Subiza,1,4094634,4118062,"[""696be9efa25766a48d791697"", ""696be9efa25766a48d791698"", ""696be9efa25766a48d791699"", ""696be9efa25766a48d79169a"", ""696be9efa25766a48d79169b"", ""696be9efa25766a48d79169c"", ""696be9efa25766a48d79169d"", ""696be9efa25766a48d79169e"", ""696be9efa25766a48d79169f"", ""696be9efa25766a48d7916a0"", ""696be9efa25766a48d7916a1"", ""696be9efa25766a48d7916a2"", ""696be9efa25766a48d7916a3"", ""696be9efa25766a48d7916a4"", ""696be9efa25766a48d7916a5""]",0.826121,0.16813,0.434102,0.694007,left,away,89.154,8,forward,54.5258
209425,,,1,4118062,4122574,"[""696be9efa25766a48d7916a6""]",0.052979,0.975153,0.052979,0.975153,,neutral,0.0,0,,0.0
209425,12987.0,CD Subiza,1,4122574,4142962,"[""696be9efa25766a48d7916a7"", ""696be9efa25766a48d7916a8"", ""696be9efa25766a48d7916a9"", ""696be9efa25766a48d7916aa"", ""696be9efa25766a48d7916ab"", ""696be9efa25766a48d7916ac"", ""696be9efa25766a48d7916ad"", ""696be9efa25766a48d7916ae"", ""696be9efa25766a48d7916af"", ""696be9efa25766a48d7916b0"", ""696be9efa25766a48d7916b1"", ""696be9efa25766a48d7916b2""]",0.052979,0.975153,0.27444199999999996,0.681012,left,away,66.8184,6,backward,30.6724
209425,,,1,4142962,4145801,[],0.0180636,0.6345879999999999,0.0180636,0.6345879999999999,,neutral,0.0,0,,0.0
209425,7608.0,C.D. Izarra,1,4145801,4153671,"[""696be9efa25766a48d7916b3"", ""696be9efa25766a48d7916b4""]",0.0180636,0.6345879999999999,0.0762708,0.544422,right,home,8.6572,1,backward,8.6572
209425,,,1,4153671,4162602,[],0.658445,1.0,0.658445,1.0,,ballout,0.0,0,,0.0
209425,12987.0,CD Subiza,1,4162602,4173933,"[""696be9efa25766a48d7916b5"", ""696be9efa25766a48d7916b6"", ""696be9efa25766a48d7916b7"", ""696be9efa25766a48d7916b8"", ""696be9efa25766a48d7916b9"", ""696be9efa25766a48d7916ba"", ""696be9efa25766a48d7916bb""]",0.658445,1.0,0.326735,0.290545,left,away,42.5554,4,backward,59.5019
209425,,,1,4173933,4175564,"[""696be9efa25766a48d7916bc""]",0.27903599999999995,0.231058,0.27903599999999995,0.231058,,neutral,0.0,0,,0.0
209425,12987.0,CD Subiza,1,4175564,4178138,"[""696be9efa25766a48d7916bd"", ""696be9efa25766a48d7916be""]",0.27903599999999995,0.231058,0.18114200000000003,0.195722,left,away,10.556,0,sideways,10.556
209425,,,1,4178138,4178402,"[""696be9efa25766a48d7916bf""]",0.170566,0.232448,0.170566,0.232448,,neutral,0.0,0,,0.0
209425,,,1,4178402,4199505,[],0.0506596,0.5209790000000001,0.0506596,0.5209790000000001,,ballout,0.0,0,,0.0
209425,7608.0,C.D. Izarra,1,4199505,4202738,"[""696be9efa25766a48d7916c0"", ""696be9efa25766a48d7916c1"", ""696be9efa25766a48d7916c2""]",0.0506596,0.5209790000000001,0.147284,0.695901,right,home,13.9651,2,forward,15.6338
209425,,,1,4202738,4239371,[],0.32646200000000003,0.0,0.32646200000000003,0.0,,ballout,0.0,0,,0.0
209425,12987.0,CD Subiza,1,4239371,4239371,"[""696be9efa25766a48d7916c5""]",0.32646200000000003,0.0,0.32646200000000003,0.0,left,away,0.0,1,sideways,0.0
209425,,,1,4239371,4265772,"[""696be9efa25766a48d7916c6""]",0.19684900000000005,0.0,0.19684900000000005,0.0,,ballout,0.0,0,,0.0
209425,12987.0,CD Subiza,1,4265772,4270771,"[""696be9efa25766a48d7916c7"", ""696be9efa25766a48d7916c8"", ""696be9efa25766a48d7916c9""]",0.19684900000000005,0.0,0.241927,0.479462,left,away,20.7721,1,forward,32.9452
209425,,,1,4270771,4296371,[],0.0588086,0.576882,0.0588086,0.576882,,ballout,0.0,0,,0.0
209425,7608.0,C.D. Izarra,1,4296371,4296371,"[""696be9efa25766a48d7916ca""]",0.0588086,0.576882,0.0588086,0.576882,right,home,0.0,1,sideways,0.0
209425,,,1,4296371,4300171,"[""696be9efa25766a48d7916cb"", ""696be9efa25766a48d7916cc""]",0.607435,0.897924,0.607435,0.897924,,neutral,0.0,0,,0.0
209425,,,1,4300171,4312153,[],0.6208640000000001,0.94167,0.6208640000000001,0.94167,,ballout,0.0,0,,0.0
209425,12987.0,CD Subiza,1,4312153,4327671,"[""696be9efa25766a48d7916cd"", ""696be9efa25766a48d7916ce"", ""696be9efa25766a48d7916cf"", ""696be9efa25766a48d7916d0"", ""696be9efa25766a48d7916d1"", ""696be9efa25766a48d7916d2"", ""696be9efa25766a48d7916d3"", ""696be9efa25766a48d7916d4"", ""696be9efa25766a48d7916d5"", ""696be9efa25766a48d7916d6"", ""696be9efa25766a48d7916d7""]",0.6208640000000001,0.94167,0.340498,0.31344700000000003,left,away,75.8342,5,backward,51.8801
209425,,,1,4327671,4328772,[],0.407404,0.335817,0.407404,0.335817,,neutral,0.0,0,,0.0
209425,12987.0,CD Subiza,1,4328772,4357317,"[""696be9efa25766a48d7916d8"", ""696be9efa25766a48d7916d9"", ""696be9efa25766a48d7916da"", ""696be9efa25766a48d7916db"", ""696be9efa25766a48d7916dc"", ""696be9efa25766a48d7916dd"", ""696be9efa25766a48d7916de"", ""696be9efa25766a48d7916df"", ""696be9efa25766a48d7916e0"", ""696be9efa25766a48d7916e1"", ""696be9efa25766a48d7916e2"", ""696be9efa25766a48d7916e3"", ""696be9efa25766a48d7916e4"", ""696be9efa25766a48d7916e5"", ""696be9efa25766a48d7916e6"", ""696be9efa25766a48d7916e7"", ""696be9efa25766a48d7916e8"", ""696be9efa25766a48d7916e9"", ""696be9efa25766a48d7916ea"", ""696be9efa25766a48d7916eb""]",0.407404,0.335817,0.315798,0.893157,left,away,136.0594,9,forward,39.1007
209425,,,1,4357317,4371486,[],0.34572499999999995,0.864339,0.34572499999999995,0.864339,,ballout,0.0,0,,0.0
209425,12987.0,CD Subiza,1,4371486,4380338,"[""696be9efa25766a48d7916ec"", ""696be9efa25766a48d7916ed"", ""696be9efa25766a48d7916ee"", ""696be9efa25766a48d7916ef"", ""696be9efa25766a48d7916f0"", ""696be9efa25766a48d7916f1"", ""696be9efa25766a48d7916f2""]",0.34572499999999995,0.864339,0.193316,0.648949,left,away,57.0524,4,backward,21.6937
209425,,,1,4380338,4386367,"[""696be9efa25766a48d7916f3"", ""696be9efa25766a48d7916f4""]",0.170566,0.46327300000000005,0.5486230000000001,0.828796,,neutral,46.8356,0,,46.8356
209425,12987.0,CD Subiza,1,4386367,4398622,"[""696be9efa25766a48d7916f5"", ""696be9efa25766a48d7916f6"", ""696be9efa25766a48d7916f7"", ""696be9efa25766a48d7916f8"", ""696be9efa25766a48d7916f9""]",0.5486230000000001,0.828796,0.43909200000000004,0.323609,left,away,72.671,3,backward,36.2267
209425,,,1,4398622,4400071,[],0.332437,0.273645,0.332437,0.273645,,neutral,0.0,0,,0.0
209425,7608.0,C.D. Izarra,1,4400071,4401012,"[""696be9efa25766a48d7916fa"", ""696be9efa25766a48d7916fb""]",0.332437,0.273645,0.335014,0.27260799999999996,right,home,0.2796,1,sideways,0.2796
209425,,,1,4401012,4406466,[],0.802283,0.436929,0.802283,0.436929,,neutral,0.0,0,,0.0
209425,12987.0,CD Subiza,1,4406466,4422847,"[""696be9efa25766a48d7916fc"", ""696be9efa25766a48d7916fd"", ""696be9efa25766a48d7916fe"", ""696be9efa25766a48d7916ff"", ""696be9efa25766a48d791700"", ""696be9efa25766a48d791701"", ""696be9efa25766a48d791703"", ""696be9efa25766a48d791704"", ""696be9efa25766a48d791705"", ""696be9efa25766a48d791706"", ""696be9efa25766a48d791707"", ""696be9efa25766a48d791709""]",0.802283,0.436929,0.422801,0.0291064,left,away,109.7915,6,backward,48.5462
209425,,,1,4422847,4423944,[],0.455751,0.02602199999999999,0.455751,0.02602199999999999,,neutral,0.0,0,,0.0
209425,7608.0,C.D. Izarra,1,4423944,4425105,"[""696be9efa25766a48d79170a"", ""696be9efa25766a48d79170b""]",0.455751,0.02602199999999999,0.512678,0.01790499999999995,right,home,6.0028,1,sideways,6.0028
209425,,,1,4425105,4437316,[],0.701138,0.183763,0.701138,0.183763,,ballout,0.0,0,,0.0
209425,12987.0,CD Subiza,1,4437316,4469587,"[""696be9efa25766a48d79170d"", ""696be9efa25766a48d79170e"", ""696be9efa25766a48d79170f"", ""696be9efa25766a48d791710"", ""696be9efa25766a48d791711"", ""696be9efa25766a48d791712"", ""696be9efa25766a48d791713"", ""696be9efa25766a48d791714"", ""696be9efa25766a48d791715"", ""696be9efa25766a48d791716"", ""696be9efa25766a48d791717"", ""696be9efa25766a48d791718"", ""696be9efa25766a48d791719"", ""696be9efa25766a48d79171a"", ""696be9efa25766a48d79171b"", ""696be9efa25766a48d79171c"", ""696be9efa25766a48d79171e"", ""696be9efa25766a48d79171f"", ""696be9efa25766a48d791720"", ""696be9efa25766a48d791721""]",0.701138,0.183763,0.273768,0.0404792,left,away,132.0499,11,sideways,45.9194
209425,,,1,4469587,4479695,"[""696be9efa25766a48d791722"", ""696be9efa25766a48d791723""]",0.21599,0.13694799999999996,0.74395,0.856408,,neutral,73.9366,0,,73.9366
209425,12987.0,CD Subiza,1,4479695,4495203,"[""696be9efa25766a48d791724"", ""696be9efa25766a48d791725"", ""696be9efa25766a48d791726"", ""696be9efa25766a48d791727"", ""696be9efa25766a48d791728"", ""696be9efa25766a48d791729"", ""696be9efa25766a48d79172a""]",0.74395,0.856408,0.529603,0.450998,left,away,40.9101,4,backward,35.5883
209425,,,1,4495203,4496705,[],0.327475,0.22206400000000004,0.327475,0.22206400000000004,,neutral,0.0,0,,0.0
209425,7608.0,C.D. Izarra,1,4496705,4499473,"[""696be9efa25766a48d79172b"", ""696be9efa25766a48d79172c""]",0.327475,0.22206400000000004,0.449079,0.05696000000000001,right,home,17.0023,1,backward,17.0023
209425,,,1,4499473,4500925,"[""696be9efa25766a48d79172d""]",0.521554,0.050124999999999975,0.521554,0.050124999999999975,,neutral,0.0,0,,0.0
209425,7608.0,C.D. Izarra,1,4500925,4502800,"[""696be9efa25766a48d79172e"", ""696be9efa25766a48d79172f""]",0.521554,0.050124999999999975,0.591902,0.02507499999999996,right,home,7.5804,0,sideways,7.5804
209425,,,1,4502800,4502970,[],0.607769,0.0457113,0.607769,0.0457113,,neutral,0.0,0,,0.0
209425,12987.0,CD Subiza,1,4502970,4510281,"[""696be9efa25766a48d791730"", ""696be9efa25766a48d791731"", ""696be9efa25766a48d791732"", ""696be9efa25766a48d791733"", ""696be9efa25766a48d791735"", ""696be9efa25766a48d791736"", ""696be9efa25766a48d791737""]",0.607769,0.0457113,0.46721599999999996,0.124084,left,away,19.0382,2,sideways,15.6908
209425,,,1,4510281,4526211,[],0.48577899999999996,0.123366,0.48577899999999996,0.123366,,ballout,0.0,0,,0.0
209425,12987.0,CD Subiza,1,4526211,4551910,"[""696be9efa25766a48d791738"", ""696be9efa25766a48d791739"", ""696be9efa25766a48d79173a"", ""696be9efa25766a48d79173b"", ""696be9efa25766a48d79173c"", ""696be9efa25766a48d79173d"", ""696be9efa25766a48d79173e"", ""696be9efa25766a48d79173f"", ""696be9efa25766a48d791740"", ""696be9efa25766a48d791741"", ""696be9efa25766a48d791742"", ""696be9efa25766a48d791743"", ""696be9efa25766a48d791744"", ""696be9efa25766a48d791745"", ""696be9efa25766a48d791746""]",0.48577899999999996,0.123366,0.15666100000000005,0.826002,left,away,117.2312,8,forward,58.9667
209425,,,1,4551910,4552112,[],0.158925,0.726557,0.158925,0.726557,,neutral,0.0,0,,0.0
209425,7608.0,C.D. Izarra,1,4552112,4553305,"[""696be9efa25766a48d791747"", ""696be9efa25766a48d791748""]",0.158925,0.726557,0.103046,0.75541,right,home,6.1866,0,sideways,6.1866
209425,,,1,4553305,4559671,"[""696be9efa25766a48d79174a"", ""696be9efa25766a48d79174b"", ""696be9efa25766a48d79174d"", ""696be9efa25766a48d79174e""]",0.189193,0.724754,0.189193,0.724754,,neutral,0.0,0,,0.0
209425,,,1,4559671,4589805,[],0.624583,1.0,0.624583,1.0,,ballout,0.0,0,,0.0
209425,7608.0,C.D. Izarra,1,4589805,4592033,"[""696be9efa25766a48d79174f"", ""696be9efa25766a48d791750""]",0.624583,1.0,0.692041,0.807055,right,home,15.1965,1,backward,14.9101
209425,12987.0,CD Subiza,1,4592033,4599491,"[""696be9efa25766a48d791751"", ""696be9efa25766a48d791752"", ""696be9efa25766a48d791753"", ""696be9efa25766a48d791754""]",0.692041,0.807055,0.23351900000000003,0.276603,left,away,48.9476,1,backward,60.1583
209425,,,1,4599491,4599847,[],0.227647,0.279377,0.227647,0.279377,,neutral,0.0,0,,0.0
209425,7608.0,C.D. Izarra,1,4599847,4622192,"[""696be9efa25766a48d791755"", ""696be9efa25766a48d791756"", ""696be9efa25766a48d791757"", ""696be9efa25766a48d791758"", ""696be9efa25766a48d791759"", ""696be9efa25766a48d79175a"", ""696be9efa25766a48d79175c"", ""696be9efa25766a48d79175d"", ""696be9efa25766a48d79175e"", ""696be9efa25766a48d79175f""]",0.227647,0.279377,0.667656,0.79328,right,home,73.8191,4,forward,57.9285
209425,,,1,4622192,4720957,[],0.758178,0.857405,0.758178,0.857405,,ballout,0.0,0,,0.0
209425,7608.0,C.D. Izarra,1,4720957,4722871,"[""696be9efa25766a48d791760"", ""696be9efa25766a48d791761"", ""696be9efa25766a48d791762""]",0.758178,0.857405,0.911215,0.880931,right,home,14.5624,1,sideways,16.1483
209425,,,1,4722871,4739320,[],0.9523133,0.447658,0.9523133,0.447658,,ballout,0.0,0,,0.0
209425,12987.0,CD Subiza,1,4739320,4753880,"[""696be9efa25766a48d791763"", ""696be9efa25766a48d791764"", ""696be9efa25766a48d791765"", ""696be9efa25766a48d791766"", ""696be9efa25766a48d791767"", ""696be9efa25766a48d791768"", ""696be9efa25766a48d791769"", ""696be9efa25766a48d79176a""]",0.9523133,0.447658,0.437067,0.783548,left,away,49.0981,5,forward,58.7247
209425,,,1,4753880,4754984,[],0.343842,0.737054,0.343842,0.737054,,neutral,0.0,0,,0.0
209425,7608.0,C.D. Izarra,1,4754984,4757391,"[""696be9efa25766a48d79176b"", ""696be9efa25766a48d79176c"", ""696be9efa25766a48d79176d"", ""696be9efa25766a48d79176e"", ""696be9efa25766a48d79176f""]",0.343842,0.737054,0.439484,0.849183,right,home,15.653,3,forward,12.609
209425,,,1,4757391,4762796,"[""696be9efa25766a48d791770"", ""696be9efa25766a48d791772""]",0.23228000000000004,0.981262,0.23228000000000004,0.981262,,neutral,0.0,0,,0.0
209425,12987.0,CD Subiza,1,4762796,4765161,"[""696be9efa25766a48d791773"", ""696be9efa25766a48d791774""]",0.23228000000000004,0.981262,0.19630099999999995,0.960593,left,away,4.0308,1,sideways,4.0308
209425,,,1,4765161,4766838,[],0.277668,0.820329,0.277668,0.820329,,neutral,0.0,0,,0.0
209425,7608.0,C.D. Izarra,1,4766838,4767538,"[""696be9efa25766a48d791775"", ""696be9efa25766a48d791777""]",0.277668,0.820329,0.234285,0.769551,right,home,5.716,2,backward,5.716
209425,,,1,4767538,4771013,[],0.617218,0.866768,0.617218,0.866768,,neutral,0.0,0,,0.0
209425,12987.0,CD Subiza,1,4771013,4773350,"[""696be9efa25766a48d791778""]",0.617218,0.866768,0.646701,0.9375451,left,away,5.7225,0,forward,5.7225
209425,7608.0,C.D. Izarra,1,4773350,4774332,"[""696be9efa25766a48d791779"", ""696be9efa25766a48d79177a""]",0.646701,0.9375451,0.737456,1.0,right,home,10.4328,0,forward,10.4328
209425,,,1,4774332,4796838,[],0.58733,0.9898413,0.58733,0.9898413,,ballout,0.0,0,,0.0
209425,7608.0,C.D. Izarra,1,4796838,4796838,"[""696be9efa25766a48d79177b""]",0.58733,0.9898413,0.58733,0.9898413,right,home,0.0,1,sideways,0.0
209425,,,1,4796838,4799783,[],0.86948,0.870876,0.86948,0.870876,,neutral,0.0,0,,0.0
209425,12987.0,CD Subiza,1,4799783,4801482,"[""696be9efa25766a48d79177c"", ""696be9efa25766a48d79177d""]",0.86948,0.870876,0.870795,0.856619,left,away,0.9793,1,backward,0.9793
209425,,,1,4801482,4806409,"[""696be9efa25766a48d79177e""]",0.801798,1.0,0.801798,1.0,,ballout,0.0,0,,0.0
209425,12987.0,CD Subiza,1,4806409,4819811,"[""696be9efa25766a48d79177f"", ""696be9efa25766a48d791780"", ""696be9efa25766a48d791781"", ""696be9efa25766a48d791782"", ""696be9efa25766a48d791783"", ""696be9efa25766a48d791784"", ""696be9efa25766a48d791785""]",0.801798,1.0,0.42437100000000005,0.0997456,left,away,78.6501,5,backward,72.9252
209425,,,1,4819811,4821272,"[""696be9efa25766a48d791786""]",0.387356,0.23182400000000003,0.387356,0.23182400000000003,,neutral,0.0,0,,0.0
209425,7608.0,C.D. Izarra,1,4821272,4828358,"[""696be9efa25766a48d791787"", ""696be9efa25766a48d791788"", ""696be9efa25766a48d791789"", ""696be9efa25766a48d79178b""]",0.387356,0.23182400000000003,0.670277,0.247332,right,home,14.4534,2,sideways,29.7254
209425,,,1,4828358,4839770,[],0.947054,0.622811,0.947054,0.622811,,ballout,0.0,0,,0.0
209425,12987.0,CD Subiza,1,4839770,4882171,"[""696be9efa25766a48d79178c"", ""696be9efa25766a48d79178d"", ""696be9efa25766a48d79178e"", ""696be9efa25766a48d79178f"", ""696be9efa25766a48d791790"", ""696be9efa25766a48d791791"", ""696be9efa25766a48d791792"", ""696be9efa25766a48d791793"", ""696be9efa25766a48d791794"", ""696be9efa25766a48d791795"", ""696be9efa25766a48d791796"", ""696be9efa25766a48d791797"", ""696be9efa25766a48d791798"", ""696be9efa25766a48d791799"", ""696be9efa25766a48d79179a"", ""696be9efa25766a48d79179b"", ""696be9efa25766a48d79179c"", ""696be9efa25766a48d79179d"", ""696be9efa25766a48d79179e"", ""696be9efa25766a48d79179f"", ""696be9efa25766a48d7917a0"", ""696be9efa25766a48d7917a1"", ""696be9efa25766a48d7917a2"", ""696be9efa25766a48d7917a3"", ""696be9efa25766a48d7917a4"", ""696be9efa25766a48d7917a5""]",0.947054,0.622811,0.220827,0.305948,left,away,173.4408,13,sideways,79.2396
209425,,,1,4882171,4941118,[],0.199202,0.296476,0.199202,0.296476,,ballout,0.0,0,,0.0
209425,12987.0,CD Subiza,1,4941118,4941118,"[""696be9efa25766a48d7917a6""]",0.199202,0.296476,0.199202,0.296476,left,away,0.0,0,sideways,0.0
209425,,,1,4941118,4942960,"[""696be9efa25766a48d7917a7"", ""696be9efa25766a48d7917a8""]",0.14891500000000002,0.480347,0.13186799999999999,0.527088,,neutral,3.6477,0,,3.6477
209425,12987.0,CD Subiza,1,4942960,4942960,"[""696be9efa25766a48d7917a9""]",0.13186799999999999,0.527088,0.13186799999999999,0.527088,left,away,0.0,0,sideways,0.0
209425,,,1,4942960,5006871,[],0.0547979,0.5998410000000001,0.0547979,0.5998410000000001,,ballout,0.0,0,,0.0
209425,7608.0,C.D. Izarra,1,5006871,5010271,"[""696be9efa25766a48d7917ae"", ""696be9efa25766a48d7917af""]",0.0547979,0.5998410000000001,0.601418,0.830936,right,home,59.5075,2,sideways,59.5075
209425,,,1,5010271,5011714,[],0.67896,0.946297,0.67896,0.946297,,neutral,0.0,0,,0.0
209425,12987.0,CD Subiza,1,5011714,5044921,"[""696be9efa25766a48d7917b0"", ""696be9efa25766a48d7917b1"", ""696be9efa25766a48d7917b2"", ""696be9efa25766a48d7917b3"", ""696be9efa25766a48d7917b4"", ""696be9efa25766a48d7917b5"", ""696be9efa25766a48d7917b6"", ""696be9efa25766a48d7917b7"", ""696be9efa25766a48d7917b8"", ""696be9efa25766a48d7917b9"", ""696be9efa25766a48d7917ba"", ""696be9efa25766a48d7917bb"", ""696be9efa25766a48d7917bc""]",0.67896,0.946297,0.327068,0.838161,left,away,87.7527,7,sideways,37.6732
209425,,,1,5044921,5109620,[],0.235759,0.730164,0.235759,0.730164,,ballout,0.0,0,,0.0
209425,7608.0,C.D. Izarra,1,5109620,5109620,"[""696be9efa25766a48d7917bf""]",0.235759,0.730164,0.235759,0.730164,right,home,0.0,1,sideways,0.0
209425,,,1,5109620,5115538,"[""696be9efa25766a48d7917c0"", ""696be9efa25766a48d7917c2"", ""696be9efa25766a48d7917c4""]",0.7979849999999999,0.754033,0.899721,0.675764,,neutral,11.9347,0,,11.9347
209425,,,1,5115538,5133705,[],0.846934,1.0,0.846934,1.0,,ballout,0.0,0,,0.0
209425,7608.0,C.D. Izarra,1,5133705,5135938,"[""696be9efa25766a48d7917c5"", ""696be9efa25766a48d7917c7"", ""696be9efa25766a48d7917c8""]",0.846934,1.0,0.942394,0.7824599999999999,right,home,17.9144,2,backward,17.8687
209425,,,1,5135938,5137704,[],0.874142,0.713386,0.874142,0.713386,,neutral,0.0,0,,0.0
209425,12987.0,CD Subiza,1,5137704,5139044,"[""696be9efa25766a48d7917c9"", ""696be9efa25766a48d7917ca"", ""696be9efa25766a48d7917cb""]",0.874142,0.713386,0.798852,0.633109,left,away,9.607,0,backward,9.607
209425,,,1,5139044,5145981,[],0.7478940000000001,0.40056,0.7478940000000001,0.40056,,ballout,0.0,0,,0.0
209425,12987.0,CD Subiza,1,5145981,5166304,"[""696be9efa25766a48d7917cc"", ""696be9efa25766a48d7917cd"", ""696be9efa25766a48d7917ce"", ""696be9efa25766a48d7917cf"", ""696be9efa25766a48d7917d0"", ""696be9efa25766a48d7917d1"", ""696be9efa25766a48d7917d2"", ""696be9efa25766a48d7917d3"", ""696be9efa25766a48d7917d4""]",0.7478940000000001,0.40056,0.41068800000000005,0.421682,left,away,58.6416,5,sideways,35.4358
209425,,,1,5166304,5168344,[],0.299786,0.867216,0.299786,0.867216,,neutral,0.0,0,,0.0
209425,7608.0,C.D. Izarra,1,5168344,5170399,"[""696be9efa25766a48d7917d5"", ""696be9efa25766a48d7917d6""]",0.299786,0.867216,0.397455,0.88871,right,home,10.3589,2,sideways,10.3589
209425,,,1,5170399,5173771,"[""696be9efa25766a48d7917d7""]",0.31527099999999997,0.91385,0.377784,0.953775,,neutral,7.1032,0,,7.1032
209425,7608.0,C.D. Izarra,1,5173771,5175051,"[""696be9efa25766a48d7917d8"", ""696be9efa25766a48d7917d9"", ""696be9efa25766a48d7917da""]",0.377784,0.953775,0.435991,0.9447584,right,home,6.1424,0,sideways,6.1424
209425,,,1,5175051,5228003,[],0.404559,0.9068887,0.404559,0.9068887,,ballout,0.0,0,,0.0
209425,7608.0,C.D. Izarra,1,5228003,5228003,"[""696be9efa25766a48d7917db""]",0.404559,0.9068887,0.404559,0.9068887,right,home,0.0,1,sideways,0.0
209425,,,1,5228003,5235205,"[""696be9efa25766a48d7917dc"", ""696be9efa25766a48d7917de""]",0.6620429999999999,0.337704,0.426172,0.23639,,neutral,25.7068,0,,25.7068
209425,7608.0,C.D. Izarra,1,5235205,5239834,"[""696be9efa25766a48d7917df"", ""696be9efa25766a48d7917e0""]",0.426172,0.23639,0.916126,0.02727400000000002,right,home,53.3743,1,sideways,53.3743
209425,,,1,5239834,5294671,"[""696be9efa25766a48d7917e1""]",0.934245,0.06834600000000002,0.934245,0.06834600000000002,,ballout,0.0,0,,0.0
209425,7608.0,C.D. Izarra,1,5294671,5294671,"[""696be9efa25766a48d7917e2""]",0.934245,0.06834600000000002,0.934245,0.06834600000000002,right,home,0.0,0,sideways,0.0
209425,,,1,5294671,5299018,"[""696be9efa25766a48d7917e3""]",1.0,0.496659,0.799831,0.358334,,neutral,23.0265,0,,23.0265
209425,12987.0,CD Subiza,1,5299018,5300592,"[""696be9efa25766a48d7917e4"", ""696be9efa25766a48d7917e5""]",0.799831,0.358334,0.695924,0.5698570000000001,left,away,6.5448,1,forward,18.0533
209425,7608.0,C.D. Izarra,1,5300592,5310296,"[""696be9efa25766a48d7917e6"", ""696be9efa25766a48d7917e7"", ""696be9efa25766a48d7917e8"", ""696be9efa25766a48d7917e9""]",0.695924,0.5698570000000001,0.918128,0.899796,right,home,12.0717,1,forward,32.3685
209425,,,1,5310296,5329971,[],0.920275,1.0,0.920275,1.0,,ballout,0.0,0,,0.0
209425,7608.0,C.D. Izarra,1,5329971,5333204,"[""696be9efa25766a48d7917ea"", ""696be9efa25766a48d7917eb"", ""696be9efa25766a48d7917ec""]",0.920275,1.0,0.9628318,0.94053,right,home,8.7685,1,backward,6.0267
209425,,,1,5333204,5342855,[],0.9196,0.99703611,0.9196,0.99703611,,ballout,0.0,0,,0.0
209425,7608.0,C.D. Izarra,1,5342855,5342855,"[""696be9efa25766a48d7917ed""]",0.9196,0.99703611,0.9196,0.99703611,right,home,0.0,1,sideways,0.0
209425,,,1,5342855,5345669,"[""696be9efa25766a48d7917ef""]",0.9731308,0.828451,0.868165,0.70224,,neutral,13.9688,0,,13.9688
209425,12987.0,CD Subiza,1,5345669,5348171,"[""696be9efa25766a48d7917f0"", ""696be9efa25766a48d7917f1"", ""696be9efa25766a48d7917f2""]",0.868165,0.70224,0.8116140000000001,0.722676,left,away,6.0983,0,sideways,6.0983
209425,,,1,5348171,5356693,[],0.791285,0.727881,0.791285,0.727881,,ballout,0.0,0,,0.0
209425,12987.0,CD Subiza,1,5356693,5382176,"[""696be9efa25766a48d7917f3"", ""696be9efa25766a48d7917f4"", ""696be9efa25766a48d7917f5"", ""696be9efa25766a48d7917f6"", ""696be9efa25766a48d7917f7"", ""696be9efa25766a48d7917f8"", ""696be9efa25766a48d7917f9"", ""696be9efa25766a48d7917fa"", ""696be9efa25766a48d7917fb"", ""696be9efa25766a48d7917fc"", ""696be9efa25766a48d7917fd"", ""696be9efa25766a48d7917fe"", ""696be9efa25766a48d7917ff""]",0.791285,0.727881,0.21845800000000004,0.140785,left,away,97.9705,6,backward,72.1904
209425,,,1,5382176,5419871,[],0.0529879,0.576882,0.0529879,0.576882,,ballout,0.0,0,,0.0
209425,7608.0,C.D. Izarra,1,5419871,5423477,"[""696be9efa25766a48d791800"", ""696be9efa25766a48d791801"", ""696be9efa25766a48d791802""]",0.0529879,0.576882,0.640586,0.681119,right,home,62.1036,1,sideways,62.1036
209425,,,1,5423477,5466838,[],0.634756,0.654724,0.634756,0.654724,,ballout,0.0,0,,0.0
209425,7608.0,C.D. Izarra,1,5466838,5466838,"[""696be9efa25766a48d791803""]",0.634756,0.654724,0.634756,0.654724,right,home,0.0,1,sideways,0.0
209425,,,1,5466838,5488538,"[""696be9efa25766a48d791804""]",0.449961,1.0,0.449961,1.0,,ballout,0.0,0,,0.0
209425,7608.0,C.D. Izarra,1,5488538,5488538,"[""696be9efa25766a48d791805""]",0.449961,1.0,0.449961,1.0,right,home,0.0,1,sideways,0.0
209425,,,1,5488538,5490029,[],0.62098,0.952342,0.62098,0.952342,,neutral,0.0,0,,0.0
209425,12987.0,CD Subiza,1,5490029,5490029,"[""696be9efa25766a48d791806""]",0.62098,0.952342,0.62098,0.952342,left,away,0.0,1,sideways,0.0
209425,,,1,5490029,5495150,"[""696be9efa25766a48d791807"", ""696be9efa25766a48d791808""]",0.408052,0.9682015,0.41045600000000004,0.802725,,neutral,11.2552,0,,11.2552
209425,12987.0,CD Subiza,1,5495150,5499236,"[""696be9efa25766a48d791809"", ""696be9efa25766a48d79180a"", ""696be9efa25766a48d79180c""]",0.41045600000000004,0.802725,0.34504199999999996,0.538419,left,away,19.2405,1,backward,19.2405
209425,,,1,5499236,5499532,[],0.345009,0.471866,0.345009,0.471866,,neutral,0.0,0,,0.0
209425,7608.0,C.D. Izarra,1,5499532,5501605,"[""696be9efa25766a48d79180d"", ""696be9efa25766a48d79180e""]",0.345009,0.471866,0.43242,0.43193499999999996,right,home,9.5714,0,sideways,9.5714
209425,,,1,5501605,5504467,[],0.9792042,0.580649,0.9792042,0.580649,,neutral,0.0,0,,0.0
209425,12987.0,CD Subiza,1,5504467,5514400,"[""696be9efa25766a48d79180f"", ""696be9efa25766a48d791810"", ""696be9efa25766a48d791811"", ""696be9efa25766a48d791812""]",0.9792042,0.580649,0.50248,0.607428,left,away,15.5682,2,sideways,50.0892
209425,,,1,5514400,5529738,[],0.36903,0.0,0.36903,0.0,,ballout,0.0,0,,0.0
209425,7608.0,C.D. Izarra,1,5529738,5529738,"[""696be9efa25766a48d791813""]",0.36903,0.0,0.36903,0.0,right,home,0.0,1,sideways,0.0
209425,,,1,5529738,5531719,"[""696be9efa25766a48d791814""]",0.625704,0.0575387,0.625704,0.0575387,,neutral,0.0,0,,0.0
209425,,,1,5531719,5548589,[],0.703153,0.0018139999999999823,0.703153,0.0018139999999999823,,ballout,0.0,0,,0.0
209425,7608.0,C.D. Izarra,1,5548589,5548589,"[""696be9efa25766a48d791816""]",0.703153,0.0018139999999999823,0.703153,0.0018139999999999823,right,home,0.0,1,sideways,0.0
209425,,,1,5548589,5552466,"[""696be9efa25766a48d791817"", ""696be9efa25766a48d791818"", ""696be9efa25766a48d791819""]",0.8368450000000001,0.065793,0.706366,0.05090399999999995,,neutral,13.7377,0,,13.7377
209425,,,1,5552466,5604171,[],0.697837,0.07488600000000001,0.697837,0.07488600000000001,,ballout,0.0,0,,0.0
209425,7608.0,C.D. Izarra,1,5604171,5604171,"[""696be9efa25766a48d79181a""]",0.697837,0.07488600000000001,0.697837,0.07488600000000001,right,home,0.0,0,sideways,0.0
209425,,,1,5604171,5607405,"[""696be9efa25766a48d79181b""]",0.84349,0.484364,0.547758,0.28986199999999995,,neutral,33.7513,0,,33.7513
209425,7608.0,C.D. Izarra,1,5607405,5611048,"[""696be9efa25766a48d79181c"", ""696be9efa25766a48d79181d""]",0.547758,0.28986199999999995,0.902117,0.24055899999999997,right,home,37.3584,1,sideways,37.3584
209425,,,1,5611048,5616020,"[""696be9efa25766a48d79181e"", ""696be9efa25766a48d79181f""]",0.9737883,0.105386,0.800368,0.241464,,neutral,20.4254,0,,20.4254
209425,7608.0,C.D. Izarra,1,5616020,5617138,"[""696be9efa25766a48d791820"", ""696be9efa25766a48d791821""]",0.800368,0.241464,0.788727,0.263104,right,home,1.913,0,forward,1.913
209425,,,1,5617138,5620238,"[""696be9efa25766a48d791822""]",0.882036,0.38384,0.604215,0.286158,,neutral,29.9179,0,,29.9179
209425,7608.0,C.D. Izarra,1,5620238,5620238,"[""696be9efa25766a48d791823""]",0.604215,0.286158,0.604215,0.286158,right,home,0.0,1,sideways,0.0
209425,,,1,5620238,5622204,"[""696be9efa25766a48d791824"", ""696be9efa25766a48d791825""]",0.693018,0.229449,0.693018,0.229449,,neutral,0.0,0,,0.0
209425,,,1,5622204,5630417,[],0.733269,0.174321,0.733269,0.174321,,ballout,0.0,0,,0.0
209425,12987.0,CD Subiza,1,5630417,5644327,"[""696be9efa25766a48d791826"", ""696be9efa25766a48d791827"", ""696be9efa25766a48d791828"", ""696be9efa25766a48d791829"", ""696be9efa25766a48d79182a"", ""696be9efa25766a48d79182b"", ""696be9efa25766a48d79182c""]",0.733269,0.174321,0.10820099999999999,0.826069,left,away,65.1523,3,forward,79.1943
209425,,,1,5644327,5644405,"[""696be9efa25766a48d79182d""]",0.114688,0.7914760000000001,0.114688,0.7914760000000001,,neutral,0.0,0,,0.0
