match_id_app,secuencia_rival_id,bepro_sequence_id,origen_segmentacion,tipologia,cluster_trayectoria,period,minuto_partido,start_time_seg,end_time_seg,end_time_bepro_ms,motivo_cierre,duracion_seg,indice_desorganizacion,indice_peligrosidad_accion,score_critico,xT_max,xT_added,pico_amenaza_concedida,exposicion_amenaza_concedida,control_campo_subiza_medio,control_campo_rival_medio,control_zona_peligrosa_subiza_medio,control_zona_peligrosa_rival_medio,pitch_control_rival_detras_linea,perdida_control_campo_subiza,incremento_control_zona_peligrosa_rival,categoria_desorganizacion_auto,categoria_peligrosidad_auto,tipo_desorganizacion_principal,tipo_desorganizacion_secundaria,tipo_finalizacion_tiro,tipo_finalizacion_tiro_puerta,es_gol,xg_tiro,score_finalizacion,match_time_tiro_oficial,distancia_tiro_seq_ms,tipo_asignacion_tiro_seq,x_fin,y_fin,ball_x_ini_m,ball_y_ini_m,ball_x_fin_m,ball_y_fin_m,ball_x_ini_norm_m,ball_y_ini_norm_m,ball_x_fin_norm_m,ball_y_fin_norm_m,progresion_x_norm_m,x_max_norm_m,recorrido_balon_m,recorrido_bepro_m,progresion_bepro_m,num_pases_bepro,direccion_progresion_bepro,num_eventos,num_eventos_rivales,tiene_setpiece,tipo_secuencia_ofensiva,motivo_conservacion,motivo_cierre.1,frames_poseedor_rival,frames_poseedor_propio,pct_poseedor_rival,validacion_rival_ok,alerta_validacion,indice_desorganizacion_nivel,indice_peligrosidad_accion_nivel
199542,34,270,bepro_sequences,T1,1.0,0,40.7,2432.469,2441.669,2441669.0,cierre_bepro,9.2,0.789,1.0,0.767,0.206,0.181,0.206,1.484,0.1847083940019537,0.8152916059980463,0.5087739553652909,0.491226044634709,0.491226044634709,0.038602276446703,0.0897667449338973,critica,critica,pitch_control_rival,presion_distancia,1,0,False,0.19,0.433,2441669.0,0.0,dentro_intervalo,94.962,26.2528,65.37180000000001,63.2704,94.962,26.2528,65.37180000000001,63.2704,94.962,26.2528,29.5902,94.962,47.39074430519107,61.2507,48.816,2,backward,4,4,True,balon_parado_con_continuidad,setpiece_con_continuidad_bepro,cierre_bepro,12.0,0.0,1.0,True,,Crítica,Amenaza crítica
199542,70,583,bepro_sequences,T1,1.0,1,86.2,5164.562,5174.361,5174361.0,cierre_bepro,9.799,0.678,0.989,0.73,0.238,0.191,0.238,1.8,0.3293013080337786,0.6706986919662214,0.5966855659306602,0.4033144340693396,0.4033144340693396,0.0810313875246315,0.1880842220078856,alta,critica,estructura_retroceso,pitch_control_rival,1,1,False,0.19,0.433,5174361.0,0.0,dentro_intervalo,9.608440800000002,27.7176704,48.78761592,59.397920000000006,9.608440800000002,27.7176704,53.21238408,4.602079999999994,92.3915592,36.2823296,39.17917512,93.56307915093709,50.384977699726406,50.384977699726406,52.1482,1,backward,4,4,False,transicion_rapida,origen_recuperacion_rival,cierre_bepro,19.0,0.0,1.0,True,,Crítica,Amenaza crítica
199542,42,340,bepro_sequences,T1,1.0,1,50.2,3003.128,3009.094,3007961.0,cierre_recuperacion_propia,5.966,0.585,1.0,0.7,0.227,0.005,0.227,2.693,0.1517903291006683,0.8482096708993316,0.4705668740959584,0.5294331259040416,0.5294331259040416,-0.0042579807831828,0.079737476074277,media,critica,pitch_control_rival,presion_distancia,1,0,False,0.02,0.314,3000961.0,2167.0,tiro_cercano_a_intervalo,9.768342834000002,42.28621952,19.604639058804192,31.275672032487403,9.768342834000002,42.28621952,82.3953609411958,32.72432796751259,92.231657166,21.71378048,9.836296224804189,96.701580522,14.764311003120572,24.077,30.5285,2,forward,4,4,False,transicion_rapida,origen_recuperacion_rival,cierre_recuperacion_propia,12.0,0.0,1.0,True,,Inestable,Amenaza crítica
199542,36,285,bepro_sequences,T2,2.0,0,44.0,2622.032,2642.136,2639036.0,cierre_recuperacion_propia,20.104,0.749,0.833,0.656,0.094,0.021,0.094,0.984,0.2957465687464828,0.7042534312535171,0.6155129097374145,0.3844870902625855,0.3844870902625855,0.5028828326783433,0.6349713493736242,critica,muy_alta,estructura_retroceso,pitch_control_rival,0,0,False,,0.3,,,,88.27045626000002,61.98290304,39.678,37.7088,88.27045626000002,61.98290304,39.678,37.7088,88.27045626000002,61.98290304,48.59245626000001,93.7150908,54.31812665930731,84.3682,59.2478,4,sideways,6,6,False,ataque_elaborado,recuperacion_con_posesion_elaborada,cierre_recuperacion_propia,18.0,2.0,0.9,True,,Crítica,Amenaza crítica
199542,22,145,bepro_sequences,T1,1.0,0,21.9,1301.336,1313.036,1313036.0,cierre_bepro,11.7,0.545,0.915,0.645,0.211,0.198,0.211,1.694,0.4954921713086181,0.5045078286913818,0.8027826388001011,0.197217361199899,0.197217361199899,0.5386395507219692,0.5056165099388407,media,muy_alta,estructura_retroceso,presion_distancia,1,0,False,0.1,0.37,1313036.0,0.0,dentro_intervalo,89.9391834,27.570387199999992,33.282599999999995,14.3104,89.9391834,27.570387199999992,33.282599999999995,14.3104,89.9391834,27.570387199999992,56.65658340000001,89.9391834,58.18759062811692,74.2998,56.7472,2,sideways,5,5,False,ataque_elaborado,recuperacion_con_posesion_elaborada,cierre_bepro,13.0,0.0,1.0,True,,Inestable,Amenaza crítica
199542,33,263,bepro_sequences,T2,2.0,0,39.0,2325.036,2339.011,2339011.0,cierre_bepro,13.975,0.545,0.903,0.629,0.159,0.147,0.159,0.823,0.4871074203529376,0.5128925796470624,0.8359884326764775,0.1640115673235225,0.1640115673235225,0.4876587014802072,0.5847693014140751,media,muy_alta,estructura_retroceso,pitch_control_rival,1,1,False,0.15,0.405,2339011.0,0.0,dentro_intervalo,92.0856,41.2864,33.719610432,56.36265664000001,92.0856,41.2864,33.719610432,56.36265664000001,92.0856,41.2864,58.365989568,92.565,60.281690856569625,62.8957,64.3002,4,sideways,9,9,False,ataque_elaborado,recuperacion_con_posesion_elaborada,cierre_bepro,21.0,0.0,1.0,True,,Inestable,Amenaza crítica
199542,24,166,bepro_sequences,T1,1.0,0,25.7,1527.611,1544.669,1544669.0,cierre_bepro,17.058,0.704,0.741,0.596,0.08,0.065,0.08,0.735,0.3259240997071366,0.6740759002928635,0.7780231363938537,0.2219768636061463,0.2219768636061463,0.4329040097024512,0.6540242604165319,muy_alta,muy_alta,estructura_retroceso,pitch_control_rival,1,0,False,0.02,0.314,1544669.0,0.0,dentro_intervalo,84.02759999999999,49.024,41.0652,12.7104,84.02759999999999,49.024,41.0652,12.7104,84.02759999999999,49.024,42.96239999999999,84.02759999999999,56.253403085680056,59.7783,58.9852,3,forward,8,8,False,ataque_elaborado,recuperacion_con_posesion_elaborada,cierre_bepro,19.0,1.0,0.95,True,,Crítica,Amenaza crítica
199542,49,416,bepro_sequences,T2,2.0,1,59.5,3546.561,3572.669,3569728.0,cierre_recuperacion_propia,26.108,0.69,0.6,0.57,0.295,0.154,0.295,1.619,0.1898550103500182,0.8101449896499819,0.5444384343347215,0.4555615656652786,0.4555615656652786,0.1218409544693947,0.1226608391590585,alta,alta,pitch_control_rival,estructura_anchura,0,0,False,,0.1,,,,3.466521458402238,36.94777957661813,21.675,21.8688,3.466521458402238,36.94777957661813,80.325,42.1312,98.53347854159776,27.05222042338187,18.20847854159776,98.6646,23.64158023212266,64.5963,22.9925,7,backward,15,15,False,ataque_elaborado,recuperacion_con_posesion_elaborada,cierre_recuperacion_propia,64.0,3.0,0.9552238805970148,True,,Crítica,Amenaza crítica
199542,41,328,bepro_sequences,T2,2.0,1,49.3,2947.328,2955.984,2954661.0,cierre_recuperacion_propia,8.656,0.696,0.592,0.569,0.295,0.118,0.295,1.926,0.2566654513002306,0.7433345486997694,0.5882049856293631,0.4117950143706368,0.4117950143706368,0.0762984069922431,0.1187586203894388,alta,alta,pitch_control_rival,estructura_retroceso,0,0,False,,0.1,,,,5.355157692000001,23.288405760000003,37.44152454,30.70688704,5.355157692000001,23.288405760000003,64.55847546,33.29311296,96.644842308,40.71159424,32.086366848,97.238621232,32.93279219875144,39.9213,39.266,2,backward,4,4,False,transicion_rapida,origen_recuperacion_rival,cierre_recuperacion_propia,9.0,0.0,1.0,True,,Crítica,Amenaza crítica
199542,13,83,bepro_sequences,T3,3.0,0,13.9,804.842,831.803,831803.0,cierre_bepro,26.961,0.711,0.639,0.545,0.043,0.02,0.043,0.454,0.4217678498714684,0.5782321501285316,0.8101505689546495,0.1898494310453503,0.1898494310453503,0.3889196595855489,0.4308380757161399,muy_alta,muy_alta,estructura_anchura,estructura_retroceso,0,0,False,,0.3,,,,91.5271908,62.481328,41.89508526,36.71015744,91.5271908,62.481328,41.89508526,36.71015744,91.5271908,62.481328,49.63210554,91.5271908,55.92404788967183,153.4112,58.1437,6,forward,13,13,False,ataque_elaborado,recuperacion_con_posesion_elaborada,cierre_bepro,45.0,0.0,1.0,True,,Crítica,Amenaza crítica
199542,58,498,bepro_sequences,T2,2.0,1,72.8,4353.405,4367.724,4365841.0,cierre_recuperacion_propia,14.319,0.707,0.565,0.543,0.206,0.164,0.206,1.292,0.2725395282792954,0.7274604717207046,0.6630463079948778,0.3369536920051222,0.3369536920051222,0.2097532062265641,0.2538857529253442,muy_alta,alta,estructura_anchura,pitch_control_rival,0,0,False,,0.1,,,,7.803,25.8176,35.8428,14.3488,7.803,25.8176,66.1572,49.6512,94.197,38.1824,28.0398,94.3602,30.294615981721897,38.6023,26.3115,3,sideways,6,6,False,ataque_elaborado,recuperacion_con_posesion_elaborada,cierre_recuperacion_propia,28.0,0.0,1.0,True,,Crítica,Amenaza crítica
199542,61,525,bepro_sequences,T2,2.0,1,77.2,4628.361,4633.527,4631607.0,cierre_recuperacion_propia,5.166,0.632,0.582,0.535,0.262,0.224,0.262,2.483,0.2004886104103514,0.7995113895896485,0.6174527771605541,0.3825472228394458,0.3825472228394458,0.0631731853632782,0.1834597147146016,alta,alta,pitch_control_rival,estructura_anchura,0,0,False,,0.1,,,,9.406305768,33.46523456,16.1874,0.416,9.406305768,33.46523456,85.8126,63.584,92.593694232,30.53476544,6.781094232000001,95.26766952,33.73774064731013,5.8155,24.5351,1,forward,2,2,True,balon_parado_con_continuidad,setpiece_con_continuidad_bepro,cierre_recuperacion_propia,5.0,2.0,0.7142857142857143,True,,Crítica,Amenaza crítica
199542,56,485,bepro_sequences,T2,2.0,1,71.3,4273.359,4278.361,4274861.0,cierre_recuperacion_propia,5.002,0.653,0.541,0.502,0.148,0.128,0.148,1.352,0.282468489729419,0.7175315102705808,0.683067426542757,0.316932573457243,0.316932573457243,-0.02816089962468,-0.0159372249451923,alta,alta,pitch_control_rival,estructura_retroceso,0,0,False,,0.1,,,,9.0066,20.8448,44.88,1.0688,9.0066,20.8448,57.12,62.9312,92.9934,43.1552,35.8734,92.9934,40.96328848566726,18.4626,18.4626,2,forward,2,2,True,balon_parado_con_continuidad,setpiece_con_continuidad_bepro,cierre_recuperacion_propia,,,,False,Revisar: el poseedor detectado no confirma dominio rival en la secuencia.,Crítica,Amenaza crítica
199542,37,297,bepro_sequences,T2,2.0,1,45.6,2717.568,2734.559,2732128.0,cierre_recuperacion_propia,16.991,0.629,0.5,0.486,0.202,0.181,0.202,1.063,0.4255456693749956,0.5744543306250044,0.8440331979554043,0.1559668020445956,0.1559668020445956,0.2601951723774567,0.3180299168358195,alta,alta,estructura_retroceso,estructura_anchura,0,0,False,,0.1,,,,1.468879305,23.16168,60.259620327438505,42.07879130099283,1.468879305,23.16168,41.740379672561495,21.921208699007167,100.531120695,40.83832,58.7907410224385,101.40522015,61.759277278329485,62.8694,61.4338,5,backward,10,10,False,ataque_elaborado,recuperacion_con_posesion_elaborada,cierre_recuperacion_propia,31.0,3.0,0.9117647058823528,True,,Crítica,Amenaza crítica
199542,28,200,bepro_sequences,T2,2.0,0,30.8,1837.269,1850.54,1847040.0,cierre_recuperacion_propia,13.271,0.698,0.463,0.485,0.161,0.118,0.161,1.15,0.3168748059234471,0.6831251940765528,0.6698647600725873,0.3301352399274128,0.3301352399274128,0.2443142319946475,0.5739180513553764,muy_alta,media,estructura_retroceso,pitch_control_rival,0,0,False,,0.05,,,,96.174673002,45.8072576,46.855710194134176,59.64252216895829,96.174673002,45.8072576,46.855710194134176,59.64252216895829,96.174673002,45.8072576,49.31896280786583,96.71707422,51.22279412660662,47.7566,49.6095,3,sideways,6,6,True,balon_parado_con_continuidad,setpiece_con_continuidad_bepro,cierre_recuperacion_propia,24.0,3.0,0.8888888888888888,True,,Crítica,Alta amenaza
199542,50,420,bepro_sequences,T1,1.0,1,59.7,3575.928,3582.429,3582429.0,cierre_bepro,6.501,0.779,0.423,0.48,0.083,0.042,0.083,1.053,0.1752600800505786,0.8247399199494213,0.4600907220234999,0.5399092779765002,0.5399092779765002,0.0151382754527595,0.1403869804191094,critica,media,pitch_control_rival,estructura_anchura,0,0,False,,0.1,,,,1.5198,53.9968,29.180017199999995,54.07616,1.5198,53.9968,72.8199828,9.923839999999998,100.4802,10.0032,27.66021719999999,100.4802,27.66033104575532,16.6598,29.1713,1,sideways,3,3,False,transicion_rapida,origen_recuperacion_rival,cierre_bepro,7.0,0.0,1.0,True,,Crítica,Alta amenaza
199542,57,489,bepro_sequences,T1,1.0,1,72.0,4305.861,4320.528,4320528.0,cierre_bepro,14.667,0.742,0.433,0.476,0.107,0.076,0.107,0.958,0.3472453250371505,0.6527546749628496,0.7059326042006897,0.2940673957993104,0.2940673957993104,0.5084059175221305,0.5743512309526209,muy_alta,media,estructura_retroceso,estructura_anchura,0,0,False,,0.1,,,,8.937777837454632,53.06112351456327,68.8092,12.6592,8.937777837454632,53.06112351456327,33.1908,51.3408,93.06222216254535,10.93887648543673,59.87142216254537,94.6471158,72.22812897647529,87.105,76.7693,4,forward,6,6,False,ataque_elaborado,recuperacion_con_posesion_elaborada,cierre_bepro,28.0,0.0,1.0,True,,Crítica,Alta amenaza
199542,69,579,bepro_sequences,T1,1.0,1,85.1,5088.461,5104.361,5104361.0,cierre_bepro,15.9,0.563,0.533,0.464,0.135,0.026,0.135,1.578,0.3022625512413489,0.6977374487586512,0.6154871688641761,0.3845128311358241,0.3845128311358241,0.2928223112361455,0.3728144381727496,media,alta,estructura_anchura,pitch_control_rival,0,0,False,,0.1,,,,21.0024834,46.9423296,27.543002880000007,15.6604736,21.0024834,46.9423296,74.45699712,48.3395264,80.9975166,17.0576704,6.54051948,92.2370802,31.95829954601771,84.9662,34.6501,7,forward,11,11,False,ataque_elaborado,recuperacion_con_posesion_elaborada,cierre_bepro,42.0,0.0,1.0,True,,Inestable,Amenaza crítica
199542,48,412,bepro_sequences,T2,2.0,1,59.0,3524.894,3538.794,3538794.0,cierre_bepro,13.9,0.674,0.438,0.452,0.094,0.063,0.094,0.894,0.2117606215057707,0.7882393784942293,0.6016272327410629,0.3983727672589371,0.3983727672589371,0.0791927764584158,0.0903430575135302,alta,media,pitch_control_rival,estructura_anchura,0,0,False,,0.1,,,,16.0548,16.7104,27.0402,2.1376,16.0548,16.7104,74.9598,61.8624,85.9452,47.2896,10.985399999999998,85.9452,18.249534596805475,42.6461,18.966,4,forward,8,8,False,ataque_elaborado,recuperacion_con_posesion_elaborada,cierre_bepro,27.0,0.0,1.0,True,,Crítica,Alta amenaza
199542,43,364,bepro_sequences,T2,2.0,1,52.1,3121.761,3127.566,3124094.0,cierre_recuperacion_propia,5.805,0.501,0.536,0.447,0.154,0.135,0.154,1.537,0.3605476736026556,0.6394523263973444,0.7323015973179551,0.2676984026820449,0.2676984026820449,0.1774691459521962,0.2919316124636285,media,alta,pitch_control_rival,estructura_retroceso,0,0,False,,0.1,,,,19.18835322,32.276261760000004,49.0008,0.0,19.18835322,32.276261760000004,52.9992,64.0,82.81164678,31.72373824,29.81244678,82.81164678,43.93789999772828,26.0652,26.0652,2,forward,2,2,True,balon_parado_con_continuidad,setpiece_con_continuidad_bepro,cierre_recuperacion_propia,2.0,4.0,0.3333333333333333,False,Revisar: el poseedor detectado no confirma dominio rival en la secuencia.,Inestable,Amenaza crítica
199542,5,26,bepro_sequences,T2,2.0,0,2.9,163.53,173.836,171881.0,cierre_recuperacion_propia,10.306,0.629,0.387,0.417,0.114,0.075,0.114,1.013,0.2159593871323673,0.7840406128676325,0.6049007105536395,0.3950992894463604,0.3950992894463604,0.0120852673970102,0.0752237744190965,alta,media,pitch_control_rival,presion_distancia,0,0,False,,0.05,,,,87.19508148,46.76588287999999,70.21078710000002,61.87223168,87.19508148,46.76588287999999,70.21078710000002,61.87223168,87.19508148,46.76588287999999,16.98429437999998,91.95307752,22.730332810008758,26.2537,25.4298,2,backward,5,5,False,ataque_elaborado,recuperacion_con_posesion_elaborada,cierre_recuperacion_propia,21.0,2.0,0.9130434782608696,True,,Crítica,Alta amenaza
199542,64,546,bepro_sequences,T1,1.0,1,81.1,4850.594,4866.03,4866030.0,cierre_bepro,15.436,0.687,0.351,0.415,0.084,0.072,0.084,0.761,0.4463590854240793,0.5536409145759207,0.7780977478319484,0.2219022521680517,0.2219022521680517,0.4969843257804671,0.4244556575087915,alta,media,presion_distancia,estructura_retroceso,0,0,False,,0.1,,,,5.9772,10.336,86.11305018000002,49.37726400000001,5.9772,10.336,15.886949819999984,14.622735999999987,96.0228,53.664,80.13585018000002,96.0228,89.14019732303214,107.9455,92.9305,3,backward,6,6,False,ataque_elaborado,recuperacion_con_posesion_elaborada,cierre_bepro,24.0,0.0,1.0,True,,Crítica,Alta amenaza
199542,53,457,bepro_sequences,T2,2.0,1,66.0,3952.661,3960.928,3960928.0,cierre_bepro,8.267,0.635,0.388,0.411,0.069,0.022,0.069,1.037,0.2058573290693921,0.7941426709306078,0.5571785802220592,0.4428214197779409,0.4428214197779409,0.0455506053138186,0.0862601063315963,alta,media,pitch_control_rival,estructura_anchura,0,0,False,,0.1,,,,23.001,8.5504,33.904799999999994,1.1328,23.001,8.5504,68.0952,62.8672,78.999,55.4496,10.90379999999999,85.49359500000001,13.187632243886688,22.2295,14.1878,4,forward,6,6,True,balon_parado_con_continuidad,setpiece_con_continuidad_bepro,cierre_bepro,20.0,0.0,1.0,True,,Crítica,Alta amenaza
199542,20,122,bepro_sequences,T1,1.0,0,19.3,1145.303,1156.769,1156036.0,cierre_recuperacion_propia,11.466,0.613,0.348,0.393,0.107,0.044,0.107,1.429,0.2758508178614128,0.7241491821385873,0.6649350349307683,0.3350649650692314,0.3350649650692314,0.1739557746617473,0.259870896459376,media,media,pitch_control_rival,estructura_retroceso,0,0,False,,0.05,,,,81.96426036000001,12.91769984,53.41740000000001,62.4256,81.96426036000001,12.91769984,53.41740000000001,62.4256,81.96426036000001,12.91769984,28.546860360000004,81.96426036000001,57.148538167357074,77.6608,58.2524,6,backward,7,7,True,balon_parado_con_continuidad,setpiece_con_continuidad_bepro,cierre_recuperacion_propia,12.0,0.0,1.0,True,,Crítica,Alta amenaza
199542,60,523,bepro_sequences,T1,1.0,1,77.0,4613.861,4621.861,4621861.0,cierre_bepro,8.0,0.4,0.447,0.366,0.127,0.095,0.127,1.142,0.5011642428770213,0.4988357571229788,0.7988419376248375,0.2011580623751624,0.2011580623751624,0.3978524037598757,0.4367361205435719,baja,media,estructura_retroceso,pitch_control_rival,0,0,False,,0.1,,,,19.227,23.9296,57.6968410200918,53.45320826311392,19.227,23.9296,44.30315897990821,10.546791736886084,82.773,40.0704,38.46984102009179,82.773,48.49301097049909,36.4959,50.9372,2,backward,5,5,False,transicion_rapida,origen_recuperacion_rival,cierre_bepro,24.0,1.0,0.96,True,,Vulnerable,Alta amenaza
199542,47,410,bepro_sequences,T3,3.0,1,58.7,3508.194,3521.694,3521694.0,cierre_bepro,13.5,0.515,0.365,0.364,0.1,0.087,0.1,0.779,0.5304449894005127,0.4695550105994873,0.8423330642113906,0.1576669357886095,0.1576669357886095,0.4913177330077757,0.3548919720809579,media,media,estructura_retroceso,presion_distancia,0,0,False,,0.1,,,,30.549,27.648,98.7110508,29.402246400000003,30.549,27.648,3.2889492000000047,34.5977536,71.451,36.352,68.16205079999999,71.451,68.18462106438442,59.85,70.3547,2,sideways,5,5,False,ataque_elaborado,recuperacion_con_posesion_elaborada,cierre_bepro,31.0,0.0,1.0,True,,Inestable,Alta amenaza
199542,71,595,bepro_sequences,T2,2.0,1,87.3,5234.694,5239.805,5237494.0,cierre_recuperacion_propia,5.111,0.541,0.346,0.356,0.051,0.015,0.051,0.866,0.2097827155213399,0.79021728447866,0.5000561498106488,0.4999438501893512,0.4999438501893512,-0.0157129960855743,0.0462592338063094,media,media,pitch_control_rival,estructura_anchura,0,0,False,,0.1,,,,31.0386,12.672,28.254,0.5184,31.0386,12.672,73.746,63.4816,70.9614,51.328,-2.784599999999997,88.6070532,12.4685199650961,16.5129,12.3005,2,sideways,3,3,True,balon_parado_con_continuidad,setpiece_con_continuidad_bepro,cierre_recuperacion_propia,7.0,1.0,0.875,True,,Inestable,Alta amenaza
199542,2,12,bepro_sequences,T0,0.0,0,1.4,47.869,81.303,81303.0,cierre_bepro,33.434,0.394,0.413,0.347,0.115,-0.104,0.115,0.435,0.4534574508355646,0.5465425491644351,0.8148647910616547,0.1851352089383454,0.1851352089383454,-0.240425175024884,-0.2639395401916912,baja,media,estructura_anchura,presion_distancia,0,0,False,,0.1,,,,33.8327574,62.59383744,75.82679999999999,32.9728,33.8327574,62.59383744,75.82679999999999,32.9728,33.8327574,62.59383744,-41.99404259999999,76.5714,51.38974093058357,195.8516,53.1434,9,forward,18,18,False,ataque_elaborado,recuperacion_con_posesion_elaborada,cierre_bepro,63.0,0.0,1.0,True,,Vulnerable,Alta amenaza
199542,14,92,bepro_sequences,T2,2.0,0,15.5,925.569,932.232,929434.0,cierre_recuperacion_propia,6.663,0.567,0.276,0.335,0.063,0.013,0.063,0.974,0.2212828204284323,0.7787171795715677,0.521277868735609,0.4787221312643909,0.4787221312643909,0.080656249639044,0.2074454544613758,media,media,pitch_control_rival,estructura_retroceso,0,0,False,,0.05,,,,76.17661878267697,61.32696476496739,60.50639999999999,62.0864,76.17661878267697,61.32696476496739,60.50639999999999,62.0864,76.17661878267697,61.32696476496739,15.670218782676976,88.38601437392325,15.68861047298872,23.376,31.225,1,sideways,2,2,True,balon_parado_con_continuidad,setpiece_con_continuidad_bepro,cierre_recuperacion_propia,8.0,6.0,0.5714285714285714,True,,Inestable,Alta amenaza
199542,40,324,bepro_sequences,T0,0.0,1,48.9,2917.011,2931.061,2931061.0,cierre_bepro,14.05,0.259,0.5,0.317,0.008,0.002,0.008,0.121,0.6993346521335091,0.3006653478664909,0.9986558423650356,0.0013441576349645,0.0013441576349645,0.1273302779450071,0.0001275430025538,baja,alta,presion_distancia,estructura_anchura,0,0,False,,0.3,,,,80.619423,61.96779968,100.015522374,42.21581824,80.619423,61.96779968,1.9844776260000003,21.784181760000003,21.380577,2.032200320000001,19.396099374,22.256944680000004,27.68301720788736,32.4452,28.9003,3,forward,6,6,False,ataque_elaborado,recuperacion_con_posesion_elaborada,cierre_bepro,13.0,0.0,1.0,True,,Estable,Amenaza crítica
199542,21,125,bepro_sequences,T1,1.0,0,19.7,1167.603,1183.707,1181403.0,cierre_recuperacion_propia,16.104,0.591,0.214,0.311,0.04,-0.009,0.04,0.567,0.2339466613763706,0.7660533386236293,0.5789638818959679,0.421036118104032,0.421036118104032,-0.1202299376827724,-0.1808845956298463,media,baja,pitch_control_rival,estructura_anchura,0,0,False,,0.05,,,,68.392989,60.98048576,83.4462,1.856,68.392989,60.98048576,83.4462,1.856,68.392989,60.98048576,-15.053211000000005,84.2214,61.0106874063468,94.2183,64.4837,6,forward,9,9,True,balon_parado_con_continuidad,setpiece_con_continuidad_bepro,cierre_recuperacion_propia,22.0,3.0,0.88,True,,Inestable,Amenaza moderada
199542,63,542,bepro_sequences,T0,0.0,1,80.3,4804.594,4820.194,4820194.0,cierre_bepro,15.6,0.219,0.5,0.303,0.007,0.001,0.007,0.119,0.6480090573319792,0.3519909426680206,0.9868829189786784,0.0131170810213214,0.0131170810213214,0.056077329560255,0.0105980532901704,baja,alta,estructura_anchura,presion_distancia,0,0,False,,0.3,,,,86.12559352800001,59.615074304,96.535289922,28.42218752,86.12559352800001,59.615074304,5.464710077999996,35.57781248,15.87440647199999,4.384925695999996,10.409696393999994,15.87440647199999,32.8840077383323,26.9553,34.6862,3,forward,6,6,False,ataque_elaborado,recuperacion_con_posesion_elaborada,cierre_bepro,22.0,0.0,1.0,True,,Estable,Amenaza crítica
199542,51,432,bepro_sequences,T1,1.0,1,61.3,3670.838,3679.928,3679061.0,cierre_recuperacion_propia,9.09,0.485,0.263,0.297,0.044,0.007,0.044,0.655,0.3187784403930532,0.6812215596069466,0.746529239614516,0.2534707603854841,0.2534707603854841,0.0579538649576873,0.0644841823938524,media,media,pitch_control_rival,presion_distancia,0,0,False,,0.1,,,,41.11028196,51.80770816,44.9616,13.1456,41.11028196,51.80770816,57.0384,50.8544,60.88971804,12.192291839999996,3.8513180400000016,60.99123762,38.85345876522151,36.3196,42.2961,3,forward,5,5,False,transicion_rapida,origen_recuperacion_rival,cierre_recuperacion_propia,15.0,2.0,0.8823529411764706,True,,Vulnerable,Alta amenaza
199542,55,473,bepro_sequences,T0,0.0,1,69.7,4167.926,4179.294,4179294.0,cierre_bepro,11.368,0.495,0.246,0.291,0.033,0.003,0.033,0.434,0.3111337933482304,0.6888662066517696,0.7178336461554852,0.2821663538445148,0.2821663538445148,4.165572688807906e-05,-0.0590230897431596,media,media,presion_distancia,pitch_control_rival,0,0,False,,0.1,,,,40.3002,3.104,42.7278,63.3408,40.3002,3.104,59.2722,0.6591999999999985,61.6998,60.896,2.427599999999998,61.6998,60.285697441432994,63.1054,64.3615,3,backward,6,6,True,balon_parado_con_continuidad,setpiece_con_continuidad_bepro,cierre_bepro,25.0,0.0,1.0,True,,Inestable,Alta amenaza
199542,23,149,bepro_sequences,T0,0.0,0,22.8,1363.342,1369.736,1367684.0,cierre_recuperacion_propia,6.394,0.472,0.246,0.286,0.051,0.016,0.051,0.351,0.3704752688736718,0.629524731126328,0.5656875053570458,0.4343124946429542,0.4343124946429542,-0.2029509400439408,-0.1853856014749773,media,media,presion_distancia,pitch_control_rival,0,0,False,,0.05,,,,55.7736,25.056,45.4614,42.432,55.7736,25.056,45.4614,42.432,55.7736,25.056,10.312199999999995,58.5072,20.20561419111035,26.7269,29.701,2,backward,3,3,False,transicion_rapida,origen_recuperacion_rival,cierre_recuperacion_propia,10.0,0.0,1.0,True,,Vulnerable,Alta amenaza
199542,72,605,bepro_sequences,T3,3.0,1,88.8,5312.94,5325.728,5324194.0,cierre_recuperacion_propia,12.788,0.546,0.194,0.286,0.037,0.032,0.037,0.316,0.5541138595198672,0.4458861404801327,0.8952676667827404,0.1047323332172594,0.1047323332172594,0.4505441368109733,0.2320476285677833,media,baja,estructura_retroceso,presion_distancia,0,0,False,,0.1,,,,37.4748,51.3472,99.7458,30.8224,37.4748,51.3472,2.2541999999999973,33.1776,64.5252,12.6528,62.271,65.44319999999999,65.56633935214013,52.5818,70.928,3,forward,5,5,False,juego_directo,primer_pase_largo_progresivo,cierre_recuperacion_propia,28.0,2.0,0.9333333333333332,True,,Inestable,Amenaza moderada
199542,15,95,bepro_sequences,T2,2.0,0,15.6,932.869,938.577,936203.0,cierre_recuperacion_propia,5.708,0.514,0.21,0.285,0.053,0.029,0.053,0.709,0.2498621895329321,0.7501378104670677,0.6769423576726872,0.3230576423273127,0.3230576423273127,-0.0766025963558747,-0.247039578295821,media,baja,pitch_control_rival,presion_distancia,0,0,False,,0.05,,,,72.22619999999999,49.4464,63.45509046,61.668992,72.22619999999999,49.4464,63.45509046,61.668992,72.22619999999999,49.4464,8.77110953999999,72.22619999999999,15.044072512492852,11.5462,14.2997,1,backward,3,3,False,transicion_rapida,origen_recuperacion_rival,cierre_recuperacion_propia,9.0,0.0,1.0,True,,Inestable,Amenaza moderada
199542,65,561,bepro_sequences,T2,2.0,1,83.0,4972.646,4978.35,4975862.0,cierre_recuperacion_propia,5.704,0.399,0.262,0.271,0.067,0.047,0.067,0.865,0.5436638779902506,0.4563361220097492,0.9083793277081226,0.0916206722918774,0.0916206722918774,0.1448837880548561,0.0769553500085604,baja,media,estructura_anchura,estructura_retroceso,0,0,False,,0.1,,,,30.396,20.5504,60.81514482000001,36.05052352,30.396,20.5504,41.18485517999999,27.94947648,71.604,43.4496,30.419144820000007,71.91,34.14056532507027,30.6663,30.7689,1,backward,2,2,False,transicion_rapida,origen_recuperacion_rival,cierre_recuperacion_propia,7.0,2.0,0.7777777777777778,True,,Vulnerable,Alta amenaza
199542,39,307,bepro_sequences,T2,2.0,1,46.8,2797.961,2809.661,2809661.0,cierre_bepro,11.7,0.507,0.187,0.269,0.037,0.022,0.037,0.542,0.4387126791559544,0.5612873208440454,0.9114416246681531,0.0885583753318468,0.0885583753318468,0.2680132014062644,0.2481258255953219,media,baja,estructura_retroceso,pitch_control_rival,0,0,False,,0.1,,,,22.8174,3.4624,61.781400000000005,12.7104,22.8174,3.4624,40.2186,51.2896,79.18260000000001,60.5376,38.96400000000001,79.18260000000001,40.046458020653965,18.3219,41.9254,3,sideways,5,5,False,ataque_elaborado,recuperacion_con_posesion_elaborada,cierre_bepro,17.0,3.0,0.85,True,,Inestable,Amenaza moderada
199542,52,449,bepro_sequences,T3,3.0,1,64.8,3873.496,3887.061,3887061.0,cierre_bepro,13.565,0.436,0.231,0.263,0.032,0.003,0.032,0.545,0.3172364964234305,0.6827635035765696,0.7563139659638474,0.2436860340361525,0.2436860340361525,-0.0479155486128869,-0.0669211599579731,media,media,pitch_control_rival,estructura_anchura,0,0,False,,0.1,,,,50.7858,16.48,39.2598,60.0512,50.7858,16.48,62.7402,3.9487999999999994,51.2142,47.52,-11.526000000000003,66.2184,45.06992506583521,77.7466,47.3148,7,backward,11,11,True,balon_parado_con_continuidad,setpiece_con_continuidad_bepro,cierre_bepro,34.0,0.0,1.0,True,,Vulnerable,Amenaza moderada
199542,29,209,bepro_sequences,T2,2.0,0,31.8,1903.636,1908.669,1908669.0,cierre_bepro,5.033,0.418,0.19,0.242,0.053,-0.02,0.053,0.849,0.29550107763389,0.70449892236611,0.733027452445531,0.266972547554469,0.266972547554469,-0.0218296848390158,-0.0538432200699652,baja,baja,pitch_control_rival,presion_distancia,0,0,False,,0.05,,,,67.54607279999999,61.68005568,66.0552,46.3872,67.54607279999999,61.68005568,66.0552,46.3872,67.54607279999999,61.68005568,1.4908727999999911,71.746188,15.365355074162393,19.9257,18.4155,2,forward,3,3,False,transicion_rapida,origen_recuperacion_rival,cierre_bepro,18.0,1.0,0.9473684210526316,True,,Vulnerable,Amenaza moderada
199542,62,533,bepro_sequences,T0,0.0,1,78.6,4702.206,4716.84,4716128.0,cierre_recuperacion_propia,14.634,0.497,0.128,0.236,0.021,0.015,0.021,0.198,0.5952803081768123,0.4047196918231878,0.9685031106493068,0.0314968893506933,0.0314968893506933,0.2164550175154253,0.1289645728120046,media,baja,estructura_retroceso,estructura_anchura,0,0,False,,0.1,,,,46.869,4.0064,95.5734033,33.7820544,46.869,4.0064,6.42659669999999,30.2179456,55.131,59.9936,48.70440330000001,55.131,57.08509871899401,53.9665,58.7156,4,backward,6,6,False,ataque_elaborado,recuperacion_con_posesion_elaborada,cierre_recuperacion_propia,44.0,2.0,0.9565217391304348,True,,Inestable,Baja amenaza
199542,46,405,bepro_sequences,T2,2.0,1,57.4,3433.294,3441.144,3439428.0,cierre_recuperacion_propia,7.85,0.39,0.168,0.218,0.032,0.016,0.032,0.434,0.5019090058398538,0.4980909941601462,0.9299243172509292,0.0700756827490708,0.0700756827490708,0.3120534372111155,0.2082997175177028,baja,baja,estructura_retroceso,pitch_control_rival,0,0,False,,0.1,,,,30.9468,3.648,62.8116,15.3984,30.9468,3.648,39.1884,48.6016,71.0532,60.352,31.8648,71.0532,33.96229349145902,24.7083,29.2899,2,backward,4,4,False,transicion_rapida,origen_recuperacion_rival,cierre_recuperacion_propia,18.0,7.0,0.72,True,,Vulnerable,Amenaza moderada
199542,6,28,bepro_sequences,T0,0.0,0,3.2,177.836,191.844,191844.0,cierre_bepro,14.008,0.354,0.196,0.216,0.019,-0.012,0.019,0.158,0.4725157871647076,0.5274842128352922,0.7671866098791001,0.2328133901208998,0.2328133901208998,-0.2462490152225884,-0.1610194513550932,baja,baja,presion_distancia,estructura_anchura,0,0,False,,0.1,,,,14.994,4.1088,38.9255664,39.26733184,14.994,4.1088,38.9255664,39.26733184,14.994,4.1088,-23.9315664,38.9255664,42.53048590719253,61.4759,46.4717,4,backward,7,7,False,ataque_elaborado,recuperacion_con_posesion_elaborada,cierre_bepro,26.0,0.0,1.0,True,,Vulnerable,Amenaza moderada
199542,4,18,bepro_sequences,T0,0.0,0,2.2,124.703,132.603,132603.0,cierre_bepro,7.9,0.43,0.13,0.213,0.021,0.009,0.021,0.273,0.5054295006213231,0.494570499378677,0.9621895492999456,0.0378104507000544,0.0378104507000544,0.0227326880751122,-0.0104680449641179,baja,baja,presion_distancia,estructura_anchura,0,0,False,,0.1,,,,42.879729000000005,42.9076544,30.4368,5.9264,42.879729000000005,42.9076544,30.4368,5.9264,42.879729000000005,42.9076544,12.442929000000008,42.879729000000005,39.01845280244413,25.4314,42.5256,2,forward,3,3,True,balon_parado_con_continuidad,setpiece_con_continuidad_bepro,cierre_bepro,19.0,1.0,0.95,True,,Vulnerable,Baja amenaza
199542,54,463,bepro_sequences,T2,2.0,1,67.0,3997.828,4019.428,4019428.0,cierre_bepro,21.6,0.398,0.129,0.205,0.042,-0.024,0.042,0.413,0.4026069429040969,0.5973930570959032,0.8283419049979548,0.1716580950020454,0.1716580950020454,-0.1474199289977754,-0.0484683730749266,baja,baja,estructura_anchura,pitch_control_rival,0,0,False,,0.05,,,,63.07139808000001,62.13348863999999,37.9542,12.7296,63.07139808000001,62.13348863999999,64.0458,51.2704,38.92860191999999,1.8665113600000112,-25.11719808000001,69.1662,55.42217834173857,111.346,56.7539,9,forward,15,15,False,ataque_elaborado,recuperacion_con_posesion_elaborada,cierre_bepro,42.0,0.0,1.0,True,,Vulnerable,Baja amenaza
199542,12,79,bepro_sequences,T0,0.0,0,13.0,760.269,779.669,779669.0,cierre_bepro,19.4,0.386,0.141,0.203,0.02,0.006,0.02,0.283,0.5134773155760128,0.4865226844239871,0.9275738316011816,0.0724261683988185,0.0724261683988185,0.2639988640815559,0.1377256901958921,baja,baja,presion_distancia,estructura_anchura,0,0,False,,0.1,,,,41.49081805200001,63.1371583104,21.6546,22.6048,41.49081805200001,63.1371583104,21.6546,22.6048,41.49081805200001,63.1371583104,19.83621805200001,48.3072,45.125908487355055,100.4292,49.2022,6,forward,11,11,False,ataque_elaborado,recuperacion_con_posesion_elaborada,cierre_bepro,28.0,0.0,1.0,True,,Vulnerable,Amenaza moderada
199542,1,1,bepro_sequences,T2,2.0,0,0.2,0.136,10.942,9669.0,cierre_recuperacion_propia,10.806,0.319,0.164,0.192,0.033,-0.015,0.033,0.404,0.4705281730934768,0.5294718269065233,0.9499782473451266,0.0500217526548734,0.0500217526548734,0.0098087866243531,0.0572471265233488,baja,baja,estructura_anchura,presion_distancia,0,0,False,,0.1,,,,45.92923116,55.9985261824,49.40556864,31.285122560000005,45.92923116,55.9985261824,49.40556864,31.285122560000005,45.92923116,55.9985261824,-3.476337479999998,61.0266,24.95670733246888,73.263,33.2627,4,forward,7,7,False,ataque_elaborado,posesion_bepro_elaborada,cierre_recuperacion_propia,15.0,0.0,1.0,True,,Estable,Amenaza moderada
199542,3,16,bepro_sequences,T3,3.0,0,2.0,111.369,118.557,118557.0,cierre_bepro,7.188,0.358,0.141,0.192,0.016,-0.002,0.016,0.236,0.4989771200441915,0.5010228799558086,0.8972245495173647,0.1027754504826352,0.1027754504826352,0.018844642780198,0.0400012951474879,baja,baja,estructura_anchura,presion_distancia,0,0,False,,0.1,,,,35.812200000000004,12.4288,37.893,41.4592,35.812200000000004,12.4288,37.893,41.4592,35.812200000000004,12.4288,-2.0807999999999964,37.893,29.104876787232755,60.2372,32.5962,3,backward,6,6,True,balon_parado_con_continuidad,setpiece_con_continuidad_bepro,cierre_bepro,14.0,0.0,1.0,True,,Vulnerable,Amenaza moderada
199542,27,198,bepro_sequences,T0,0.0,0,30.5,1806.823,1827.635,1827635.0,cierre_bepro,20.812,0.321,0.147,0.183,0.021,-0.004,0.021,0.253,0.4752029312130096,0.5247970687869904,0.9134160498074294,0.0865839501925704,0.0865839501925704,0.0072788896736132,-0.0361961384418771,baja,baja,presion_distancia,estructura_anchura,0,0,False,,0.1,,,,48.0522,62.4128,52.09140000000001,7.2,48.0522,62.4128,52.09140000000001,7.2,48.0522,62.4128,-4.039200000000008,53.0196,55.36035061738681,74.7482,57.047,5,forward,10,10,False,ataque_elaborado,recuperacion_con_posesion_elaborada,cierre_bepro,25.0,0.0,1.0,True,,Estable,Amenaza moderada
199542,16,99,bepro_sequences,T0,0.0,0,16.1,940.603,965.026,965026.0,cierre_bepro,24.423,0.416,0.072,0.183,0.023,0.002,0.023,0.244,0.4781877918152272,0.5218122081847728,0.8613882834671154,0.1386117165328847,0.1386117165328847,0.0819258077887,0.2153259098100347,baja,baja,presion_distancia,estructura_anchura,0,0,False,,0.05,,,,62.7708,63.072,48.4806,51.6864,62.7708,63.072,48.4806,51.6864,62.7708,63.072,14.290199999999992,62.7708,18.27133556694748,132.4467,18.8275,6,forward,13,13,False,ataque_elaborado,recuperacion_con_posesion_elaborada,cierre_bepro,47.0,0.0,1.0,True,,Vulnerable,Baja amenaza
199542,68,575,bepro_sequences,T2,2.0,1,84.7,5078.428,5084.694,5081194.0,cierre_recuperacion_propia,6.266,0.32,0.129,0.174,0.021,0.012,0.021,0.297,0.6340973876747296,0.3659026123252702,0.9656044255545868,0.034395574445413,0.034395574445413,0.0072729421313322,0.0380816042820795,baja,baja,estructura_anchura,estructura_retroceso,0,0,False,,0.1,,,,45.5838,2.8864,78.2034,7.5392,45.5838,2.8864,23.7966,56.4608,56.4162,61.1136,32.6196,56.4162,32.94976254846156,20.4872,20.4872,2,sideways,2,2,False,transicion_rapida,origen_recuperacion_rival,cierre_recuperacion_propia,3.0,1.0,0.75,True,,Estable,Baja amenaza
199542,30,235,bepro_sequences,T3,3.0,0,34.0,2035.803,2039.885,2036603.0,cierre_recuperacion_propia,4.082,0.387,0.069,0.174,0.037,0.026,0.037,0.434,0.4628611786960955,0.5371388213039044,0.9640784462016684,0.0359215537983315,0.0359215537983315,0.0163001721823049,-0.0035916404667991,baja,baja,estructura_retroceso,pitch_control_rival,0,0,False,,0.05,,,,63.6786,14.2784,34.578,1.7152,63.6786,14.2784,34.578,1.7152,63.6786,14.2784,29.100599999999996,63.6786,31.696670402425543,6.3949,6.3949,2,forward,2,2,True,balon_parado_con_continuidad,setpiece_con_continuidad_bepro,cierre_recuperacion_propia,0.0,2.0,0.0,False,Revisar: el poseedor detectado no confirma dominio rival en la secuencia.,Vulnerable,Baja amenaza
199542,8,50,bepro_sequences,T0,0.0,0,7.3,424.503,438.303,435735.0,cierre_recuperacion_propia,13.8,0.338,0.115,0.173,0.016,0.006,0.016,0.216,0.5793330476665219,0.4206669523334779,0.9717413672136872,0.0282586327863126,0.0282586327863126,0.0190019770532073,-0.0278083024172811,baja,baja,estructura_anchura,presion_distancia,0,0,False,,0.1,,,,43.717149,55.95705792,27.4686,21.5424,43.717149,55.95705792,27.4686,21.5424,43.717149,55.95705792,16.248549,43.717149,38.057640814375496,59.5493,45.6324,4,forward,7,7,True,balon_parado_con_continuidad,setpiece_con_continuidad_bepro,cierre_recuperacion_propia,24.0,5.0,0.8275862068965517,True,,Estable,Baja amenaza
199542,25,176,bepro_sequences,T0,0.0,0,27.7,1653.336,1659.941,1659941.0,cierre_bepro,6.605,0.274,0.154,0.171,0.028,0.001,0.028,0.382,0.5502404603168005,0.4497595396831992,0.945010705220714,0.0549892947792861,0.0549892947792861,0.1508807665967927,0.0924847822768877,baja,baja,estructura_anchura,presion_distancia,0,0,False,,0.1,,,,32.7522,5.7472,30.2022,52.8896,32.7522,5.7472,30.2022,52.8896,32.7522,5.7472,2.5500000000000043,46.8588,47.2113162044864,65.4141,53.1538,4,backward,4,4,False,ataque_elaborado,recuperacion_con_posesion_elaborada,cierre_bepro,4.0,0.0,1.0,True,,Estable,Amenaza moderada
199542,32,243,bepro_sequences,T3,3.0,0,35.2,2108.103,2114.903,2114903.0,cierre_bepro,6.8,0.317,0.12,0.169,0.02,0.006,0.02,0.283,0.5541639544362633,0.4458360455637368,0.9897299621393346,0.0102700378606653,0.0102700378606653,0.0800396580258662,0.0619990946777378,baja,baja,presion_distancia,estructura_retroceso,0,0,False,,0.1,,,,44.217,6.3296,25.13297034,45.71260992,44.217,6.3296,25.13297034,45.71260992,44.217,6.3296,19.08402966,44.217,43.76324551975753,41.0014,48.4689,3,backward,4,4,False,transicion_rapida,origen_recuperacion_rival,cierre_bepro,16.0,0.0,1.0,True,,Estable,Baja amenaza
199542,17,103,bepro_sequences,T2,2.0,0,16.8,1000.371,1006.536,1006536.0,cierre_bepro,6.165,0.345,0.07,0.158,0.03,0.0,0.03,0.459,0.3800798512016052,0.619920148798395,0.9134006940144286,0.0865993059855714,0.0865993059855714,-0.0143511808981155,-0.0239483342860457,baja,baja,pitch_control_rival,estructura_anchura,0,0,False,,0.05,,,,53.448,61.1648,52.4892,59.84,53.448,61.1648,52.4892,59.84,53.448,61.1648,0.9588000000000036,66.5856,1.6353569885502055,26.4625,2.8271,2,forward,4,4,True,balon_parado_con_continuidad,setpiece_con_continuidad_bepro,cierre_bepro,13.0,0.0,1.0,True,,Vulnerable,Baja amenaza
199542,18,116,bepro_sequences,T0,0.0,0,18.6,1112.436,1116.922,1116922.0,cierre_bepro,4.486,0.266,0.136,0.156,0.01,-0.0,0.01,0.18,0.575624740573515,0.424375259426485,0.8821075821363547,0.1178924178636452,0.1178924178636452,-0.0675131962209059,-0.0772376852602126,baja,baja,presion_distancia,estructura_anchura,0,0,False,,0.1,,,,23.3734734,24.8126528,22.545611447870336,33.923560760235894,23.3734734,24.8126528,22.545611447870336,33.923560760235894,23.3734734,24.8126528,0.8278619521296626,23.3734734,9.148442450585437,13.6368,14.1847,2,backward,3,3,True,balon_parado_con_continuidad,setpiece_con_continuidad_bepro,cierre_bepro,8.0,0.0,1.0,True,,Estable,Amenaza moderada
199542,26,196,bepro_sequences,T0,0.0,0,30.0,1792.332,1800.098,1800098.0,cierre_bepro,7.766,0.269,0.111,0.146,0.012,-0.006,0.012,0.146,0.5915350740545041,0.4084649259454959,0.9530655740654376,0.0469344259345624,0.0469344259345624,-0.1486482044051854,-0.0521034975072234,baja,baja,estructura_anchura,presion_distancia,0,0,False,,0.1,,,,6.975898319999999,26.963296000000003,33.048,8.3712,6.975898319999999,26.963296000000003,33.048,8.3712,6.975898319999999,26.963296000000003,-26.072101680000003,33.048,32.022187927833336,43.0963,34.7199,3,forward,5,5,True,balon_parado_con_continuidad,setpiece_con_continuidad_bepro,cierre_bepro,12.0,0.0,1.0,True,,Estable,Baja amenaza
199542,9,55,bepro_sequences,T0,0.0,0,9.2,545.807,553.503,552269.0,cierre_recuperacion_propia,7.696,0.276,0.105,0.146,0.009,0.002,0.009,0.136,0.6389425297511251,0.3610574702488748,0.9693367071103914,0.0306632928896087,0.0306632928896087,0.0069484878044282,-0.0213413513074517,baja,baja,estructura_anchura,presion_distancia,0,0,False,,0.1,,,,20.000426355293047,60.77990251270992,1.3986307004678578,36.98099770710364,20.000426355293047,60.77990251270992,1.3986307004678578,36.98099770710364,20.000426355293047,60.77990251270992,18.60179565482519,24.9127331742,30.206202534085328,45.2865,36.1672,4,forward,7,7,True,balon_parado_con_continuidad,setpiece_con_continuidad_bepro,cierre_recuperacion_propia,13.0,4.0,0.7647058823529411,True,,Estable,Baja amenaza
199542,35,276,bepro_sequences,T0,0.0,0,41.9,2500.036,2516.369,2516369.0,cierre_bepro,16.333,0.367,0.029,0.145,0.019,0.01,0.019,0.291,0.5625878078641431,0.4374121921358568,0.9530770075212868,0.0469229924787129,0.0469229924787129,0.3817426925208962,0.1709534025357031,baja,baja,estructura_anchura,estructura_retroceso,0,0,False,,0.05,,,,53.79735,61.86578112,25.092,6.5024,53.79735,61.86578112,25.092,6.5024,53.79735,61.86578112,28.70535,53.79735,62.36265779824391,86.4728,69.3912,6,forward,9,9,False,ataque_elaborado,recuperacion_con_posesion_elaborada,cierre_bepro,38.0,0.0,1.0,True,,Vulnerable,Baja amenaza
199542,7,48,bepro_sequences,T0,0.0,0,6.9,400.436,413.603,413603.0,cierre_bepro,13.167,0.222,0.103,0.126,0.011,-0.003,0.011,0.17,0.6007804883172359,0.3992195116827642,0.9746159298876478,0.025384070112352,0.025384070112352,-0.0457014475535285,0.0183639776459521,baja,baja,presion_distancia,estructura_anchura,0,0,False,,0.1,,,,18.105,16.9792,31.4147556,59.49253376,18.105,16.9792,31.4147556,59.49253376,18.105,16.9792,-13.3097556,34.1624112,44.548099190884535,50.7184,47.0795,2,backward,5,5,False,ataque_elaborado,recuperacion_con_posesion_elaborada,cierre_bepro,25.0,0.0,1.0,True,,Estable,Baja amenaza
199542,31,239,bepro_sequences,T0,0.0,0,35.1,2101.832,2106.982,2105236.0,cierre_recuperacion_propia,5.15,0.176,0.105,0.111,0.014,0.005,0.014,0.226,0.6089660840374768,0.3910339159625233,0.9999998828721864,1.1712781355703385e-07,1.1712781355703385e-07,0.0351754965417813,-8.238945569618995e-07,baja,baja,estructura_retroceso,pitch_control_rival,0,0,False,,0.1,,,,37.271537460000005,57.347157120000006,16.5954,62.9824,37.271537460000005,57.347157120000006,16.5954,62.9824,37.271537460000005,57.347157120000006,20.676137460000003,39.5622606,21.430320169829614,27.7312,18.5135,3,backward,3,3,True,balon_parado_con_continuidad,setpiece_con_continuidad_bepro,cierre_recuperacion_propia,4.0,2.0,0.6666666666666666,True,,Estable,Baja amenaza
199542,10,62,bepro_sequences,T0,0.0,0,10.1,595.044,605.036,605036.0,cierre_bepro,9.992,0.183,0.1,0.11,0.006,0.0,0.006,0.119,0.6741363889347834,0.3258636110652167,0.9935557443335395,0.0064442556664601,0.0064442556664601,0.0891388490651521,0.021283255462607,baja,baja,presion_distancia,estructura_anchura,0,0,False,,0.1,,,,6.54975048,9.5563904,5.301605448000001,38.138701440000006,6.54975048,9.5563904,5.301605448000001,38.138701440000006,6.54975048,9.5563904,1.2481450319999992,10.3122,28.609550335652127,18.9775,30.5692,2,backward,4,4,False,ataque_elaborado,recuperacion_con_posesion_elaborada,cierre_bepro,30.0,0.0,1.0,True,,Estable,Baja amenaza
199542,45,376,bepro_sequences,T0,0.0,1,54.2,3250.102,3254.261,3254261.0,cierre_bepro,4.159,0.278,0.023,0.109,0.006,0.001,0.006,0.118,0.6113427822493833,0.3886572177506165,0.9182696686653482,0.0817303313346517,0.0817303313346517,0.022359740918722,0.0574285777312602,baja,baja,estructura_anchura,presion_distancia,0,0,False,,0.05,,,,91.178203206,51.82556032,99.28060034305813,37.10247741518912,91.178203206,51.82556032,2.719399656941889,26.89752258481088,10.821796793999994,12.17443968,8.102397137058105,10.821796793999994,16.80529706933328,18.7319,22.5789,3,forward,5,5,True,balon_parado_con_continuidad,setpiece_con_continuidad_bepro,cierre_bepro,8.0,0.0,1.0,True,,Estable,Baja amenaza
199542,59,509,bepro_sequences,T0,0.0,1,74.8,4482.794,4490.728,4490728.0,cierre_bepro,7.934,0.261,0.026,0.105,0.011,-0.005,0.011,0.142,0.5356282568844062,0.4643717431155939,0.911185033860806,0.0888149661391941,0.0888149661391941,-0.1412931041431354,-0.0377212978051189,baja,baja,estructura_anchura,presion_distancia,0,0,False,,0.05,,,,95.83172952,48.3972352,69.819,1.5488,95.83172952,48.3972352,32.181,62.4512,6.168270480000004,15.602764800000005,-26.012729519999997,32.181,53.58580015049955,50.5957,59.8724,3,forward,5,5,True,balon_parado_con_continuidad,setpiece_con_continuidad_bepro,cierre_bepro,16.0,0.0,1.0,True,,Estable,Baja amenaza
199542,19,120,bepro_sequences,T2,2.0,0,18.8,1121.703,1127.06,1127060.0,cierre_bepro,5.357,0.208,0.035,0.094,0.026,-0.005,0.026,0.409,0.4965234655965285,0.5034765344034715,0.9832164718101772,0.0167835281898224,0.0167835281898224,0.0968610233945791,0.0549185605246395,baja,baja,pitch_control_rival,estructura_retroceso,0,0,False,,0.05,,,,55.7825148,61.28274752,51.2280108,49.059008000000006,55.7825148,61.28274752,51.2280108,49.059008000000006,55.7825148,61.28274752,4.554504000000001,55.7825148,13.0446661336665,28.1576,14.6435,4,forward,5,5,False,transicion_rapida,origen_recuperacion_rival,cierre_bepro,16.0,1.0,0.9411764705882352,True,,Estable,Baja amenaza
199542,66,567,bepro_sequences,T3,3.0,1,83.6,5012.794,5018.9,5018900.0,cierre_bepro,6.106,0.223,0.009,0.084,0.009,0.002,0.009,0.169,0.6383310381483057,0.3616689618516943,0.9563769623110748,0.0436230376889253,0.0436230376889253,0.185755781063565,0.1027142894866167,baja,baja,estructura_anchura,presion_distancia,0,0,False,,0.05,,,,75.06622680000001,62.07042559999999,85.00609314,42.23167488,75.06622680000001,62.07042559999999,16.993906859999996,21.76832512,26.93377319999999,1.929574400000007,9.939866339999996,26.93377319999999,22.189569013105352,25.0901,25.0901,1,forward,2,2,False,transicion_rapida,origen_recuperacion_rival,cierre_bepro,5.0,0.0,1.0,True,,Estable,Baja amenaza
199542,44,372,bepro_sequences,T0,0.0,1,53.8,3208.728,3226.194,3223761.0,cierre_recuperacion_propia,17.466,0.174,0.032,0.08,0.023,0.017,0.023,0.153,0.6595414319611377,0.3404585680388624,0.9716561129260978,0.0283438870739023,0.0283438870739023,0.297330496956088,0.0088389026412328,baja,baja,estructura_anchura,presion_distancia,0,0,False,,0.05,,,,60.1793574,37.1747776,97.767,30.9312,60.1793574,37.1747776,4.233000000000004,33.0688,41.820642600000006,26.8252224,37.5876426,41.9838426,38.10266575283882,35.1319,39.3366,3,forward,5,5,False,ataque_elaborado,posesion_bepro_elaborada,cierre_recuperacion_propia,26.0,1.0,0.9629629629629628,True,,Estable,Baja amenaza
199542,11,71,bepro_sequences,T0,0.0,0,12.0,718.903,722.887,722887.0,cierre_bepro,3.984,0.074,0.1,0.073,0.01,-0.004,0.01,0.148,0.6269074284835601,0.3730925715164398,0.9998774692489336,0.0001225307510664,0.0001225307510664,-0.0259526267415068,0.0006937277318659,baja,baja,presion_distancia,pitch_control_rival,0,0,False,,0.1,,,,5.18174892,29.0815104,26.4384,17.0176,5.18174892,29.0815104,26.4384,17.0176,5.18174892,29.0815104,-21.25665108,26.4384,24.44142281611472,26.5595,26.5461,3,forward,3,3,False,transicion_rapida,origen_recuperacion_rival,cierre_bepro,9.0,0.0,1.0,True,,Estable,Baja amenaza
199542,67,571,bepro_sequences,T0,0.0,1,84.1,5039.513,5045.728,5045728.0,cierre_bepro,6.215,0.185,0.003,0.068,0.011,0.003,0.011,0.172,0.6505455190437688,0.3494544809562311,0.9745827360824568,0.0254172639175431,0.0254172639175431,0.0842230910344277,0.0391655497469065,baja,baja,estructura_anchura,presion_distancia,0,0,False,,0.05,,,,71.196,5.5936,85.774809,35.7853632,71.196,5.5936,16.225190999999995,28.2146368,30.804,58.4064,14.578809000000009,31.9362,33.527365494225094,37.5631,35.7124,3,backward,4,4,False,transicion_rapida,origen_recuperacion_rival,cierre_bepro,11.0,0.0,1.0,True,,Estable,Baja amenaza
199542,38,301,bepro_sequences,T0,0.0,1,46.2,2769.594,2774.208,2774208.0,cierre_bepro,4.614,0.164,0.005,0.062,0.014,0.002,0.014,0.225,0.6736566905874599,0.32634330941254,0.9948661625454316,0.0051338374545682,0.0051338374545682,0.0719012297711677,0.0117398857367861,baja,baja,estructura_anchura,estructura_retroceso,0,0,False,,0.05,,,,64.464,0.9792,73.4298,9.5424,64.464,0.9792,28.5702,54.4576,37.536,63.0208,8.965800000000002,40.4838,12.39814356587308,18.3397,13.5004,2,backward,4,4,False,transicion_rapida,origen_recuperacion_rival,cierre_bepro,13.0,0.0,1.0,True,,Estable,Baja amenaza
207673,70,576,bepro_sequences,T1,1.0,1,74.1,4421.424,4447.887,4447887.0,cierre_bepro,26.463,0.846,0.964,0.764,0.169,0.16,0.169,0.883,0.3176426902575874,0.6823573097424125,0.7006170018077434,0.2993829981922565,0.2993829981922565,0.2429654891650871,0.1566059431818224,critica,muy_alta,estructura_retroceso,estructura_anchura,1,0,False,0.07,0.349,4447887.0,0.0,dentro_intervalo,3.172149,43.5389056,75.2658,1.3312,3.172149,43.5389056,26.7342,62.6688,98.827851,20.4610944,72.093651,98.827851,83.54031916701103,83.54031916701103,72.093651,0,backward,14,14,True,balon_parado_con_continuidad,setpiece_con_continuidad_bepro,cierre_bepro,15.0,8.0,0.6521739130434783,True,,Crítica,Amenaza crítica
207673,20,217,bepro_sequences,T2,2.0,0,27.7,1649.01,1661.77,1661770.0,cierre_bepro,12.76,0.697,0.956,0.711,0.186,0.109,0.186,1.225,0.30157181672381,0.6984281832761902,0.6981925932947785,0.3018074067052215,0.3018074067052215,0.2276788306943344,0.4200669718472553,alta,muy_alta,pitch_control_rival,estructura_retroceso,1,0,False,0.02,0.314,1661770.0,0.0,dentro_intervalo,81.65191800000001,39.376896,38.4948,45.0176,81.65191800000001,39.376896,38.4948,45.0176,81.65191800000001,39.376896,43.15711800000001,89.7906,43.52418150501559,61.7334,44.8334,3,sideways,6,6,True,balon_parado_con_continuidad,setpiece_con_continuidad_bepro,cierre_bepro,8.0,5.0,0.6153846153846154,True,,Crítica,Amenaza crítica
207673,96,726,bepro_sequences,T1,1.0,1,92.3,5524.881,5539.207,5539207.0,cierre_bepro,14.326,0.68,0.979,0.706,0.135,0.118,0.135,1.169,0.3024417876586447,0.6975582123413551,0.6017942710932982,0.3982057289067016,0.3982057289067016,0.3475139413913538,0.6059718828945725,alta,critica,estructura_retroceso,pitch_control_rival,1,1,False,0.08,0.356,5539207.0,0.0,dentro_intervalo,12.47193779999999,43.5433664,65.688,32.2624,12.47193779999999,43.5433664,36.312,31.7376,89.52806220000001,20.456633600000004,53.21606220000001,90.25812822,54.39861651726263,54.39861651726263,53.21606220000001,1,sideways,6,6,False,ataque_elaborado,recuperacion_con_posesion_elaborada,cierre_bepro,7.0,6.0,0.5384615384615384,True,,Crítica,Amenaza crítica
207673,24,242,bepro_sequences,T1,1.0,0,33.0,1973.828,1978.628,1978628.0,cierre_bepro,4.8,0.572,1.0,0.698,0.238,0.179,0.238,2.661,0.2965530172951919,0.7034469827048082,0.5420603334301926,0.4579396665698074,0.4579396665698074,0.1146998914359391,0.2314646427056876,media,critica,pitch_control_rival,estructura_retroceso,1,1,False,0.31,0.517,1978628.0,0.0,dentro_intervalo,93.9238542,28.853068800000003,69.9108,42.9056,93.9238542,28.853068800000003,69.9108,42.9056,93.9238542,28.853068800000003,24.0130542,93.9238542,27.822659922069118,27.822659922069118,33.4275,1,backward,3,3,False,transicion_rapida,finalizacion_gol_con_continuidad,cierre_bepro,3.0,6.0,0.3333333333333333,False,Revisar: el poseedor detectado no confirma dominio rival en la secuencia.,Inestable,Amenaza crítica
207673,65,544,bepro_sequences,T2,2.0,1,69.8,4179.487,4189.916,4189916.0,cierre_bepro,10.429,0.648,0.959,0.687,0.144,0.136,0.144,0.992,0.3590278780717892,0.6409721219282107,0.7093880041728717,0.2906119958271281,0.2906119958271281,0.266554892258967,0.3408774909782218,alta,muy_alta,estructura_retroceso,pitch_control_rival,1,1,False,0.06,0.342,4189916.0,0.0,dentro_intervalo,17.0034,38.3808,81.4167264,18.809248,17.0034,38.3808,20.5832736,45.190752,84.9966,25.6192,64.4133264,85.43520000000001,67.32103880364325,73.8033,69.1245,3,sideways,5,5,False,ataque_elaborado,recuperacion_con_posesion_elaborada,cierre_bepro,8.0,6.0,0.5714285714285714,True,,Crítica,Amenaza crítica
207673,46,407,bepro_sequences,T1,1.0,1,52.2,3130.023,3132.487,3132487.0,cierre_bepro,2.464,0.618,0.979,0.684,0.135,0.07,0.135,2.107,0.2428376867843956,0.7571623132156045,0.5143838671950932,0.4856161328049068,0.4856161328049068,0.145579291395904,0.2605974940350246,media,critica,pitch_control_rival,estructura_anchura,1,0,False,0.05,0.335,3132487.0,0.0,dentro_intervalo,11.257213271999987,45.20068736,22.98438216,49.26326784,11.257213271999987,45.20068736,79.01561784,14.736732160000004,90.742786728,18.79931264,11.727168888000008,90.742786728,12.4109246345368,12.826,16.0455,1,sideways,3,3,False,transicion_rapida,origen_recuperacion_rival,cierre_bepro,2.0,4.0,0.3333333333333333,False,Revisar: el poseedor detectado no confirma dominio rival en la secuencia.,Crítica,Amenaza crítica
207673,79,617,bepro_sequences,T2,2.0,1,79.7,4766.377,4779.967,4779967.0,cierre_bepro,13.59,0.573,0.942,0.677,0.262,0.246,0.262,1.453,0.3838552525456865,0.6161447474543135,0.7410475051244734,0.2589524948755268,0.2589524948755268,0.4263646129026382,0.5251388858615135,media,muy_alta,estructura_retroceso,pitch_control_rival,1,1,True,0.37,1.0,4779967.0,0.0,dentro_intervalo,7.484994599999991,33.3816768,60.30796818,57.244488960000005,7.484994599999991,33.3816768,41.69203182,6.755511039999995,94.5150054,30.6183232,52.82297358000001,94.7072816890981,57.96292213145247,58.0812,62.1565,3,backward,7,7,False,ataque_elaborado,recuperacion_con_posesion_elaborada,cierre_bepro,7.0,5.0,0.5833333333333334,True,,Inestable,Amenaza crítica
207673,67,561,bepro_sequences,T2,2.0,1,72.3,4326.587,4335.167,4335167.0,cierre_bepro,8.58,0.502,0.946,0.633,0.159,0.144,0.159,1.214,0.4382537748392322,0.5617462251607679,0.7337832023137179,0.2662167976862823,0.2662167976862823,0.474511499129436,0.4298898953596651,baja,muy_alta,estructura_retroceso,pitch_control_rival,1,0,False,0.16,0.412,4335167.0,0.0,dentro_intervalo,12.14770632,21.43660288,68.93159999999999,28.8832,12.14770632,21.43660288,33.06840000000001,35.1168,89.85229368,42.56339712,56.78389367999999,89.85229368,57.270082854219226,57.270082854219226,61.6953,1,sideways,3,3,False,transicion_rapida,finalizacion_gol_con_continuidad,cierre_bepro,7.0,10.0,0.4117647058823529,False,Revisar: el poseedor detectado no confirma dominio rival en la secuencia.,Inestable,Amenaza crítica
207673,73,594,bepro_sequences,T2,2.0,1,76.2,4555.847,4570.247,4570247.0,cierre_bepro,14.4,0.715,0.793,0.626,0.094,0.07,0.094,0.624,0.3319086065691638,0.6680913934308361,0.7549549236688081,0.2450450763311919,0.2450450763311919,0.0641666988359263,0.1122205739553379,muy_alta,muy_alta,presion_distancia,estructura_anchura,1,0,False,0.04,0.328,4570247.0,0.0,dentro_intervalo,16.591760639999993,45.912918272000006,50.914127220000005,13.240718720000002,16.591760639999993,45.912918272000006,51.08587278,50.75928128,85.40823936000001,18.087081727999998,34.322366580000015,85.40823936000001,47.38668031438382,80.9263,51.5033,4,forward,9,9,False,ataque_elaborado,recuperacion_con_posesion_elaborada,cierre_bepro,5.0,1.0,0.8333333333333334,True,,Crítica,Amenaza crítica
207673,89,693,bepro_sequences,T2,2.0,1,88.8,5314.847,5327.702,5327702.0,cierre_bepro,12.855,0.519,0.863,0.594,0.122,0.111,0.122,0.742,0.518883189842194,0.481116810157806,0.7783451450201624,0.2216548549798374,0.2216548549798374,0.4564207603475104,0.6341015751747587,baja,muy_alta,estructura_retroceso,estructura_anchura,1,1,False,0.11,0.377,5327702.0,0.0,dentro_intervalo,13.84653059999999,21.1616704,76.02799704,21.2969632,13.84653059999999,21.1616704,25.97200296,42.7030368,88.1534694,42.8383296,62.18146644000001,88.1534694,62.18161362308459,62.18161362308459,66.1241,3,sideways,5,5,False,ataque_elaborado,recuperacion_con_posesion_elaborada,cierre_bepro,8.0,2.0,0.8,True,,Inestable,Amenaza crítica
207673,85,672,bepro_sequences,T2,2.0,1,85.2,5093.5,5114.086,5111447.0,cierre_recuperacion_propia,20.586,0.799,0.544,0.581,0.285,0.272,0.285,1.103,0.330380001965607,0.6696199980343931,0.7253148306678086,0.2746851693321915,0.2746851693321915,0.3692326063608997,0.4009722075525391,critica,alta,estructura_retroceso,estructura_anchura,0,0,False,,0.1,,,,1.7748,28.8192,71.13116880000001,34.5611008,1.7748,28.8192,30.86883119999999,29.4388992,100.2252,35.180800000000005,69.35636880000001,100.7964,69.59364423507837,101.2092,53.2686,5,forward,10,10,False,ataque_elaborado,recuperacion_con_posesion_elaborada,cierre_recuperacion_propia,7.0,1.0,0.875,True,,Crítica,Amenaza crítica
207673,94,717,bepro_sequences,T1,1.0,1,91.5,5482.684,5491.759,5489567.0,cierre_recuperacion_propia,9.075,0.704,0.593,0.566,0.265,0.112,0.265,3.128,0.220073084294768,0.7799269157052322,0.5227153751119046,0.4772846248880954,0.4772846248880954,0.0239219579071998,0.2477996828708394,muy_alta,alta,pitch_control_rival,estructura_anchura,0,0,False,,0.1,,,,4.985503469999999,25.91719936,26.1577164,33.340096,4.985503469999999,25.91719936,75.8422836,30.659904,97.01449653,38.08280064,21.17221293,97.01449653,22.435730317539974,27.3404,21.9276,2,sideways,3,3,False,transicion_rapida,origen_recuperacion_rival,cierre_recuperacion_propia,5.0,5.0,0.5,True,,Crítica,Amenaza crítica
207673,66,550,bepro_sequences,T2,2.0,1,70.7,4225.247,4239.197,4237772.0,cierre_recuperacion_propia,13.95,0.787,0.569,0.559,0.135,0.099,0.135,0.946,0.30488599285539,0.6951140071446099,0.6345686764808702,0.3654313235191296,0.3654313235191296,0.1293709691381621,0.1262498411256067,critica,alta,estructura_retroceso,pitch_control_rival,0,0,False,,0.1,,,,4.6206,15.8464,68.8343838,20.7207424,4.6206,15.8464,33.1656162,43.2792576,97.3794,48.1536,64.2137838,98.2974,64.39851895614976,71.0175,65.3363,5,sideways,9,9,False,ataque_elaborado,recuperacion_con_posesion_elaborada,cierre_recuperacion_propia,10.0,17.0,0.3703703703703703,False,Revisar: el poseedor detectado no confirma dominio rival en la secuencia.,Crítica,Amenaza crítica
207673,59,492,bepro_sequences,T1,1.0,1,64.9,3882.375,3892.049,3888877.0,cierre_recuperacion_propia,9.674,0.679,0.544,0.542,0.295,0.263,0.295,1.482,0.3534303087436464,0.6465696912563537,0.7237478326061751,0.2762521673938248,0.2762521673938248,0.1394028822398119,0.2569291568439773,alta,alta,estructura_anchura,estructura_retroceso,0,0,False,,0.1,,,,3.7128,30.016,52.59119999999999,36.3072,3.7128,30.016,49.40880000000001,27.6928,98.2872,33.984,48.87839999999999,98.7564,49.28161101262822,29.3312,31.4015,2,forward,3,3,False,transicion_rapida,origen_recuperacion_rival,cierre_recuperacion_propia,2.0,6.0,0.25,False,Revisar: el poseedor detectado no confirma dominio rival en la secuencia.,Crítica,Amenaza crítica
207673,28,264,bepro_sequences,T2,2.0,0,36.3,2171.811,2175.41,2175410.0,cierre_bepro,3.599,0.522,0.758,0.539,0.076,0.048,0.076,1.166,0.3154229886146694,0.6845770113853303,0.7234204435610143,0.2765795564389858,0.2765795564389858,0.1567450522866239,0.2337216376916603,baja,alta,pitch_control_rival,estructura_retroceso,1,1,False,0.03,0.321,2175410.0,0.0,dentro_intervalo,81.57201119999999,48.36200960000001,59.394523500000005,57.624870464,81.57201119999999,48.36200960000001,59.394523500000005,57.624870464,81.57201119999999,48.36200960000001,22.177487699999983,81.57201119999999,24.03417467002921,32.8025,28.2965,2,backward,3,3,False,transicion_rapida,origen_recuperacion_rival,cierre_bepro,1.0,5.0,0.1666666666666666,False,Revisar: el poseedor detectado no confirma dominio rival en la secuencia.,Inestable,Amenaza crítica
207673,30,274,bepro_sequences,T1,1.0,0,38.0,2258.932,2279.995,2278690.0,cierre_recuperacion_propia,21.063,0.759,0.486,0.532,0.238,0.223,0.238,1.172,0.2903145408919423,0.7096854591080575,0.6589641462469704,0.3410358537530296,0.3410358537530296,0.4821505627319944,0.4781086664006637,muy_alta,alta,estructura_retroceso,pitch_control_rival,0,0,False,,0.05,,,,94.1766,28.7296,36.1998,20.7936,94.1766,28.7296,36.1998,20.7936,94.1766,28.7296,57.97680000000001,94.9212,58.51742846571439,53.7903,57.3482,4,sideways,9,9,False,ataque_elaborado,recuperacion_con_posesion_elaborada,cierre_recuperacion_propia,8.0,21.0,0.2758620689655172,False,Revisar: el poseedor detectado no confirma dominio rival en la secuencia.,Crítica,Alta amenaza
207673,83,649,bepro_sequences,T0,0.0,1,82.6,4921.807,4953.067,4950047.0,cierre_recuperacion_propia,31.26,0.765,0.495,0.526,0.176,0.168,0.176,0.677,0.3967474278110827,0.6032525721889173,0.8169569860695299,0.1830430139304699,0.1830430139304699,0.2310944007522846,0.2199909716948639,muy_alta,alta,presion_distancia,estructura_retroceso,0,0,False,,0.1,,,,17.16172848,33.33206208,80.92719168,59.457366400000005,17.16172848,33.33206208,21.072808319999996,4.542633599999995,84.83827152,30.66793792,63.76546320000001,89.2668504,68.90983836088404,160.3932,64.3688,10,backward,18,18,False,ataque_elaborado,recuperacion_con_posesion_elaborada,cierre_recuperacion_propia,23.0,5.0,0.8214285714285714,True,,Crítica,Alta amenaza
207673,42,382,bepro_sequences,T2,2.0,1,49.4,2948.567,2962.527,2962527.0,cierre_bepro,13.96,0.681,0.546,0.509,0.126,0.093,0.126,1.013,0.2175769334418935,0.7824230665581066,0.6263228718836037,0.3736771281163963,0.3736771281163963,0.0050795313185005,0.0145689390706805,alta,alta,pitch_control_rival,presion_distancia,0,0,False,,0.1,,,,17.3604,40.7424,23.46,1.6768,17.3604,40.7424,78.53999999999999,62.3232,84.6396,23.2576,6.0996000000000095,84.6396,39.53892036361135,92.2045,43.0336,5,forward,9,9,True,balon_parado_con_continuidad,setpiece_con_continuidad_bepro,cierre_bepro,14.0,9.0,0.6086956521739131,True,,Crítica,Amenaza crítica
207673,47,411,bepro_sequences,T1,1.0,1,52.8,3159.118,3169.807,3169807.0,cierre_bepro,10.689,0.574,0.588,0.494,0.142,0.079,0.142,1.512,0.2790693017497085,0.7209306982502914,0.6406089470376254,0.3593910529623747,0.3593910529623747,0.1907415675471415,0.2179434422688468,media,alta,pitch_control_rival,estructura_retroceso,0,0,False,,0.1,,,,13.9944,41.9328,39.277183935040696,31.969180149304798,13.9944,41.9328,62.7228160649593,32.03081985069521,88.0056,22.0672,25.282783935040698,88.0056,27.17522555628784,18.8269,33.9785,2,sideways,4,4,False,ataque_elaborado,recuperacion_con_posesion_elaborada,cierre_bepro,3.0,18.0,0.1428571428571428,False,Revisar: el poseedor detectado no confirma dominio rival en la secuencia.,Inestable,Amenaza crítica
207673,68,570,bepro_sequences,T2,2.0,1,73.5,4394.635,4409.637,4408307.0,cierre_recuperacion_propia,15.002,0.699,0.486,0.486,0.112,0.068,0.112,1.097,0.3000869335313157,0.6999130664686842,0.6649201651183155,0.3350798348816844,0.3350798348816844,0.2782856163115816,0.2423540566790181,muy_alta,media,pitch_control_rival,estructura_anchura,0,0,False,,0.1,,,,17.2074,45.6384,55.27464864,39.1806848,17.2074,45.6384,46.72535136,24.8193152,84.7926,18.361600000000003,38.06724864,85.092888,38.61110597514519,46.9966,30.4963,3,sideways,6,6,False,ataque_elaborado,recuperacion_con_posesion_elaborada,cierre_recuperacion_propia,9.0,0.0,1.0,True,,Crítica,Alta amenaza
207673,62,530,bepro_sequences,T3,3.0,1,68.3,4086.966,4099.787,4097809.0,cierre_recuperacion_propia,12.821,0.61,0.5,0.479,0.202,0.141,0.202,0.82,0.3928852357006417,0.6071147642993582,0.8078132707685566,0.1921867292314435,0.1921867292314435,0.3896911351868892,0.4938752351910954,media,alta,estructura_retroceso,presion_distancia,0,0,False,,0.1,,,,19.2066,31.5456,69.96312922224804,16.617557881485524,19.2066,31.5456,32.03687077775196,47.38244211851448,82.7934,32.4544,50.75652922224805,87.7914,52.90625388534953,55.8204,62.4627,4,forward,7,7,False,ataque_elaborado,recuperacion_con_posesion_elaborada,cierre_recuperacion_propia,7.0,6.0,0.5384615384615384,True,,Crítica,Amenaza crítica
207673,44,399,bepro_sequences,T3,3.0,1,51.6,3081.407,3096.495,3093474.0,cierre_recuperacion_propia,15.088,0.664,0.462,0.475,0.176,0.17,0.176,0.573,0.437140748637714,0.562859251362286,0.8791851397771225,0.1208148602228775,0.1208148602228775,0.217070322214634,0.2438559262610065,alta,media,presion_distancia,estructura_retroceso,0,0,False,,0.1,,,,7.639799999999999,41.2096,96.0126,37.12,7.639799999999999,41.2096,5.987399999999994,26.880000000000003,94.3602,22.7904,88.37280000000001,94.3602,88.46737595294665,64.5106,59.0974,4,forward,7,7,True,balon_parado_con_continuidad,setpiece_con_continuidad_bepro,cierre_recuperacion_propia,6.0,3.0,0.6666666666666666,True,,Crítica,Alta amenaza
207673,90,703,bepro_sequences,T3,3.0,1,90.0,5389.796,5402.267,5401247.0,cierre_recuperacion_propia,12.471,0.647,0.496,0.472,0.109,0.086,0.109,0.695,0.277414070442152,0.7225859295578478,0.5396915930469383,0.4603084069530617,0.4603084069530617,-0.0631387095153165,0.069941394133574,alta,alta,pitch_control_rival,presion_distancia,0,0,False,,0.1,,,,18.52714332,43.72688128,38.2806,62.7776,18.52714332,43.72688128,63.7194,1.2224000000000004,83.47285668,20.27311872,19.753456680000006,84.0263148,27.44319468569931,57.0169,14.894,3,backward,6,6,True,balon_parado_con_continuidad,setpiece_con_continuidad_bepro,cierre_recuperacion_propia,1.0,3.0,0.25,False,Revisar: el poseedor detectado no confirma dominio rival en la secuencia.,Crítica,Amenaza crítica
207673,86,676,bepro_sequences,T3,3.0,1,85.9,5125.862,5156.255,5156255.0,cierre_bepro,30.393,0.643,0.493,0.47,0.114,0.037,0.114,0.904,0.372863904936373,0.6271360950636271,0.6678474294168337,0.3321525705831664,0.3321525705831664,0.2015962545808815,0.2061072358603414,alta,alta,estructura_retroceso,pitch_control_rival,0,0,False,,0.1,,,,4.801965180000001,59.0632384,58.12714671170432,48.26980216202685,4.801965180000001,59.0632384,43.87285328829568,15.73019783797315,97.19803482,4.936761599999997,53.32518153170432,99.0981204,54.40655522280758,118.0998,59.7269,8,sideways,14,14,False,ataque_elaborado,recuperacion_con_posesion_elaborada,cierre_bepro,14.0,29.0,0.3255813953488372,False,Revisar: el poseedor detectado no confirma dominio rival en la secuencia.,Crítica,Alta amenaza
207673,45,403,bepro_sequences,T2,2.0,1,52.0,3112.09,3118.867,3115367.0,cierre_recuperacion_propia,6.777,0.526,0.535,0.463,0.191,0.159,0.191,1.972,0.3608995843799548,0.6391004156200449,0.7419831954410226,0.2580168045589776,0.2580168045589776,0.1551575085205969,0.1364432140437125,baja,alta,pitch_control_rival,estructura_retroceso,0,0,False,,0.1,,,,4.6512,22.8032,42.53713854,14.625256960000002,4.6512,22.8032,59.46286146,49.37474304,97.3488,41.1968,37.88593854,97.3488,38.75852282301457,18.3353,21.7686,2,forward,4,4,False,transicion_rapida,origen_recuperacion_rival,cierre_recuperacion_propia,1.0,1.0,0.5,True,,Inestable,Amenaza crítica
207673,76,602,bepro_sequences,T1,1.0,1,77.8,4665.785,4670.606,4667764.0,cierre_recuperacion_propia,4.821,0.73,0.412,0.457,0.081,0.048,0.081,0.927,0.2554162290551662,0.7445837709448337,0.6372667791416728,0.362733220858327,0.362733220858327,0.0298603507243266,0.203731032395827,muy_alta,media,estructura_anchura,pitch_control_rival,0,0,False,,0.1,,,,11.2608,52.864,41.60533747329695,50.24116830300758,11.2608,52.864,60.39466252670305,13.758831696992416,90.7392,11.136000000000005,30.344537473296946,90.7392,30.457678844243382,12.2382,13.0466,2,sideways,3,3,True,balon_parado_con_continuidad,setpiece_con_continuidad_bepro,cierre_recuperacion_propia,3.0,2.0,0.6,True,,Crítica,Alta amenaza
207673,15,177,bepro_sequences,T2,2.0,0,21.8,1296.485,1306.425,1306425.0,cierre_bepro,9.94,0.54,0.572,0.455,0.046,0.031,0.046,0.521,0.3857502920037797,0.6142497079962204,0.8415179691838823,0.1584820308161178,0.1584820308161178,0.2812198476138877,0.3059876044136834,baja,alta,estructura_retroceso,pitch_control_rival,0,0,False,,0.3,,,,81.56978760000001,57.99114944,34.217532,33.4388352,81.56978760000001,57.99114944,34.217532,33.4388352,81.56978760000001,57.99114944,47.352255600000014,81.56978760000001,53.33903115868753,59.8783,56.2254,3,forward,7,7,False,transicion_rapida,origen_recuperacion_rival,cierre_bepro,9.0,0.0,1.0,True,,Inestable,Amenaza crítica
207673,77,606,bepro_sequences,T3,3.0,1,78.3,4678.367,4698.468,4695393.0,cierre_recuperacion_propia,20.101,0.699,0.414,0.447,0.081,0.061,0.081,0.634,0.3360235469821059,0.6639764530178941,0.6312727361189104,0.3687272638810894,0.3687272638810894,0.1265576765617199,0.0640509724743479,muy_alta,media,estructura_retroceso,pitch_control_rival,0,0,False,,0.1,,,,15.92587098,51.57221824,66.8202,49.6896,15.92587098,51.57221824,35.1798,14.3104,86.07412902,12.427781760000002,50.89432902,93.2076,50.92913682592309,93.8145,58.6408,5,sideways,10,10,False,ataque_elaborado,recuperacion_con_posesion_elaborada,cierre_recuperacion_propia,17.0,6.0,0.7391304347826086,True,,Crítica,Alta amenaza
207673,63,532,bepro_sequences,T1,1.0,1,68.6,4103.277,4113.823,4110447.0,cierre_recuperacion_propia,10.546,0.636,0.444,0.441,0.093,0.023,0.093,0.967,0.2471392190006518,0.7528607809993482,0.6409572728760227,0.3590427271239773,0.3590427271239773,-0.0811379288812987,-0.1805679991435477,media,media,pitch_control_rival,presion_distancia,0,0,False,,0.1,,,,41.5956,41.632,55.4060022,48.0257664,41.5956,41.632,46.5939978,15.974233600000003,60.4044,22.368,13.8104022,73.95,15.218654924254434,18.0562,26.2998,2,backward,4,4,False,ataque_elaborado,recuperacion_con_posesion_elaborada,cierre_recuperacion_propia,6.0,0.0,1.0,True,,Crítica,Alta amenaza
207673,48,413,bepro_sequences,T1,1.0,1,53.0,3171.711,3177.441,3176100.0,cierre_recuperacion_propia,5.73,0.606,0.449,0.432,0.093,-0.005,0.093,1.213,0.1341551669366342,0.8658448330633657,0.408924698914597,0.5910753010854031,0.5910753010854031,0.0332278238641592,0.1273366519994611,media,media,pitch_control_rival,presion_distancia,0,0,False,,0.1,,,,14.78690124,49.54031680000001,29.8984032,36.1419072,14.78690124,49.54031680000001,72.10159680000001,27.8580928,87.21309876000001,14.459683199999994,15.111501959999998,87.21309876000001,20.19591224224487,21.5733,24.4683,2,forward,3,3,False,transicion_rapida,origen_recuperacion_rival,cierre_recuperacion_propia,4.0,2.0,0.6666666666666666,True,,Crítica,Alta amenaza
207673,11,141,bepro_sequences,T1,1.0,0,16.7,987.063,1003.143,1000890.0,cierre_recuperacion_propia,16.08,0.597,0.382,0.403,0.112,0.068,0.112,1.204,0.2710678852362591,0.7289321147637409,0.6857982581455017,0.3142017418544983,0.3142017418544983,0.1371909135542353,0.1539278233927749,media,media,pitch_control_rival,estructura_anchura,0,0,False,,0.05,,,,77.214,23.4688,62.83893702,55.0246368,77.214,23.4688,62.83893702,55.0246368,77.214,23.4688,14.375062979999996,86.3318514,34.675831234841375,67.7005,43.4598,4,backward,8,8,False,ataque_elaborado,recuperacion_con_posesion_elaborada,cierre_recuperacion_propia,7.0,14.0,0.3333333333333333,False,Revisar: el poseedor detectado no confirma dominio rival en la secuencia.,Inestable,Alta amenaza
207673,7,94,bepro_sequences,T0,0.0,0,11.1,658.764,667.83,664330.0,cierre_recuperacion_propia,9.066,0.594,0.355,0.396,0.142,0.133,0.142,0.629,0.4558553757602272,0.5441446242397727,0.9052779288225188,0.0947220711774809,0.0947220711774809,0.1460201878062924,0.2190872880986399,media,media,estructura_retroceso,estructura_anchura,0,0,False,,0.05,,,,80.835,35.9552,24.74779896,20.47887104,80.835,35.9552,24.74779896,20.47887104,80.835,35.9552,56.08720104,80.835,58.18325256102061,50.2267,7.8845,3,sideways,5,5,True,balon_parado_con_continuidad,setpiece_con_continuidad_bepro,cierre_recuperacion_propia,5.0,0.0,1.0,True,,Inestable,Alta amenaza
207673,12,154,bepro_sequences,T2,2.0,0,19.0,1133.77,1141.703,1141703.0,cierre_bepro,7.933,0.618,0.339,0.393,0.122,0.11,0.122,0.912,0.4040068427295217,0.5959931572704785,0.8228555085176243,0.1771444914823756,0.1771444914823756,0.2197247743314706,0.3104887826774816,media,media,estructura_retroceso,estructura_anchura,0,0,False,,0.05,,,,89.1276,44.3776,29.1249984,43.73007103999999,89.1276,44.3776,29.1249984,43.73007103999999,89.1276,44.3776,60.002601600000006,89.1276,60.0060954613976,53.7303,62.8325,2,sideways,4,4,True,balon_parado_con_continuidad,setpiece_con_continuidad_bepro,cierre_bepro,6.0,10.0,0.375,False,Revisar: el poseedor detectado no confirma dominio rival en la secuencia.,Crítica,Alta amenaza
207673,54,437,bepro_sequences,T0,0.0,1,56.0,3326.447,3360.347,3357538.0,cierre_recuperacion_propia,33.9,0.548,0.389,0.392,0.124,0.111,0.124,0.394,0.4650909887025816,0.5349090112974185,0.915597057902824,0.0844029420971765,0.0844029420971765,0.1513231198293041,0.1826754200269072,media,media,presion_distancia,estructura_retroceso,0,0,False,,0.1,,,,22.8786,29.1072,69.34173792,13.46263296,22.8786,29.1072,32.65826208,50.53736704,79.1214,34.8928,46.46313792,79.1214,49.02627523320527,168.0605,33.4019,9,forward,17,17,True,balon_parado_con_continuidad,setpiece_con_continuidad_bepro,cierre_recuperacion_propia,19.0,5.0,0.7916666666666666,True,,Inestable,Alta amenaza
207673,21,222,bepro_sequences,T2,2.0,0,28.7,1716.93,1721.504,1721504.0,cierre_bepro,4.574,0.591,0.366,0.391,0.097,0.061,0.097,1.535,0.1151309841366151,0.8848690158633851,0.3062739810667861,0.6937260189332137,0.6937260189332137,0.0083561026136523,0.0504568621902185,media,media,pitch_control_rival,presion_distancia,0,0,False,,0.05,,,,89.3826,49.0432,82.3446,62.6432,89.3826,49.0432,82.3446,62.6432,89.3826,49.0432,7.037999999999997,89.3826,15.313178768629326,16.7165,16.9634,1,backward,2,2,True,balon_parado_con_continuidad,setpiece_con_continuidad_bepro,cierre_bepro,3.0,2.0,0.6,True,,Inestable,Alta amenaza
207673,57,463,bepro_sequences,T3,3.0,1,62.5,3718.699,3748.328,3744861.0,cierre_recuperacion_propia,29.629,0.694,0.291,0.388,0.069,0.029,0.069,0.528,0.3413672525693517,0.6586327474306484,0.7937807653923298,0.2062192346076703,0.2062192346076703,0.2693891659911394,0.4581486271035307,alta,media,estructura_anchura,pitch_control_rival,0,0,False,,0.1,,,,10.557,54.9888,50.7348,31.7184,10.557,54.9888,51.2652,32.2816,91.443,9.011200000000002,40.1778,97.5018,46.43023938124808,185.6225,49.1664,9,forward,17,17,False,ataque_elaborado,posesion_bepro_elaborada,cierre_recuperacion_propia,22.0,7.0,0.7586206896551724,True,,Crítica,Alta amenaza
207673,40,365,bepro_sequences,T0,0.0,1,47.5,2812.841,2848.847,2848847.0,cierre_bepro,36.006,0.678,0.277,0.378,0.08,0.074,0.08,0.413,0.4337704862201959,0.5662295137798041,0.8842109481611338,0.115789051838866,0.115789051838866,0.4442523075719488,0.4814052702404408,alta,media,estructura_retroceso,presion_distancia,0,0,False,,0.1,,,,19.1046,50.0864,98.15347534082314,33.14935905161141,19.1046,50.0864,3.8465246591768647,30.850640948388588,82.8954,13.913600000000002,79.04887534082313,82.8954,80.84298391781681,198.4789,84.9734,11,sideways,19,19,True,balon_parado_con_continuidad,setpiece_con_continuidad_bepro,cierre_bepro,28.0,2.0,0.9333333333333332,True,,Crítica,Alta amenaza
207673,72,591,bepro_sequences,T2,2.0,1,75.8,4536.487,4548.869,4546798.0,cierre_recuperacion_propia,12.382,0.612,0.317,0.372,0.074,0.051,0.074,0.755,0.4182587174056567,0.5817412825943433,0.774012950133524,0.2259870498664758,0.2259870498664758,0.2678219057650666,0.2967190525082408,media,media,estructura_retroceso,estructura_anchura,0,0,False,,0.1,,,,13.34961573553954,9.747835296763837,72.3486,34.2656,13.34961573553954,9.747835296763837,29.651399999999995,29.7344,88.65038426446046,54.25216470323616,58.99898426446046,94.7172,63.890538660127966,49.2301,72.1855,3,backward,6,6,True,balon_parado_con_continuidad,setpiece_con_continuidad_bepro,cierre_recuperacion_propia,7.0,6.0,0.5384615384615384,True,,Crítica,Alta amenaza
207673,9,108,bepro_sequences,T2,2.0,0,13.6,800.754,813.313,813313.0,cierre_bepro,12.559,0.595,0.288,0.359,0.104,0.092,0.104,0.643,0.4155558472092261,0.5844441527907739,0.820018426670941,0.179981573329059,0.179981573329059,0.380571434883661,0.3937279976059581,media,media,estructura_retroceso,estructura_anchura,0,0,False,,0.05,,,,89.15608656,45.39334528,29.3334048,42.6540352,89.15608656,45.39334528,29.3334048,42.6540352,89.15608656,45.39334528,59.82268176000001,89.15608656,59.88536609784253,37.8634,61.8821,3,sideways,7,7,False,ataque_elaborado,recuperacion_con_posesion_elaborada,cierre_bepro,12.0,9.0,0.5714285714285714,True,,Inestable,Alta amenaza
207673,58,474,bepro_sequences,T3,3.0,1,64.0,3818.851,3839.427,3836813.0,cierre_recuperacion_propia,20.576,0.695,0.233,0.358,0.054,0.048,0.054,0.362,0.4321052992860484,0.5678947007139514,0.8222623118901172,0.1777376881098828,0.1777376881098828,0.4498346218680312,0.382852792161581,alta,media,estructura_anchura,estructura_retroceso,0,0,False,,0.1,,,,14.17112622,57.29100992,97.8947064227156,18.6630879760316,14.17112622,57.29100992,4.105293577284414,45.3369120239684,87.82887378,6.70899008,83.72358020271558,87.82887378,92.20495776079431,52.7658,88.2119,3,forward,7,7,False,ataque_elaborado,recuperacion_con_posesion_elaborada,cierre_recuperacion_propia,20.0,10.0,0.6666666666666666,True,,Crítica,Amenaza moderada
207673,87,681,bepro_sequences,T3,3.0,1,86.7,5188.767,5200.487,5200487.0,cierre_bepro,11.72,0.644,0.251,0.346,0.036,0.016,0.036,0.577,0.2788329302320107,0.7211670697679892,0.6880116556791398,0.3119883443208602,0.3119883443208602,-0.0657002468212047,-0.2122180897585756,alta,media,pitch_control_rival,presion_distancia,0,0,False,,0.1,,,,30.841709400000003,5.6711021184,47.4606,63.8848,30.841709400000003,5.6711021184,54.5394,0.1152000000000015,71.1582906,58.3288978816,16.6188906,74.28659999999999,60.53942637509021,66.6053,64.3603,7,backward,11,11,True,balon_parado_con_continuidad,setpiece_con_continuidad_bepro,cierre_bepro,12.0,0.0,1.0,True,,Crítica,Alta amenaza
207673,61,526,bepro_sequences,T3,3.0,1,67.5,4031.538,4047.847,4047847.0,cierre_bepro,16.309,0.617,0.266,0.344,0.041,0.018,0.041,0.572,0.2475954204820048,0.7524045795179953,0.6887925024533053,0.3112074975466948,0.3112074975466948,0.0012444619767632,0.0052572556468384,media,media,pitch_control_rival,presion_distancia,0,0,False,,0.1,,,,40.8677178,46.3225984,40.25249670172013,62.16053872865925,40.8677178,46.3225984,61.74750329827987,1.8394612713407523,61.132282200000006,17.677401600000003,-0.6152210982798607,63.52353334990806,15.849884884564297,60.9026,18.9313,6,backward,11,11,True,balon_parado_con_continuidad,setpiece_con_continuidad_bepro,cierre_bepro,15.0,0.0,1.0,True,,Crítica,Alta amenaza
207673,84,653,bepro_sequences,T3,3.0,1,82.7,4956.16,4963.887,4963887.0,cierre_bepro,7.727,0.657,0.235,0.344,0.04,0.018,0.04,0.613,0.2908177510283718,0.7091822489716282,0.7396830170138498,0.2603169829861503,0.2603169829861503,-0.0144209904082001,-0.1703185269674059,alta,media,estructura_anchura,presion_distancia,0,0,False,,0.1,,,,47.7972,42.4448,58.2110532,43.2703936,47.7972,42.4448,43.7889468,20.7296064,54.2028,21.5552,10.413853199999998,57.7258902,10.446527808966536,37.3557,11.3012,4,sideways,6,6,False,transicion_rapida,origen_recuperacion_rival,cierre_bepro,3.0,0.0,1.0,True,,Crítica,Amenaza moderada
207673,49,418,bepro_sequences,T3,3.0,1,53.5,3201.977,3212.404,3211073.0,cierre_recuperacion_propia,10.427,0.606,0.264,0.343,0.06,0.044,0.06,0.539,0.3430487458243588,0.6569512541756414,0.7951752755868038,0.2048247244131963,0.2048247244131963,0.0948180778277708,0.2282569780330662,media,media,presion_distancia,pitch_control_rival,0,0,False,,0.1,,,,30.5388,46.8736,56.20861164,61.72736384,30.5388,46.8736,45.79138836,2.2726361599999976,71.4612,17.126399999999997,25.66981164000001,71.4612,29.657604924328787,48.3296,27.5849,3,backward,6,6,True,balon_parado_con_continuidad,setpiece_con_continuidad_bepro,cierre_recuperacion_propia,7.0,3.0,0.7,True,,Crítica,Alta amenaza
207673,64,536,bepro_sequences,T3,3.0,1,68.9,4119.647,4136.128,4134807.0,cierre_recuperacion_propia,16.481,0.456,0.304,0.314,0.086,0.076,0.086,0.437,0.4431762894726445,0.5568237105273555,0.8680168019471987,0.1319831980528013,0.1319831980528013,0.1741955911732832,-0.0248616629954878,baja,media,estructura_retroceso,pitch_control_rival,0,0,False,,0.1,,,,27.64160897480088,40.10116997125815,74.99721071618137,46.20803768661597,27.64160897480088,40.10116997125815,27.00278928381863,17.791962313384033,74.35839102519913,23.898830028741852,47.3556017413805,74.35839102519913,47.74774182703428,28.4997,33.9403,5,sideways,9,9,False,ataque_elaborado,recuperacion_con_posesion_elaborada,cierre_recuperacion_propia,4.0,18.0,0.1818181818181818,False,Revisar: el poseedor detectado no confirma dominio rival en la secuencia.,Vulnerable,Alta amenaza
207673,60,521,bepro_sequences,T0,0.0,1,67.0,4011.727,4020.387,4019127.0,cierre_recuperacion_propia,8.66,0.554,0.229,0.304,0.037,0.029,0.037,0.264,0.4057870024964274,0.5942129975035726,0.7379230112315758,0.2620769887684241,0.2620769887684241,0.0419333761108077,-0.234946011478169,media,baja,estructura_anchura,presion_distancia,0,0,False,,0.1,,,,47.9706,36.4992,79.7213232,10.7804224,47.9706,36.4992,22.2786768,53.2195776,54.0294,27.5008,31.750723200000003,54.0690678,40.86029790592918,36.9963,42.7559,3,forward,5,5,False,transicion_rapida,origen_recuperacion_rival,cierre_recuperacion_propia,8.0,0.0,1.0,True,,Inestable,Amenaza moderada
207673,88,688,bepro_sequences,T3,3.0,1,88.2,5284.182,5290.984,5290984.0,cierre_bepro,6.802,0.577,0.205,0.303,0.047,0.022,0.047,0.518,0.3437218091833339,0.6562781908166662,0.8338478560775318,0.1661521439224683,0.1661521439224683,0.0910492149885151,0.154711192421718,media,baja,estructura_anchura,pitch_control_rival,0,0,False,,0.1,,,,37.6007496,47.4094912,55.90239539999999,21.3925824,37.6007496,47.4094912,46.09760460000001,42.607417600000005,64.3992504,16.590508800000002,18.30164579999999,64.3992504,31.809271957971227,58.0299,37.2331,3,forward,6,6,True,balon_parado_con_continuidad,setpiece_con_continuidad_bepro,cierre_bepro,6.0,1.0,0.8571428571428571,True,,Inestable,Amenaza moderada
207673,25,245,bepro_sequences,T2,2.0,0,33.4,1988.77,2002.19,2000138.0,cierre_recuperacion_propia,13.42,0.646,0.147,0.299,0.033,0.002,0.033,0.527,0.2504690753837236,0.7495309246162764,0.6913503977574172,0.3086496022425827,0.3086496022425827,-0.0592169338300936,-0.1158703135510524,alta,baja,pitch_control_rival,presion_distancia,0,0,False,,0.05,,,,61.0674,61.1904,62.7198,0.8896,61.0674,61.1904,62.7198,0.8896,61.0674,61.1904,-1.6524,67.62992394,60.3234357973748,70.9435,64.6545,5,forward,8,8,True,balon_parado_con_continuidad,setpiece_con_continuidad_bepro,cierre_recuperacion_propia,7.0,1.0,0.875,True,,Crítica,Amenaza moderada
207673,75,600,bepro_sequences,T0,0.0,1,77.5,4631.383,4651.476,4651476.0,cierre_bepro,20.093,0.564,0.203,0.296,0.036,0.018,0.036,0.393,0.3348290693445545,0.6651709306554455,0.7810059998564178,0.2189940001435821,0.2189940001435821,0.0948102105473344,0.0979271213109136,media,baja,presion_distancia,estructura_anchura,0,0,False,,0.1,,,,44.4006,46.4128,49.3884,1.7472,44.4006,46.4128,52.6116,62.2528,57.5994,17.587200000000003,4.9878,65.86720788,44.9432305492162,108.5076,48.1981,8,forward,14,14,True,balon_parado_con_continuidad,setpiece_con_continuidad_bepro,cierre_bepro,6.0,8.0,0.4285714285714285,False,Revisar: el poseedor detectado no confirma dominio rival en la secuencia.,Inestable,Amenaza moderada
207673,43,391,bepro_sequences,T3,3.0,1,50.7,3029.731,3043.627,3042327.0,cierre_recuperacion_propia,13.896,0.584,0.175,0.293,0.047,0.04,0.047,0.365,0.4421400985608723,0.5578599014391277,0.8908535111789557,0.1091464888210441,0.1091464888210441,0.3416266698214197,0.1933563362199181,media,baja,estructura_retroceso,presion_distancia,0,0,False,,0.1,,,,36.1488,46.8608,89.03046136012763,38.27736620935613,36.1488,46.8608,12.969538639872368,25.72263379064387,65.8512,17.139200000000002,52.88166136012764,67.96260000000001,53.57373837847778,73.0183,45.062,5,sideways,10,10,False,ataque_elaborado,recuperacion_con_posesion_elaborada,cierre_recuperacion_propia,9.0,2.0,0.8181818181818182,True,,Inestable,Amenaza moderada
207673,93,715,bepro_sequences,T3,3.0,1,91.3,5471.409,5479.687,5479687.0,cierre_bepro,8.278,0.531,0.204,0.285,0.037,0.017,0.037,0.482,0.3471773672347665,0.6528226327652336,0.7845830218379144,0.2154169781620856,0.2154169781620856,0.0237187721326738,-0.110631370805749,baja,baja,presion_distancia,estructura_anchura,0,0,False,,0.1,,,,48.97857419999998,28.6875904,50.847,56.0064,48.97857419999998,28.6875904,51.153,7.993600000000001,53.02142580000002,35.3124096,1.8684258000000185,53.02142580000002,27.382629036145488,24.0582,29.5609,2,backward,4,4,False,ataque_elaborado,recuperacion_con_posesion_elaborada,cierre_bepro,3.0,0.0,1.0,True,,Inestable,Amenaza moderada
207673,31,280,bepro_sequences,T0,0.0,0,39.4,2347.943,2365.753,2363970.0,cierre_recuperacion_propia,17.81,0.588,0.146,0.285,0.067,0.061,0.067,0.475,0.4438363043846202,0.5561636956153798,0.8852340611181919,0.114765938881808,0.114765938881808,0.4127864809119658,0.3800456126720481,media,baja,estructura_retroceso,presion_distancia,0,0,False,,0.05,,,,70.1964,19.5072,4.012352844761348,39.50450302924075,70.1964,19.5072,4.012352844761348,39.50450302924075,70.1964,19.5072,66.18404715523864,72.94019999999999,69.13913671930055,88.5834,70.0844,6,sideways,11,11,True,balon_parado_con_continuidad,setpiece_con_continuidad_bepro,cierre_recuperacion_propia,17.0,0.0,1.0,True,,Inestable,Amenaza moderada
207673,27,260,bepro_sequences,T2,2.0,0,35.2,2108.028,2111.046,2111046.0,cierre_bepro,3.018,0.439,0.263,0.28,0.041,-0.015,0.041,0.735,0.284970060267725,0.7150299397322752,0.6946513146904789,0.3053486853095212,0.3053486853095212,0.0173398442204282,0.0630438066373146,baja,media,pitch_control_rival,estructura_anchura,0,0,False,,0.1,,,,48.6336,43.872,60.56638026507942,45.67949887348371,48.6336,43.872,60.56638026507942,45.67949887348371,48.6336,43.872,-11.932780265079415,63.532748261999984,12.068897921198673,17.4203,9.1313,3,sideways,4,4,False,transicion_rapida,origen_recuperacion_rival,cierre_bepro,1.0,5.0,0.1666666666666666,False,Revisar: el poseedor detectado no confirma dominio rival en la secuencia.,Vulnerable,Alta amenaza
207673,32,294,bepro_sequences,T3,3.0,0,40.8,2411.883,2449.011,2449011.0,cierre_bepro,37.128,0.541,0.173,0.28,0.063,0.024,0.063,0.67,0.3352326789354666,0.6647673210645332,0.8096813415658918,0.1903186584341082,0.1903186584341082,0.2610501900071522,0.0687615785799693,baja,baja,pitch_control_rival,presion_distancia,0,0,False,,0.05,,,,54.57,39.4752,36.9546,28.7168,54.57,39.4752,36.9546,28.7168,54.57,39.4752,17.6154,79.3050408,20.64086935475345,188.7996,22.807,12,forward,23,23,False,ataque_elaborado,recuperacion_con_posesion_elaborada,cierre_bepro,20.0,4.0,0.8333333333333334,True,,Inestable,Amenaza moderada
207673,55,445,bepro_sequences,T3,3.0,1,57.0,3399.967,3419.758,3419758.0,cierre_bepro,19.791,0.507,0.191,0.272,0.041,0.005,0.041,0.442,0.3698878197770985,0.6301121802229015,0.8293842907589294,0.1706157092410705,0.1706157092410705,-0.0131216255002907,-0.1079470499449144,baja,baja,estructura_anchura,presion_distancia,0,0,False,,0.1,,,,48.464107722,5.5968266112,55.0086,63.0464,48.464107722,5.5968266112,46.9914,0.9536000000000016,53.535892278,58.4031733888,6.544492278,61.63911582533635,57.82113680767543,110.5366,61.5886,7,backward,13,13,True,balon_parado_con_continuidad,setpiece_con_continuidad_bepro,cierre_bepro,14.0,3.0,0.8235294117647058,True,,Inestable,Amenaza moderada
207673,71,583,bepro_sequences,T3,3.0,1,75.1,4497.807,4507.487,4507487.0,cierre_bepro,9.68,0.543,0.15,0.261,0.018,0.006,0.018,0.247,0.3901278593216187,0.6098721406783812,0.6105335191732407,0.3894664808267593,0.3894664808267593,0.095748648575289,-0.0837904424005206,media,baja,estructura_anchura,presion_distancia,0,0,False,,0.05,,,,52.938,61.088,70.51017036,47.2345472,52.938,61.088,31.48982964,16.7654528,49.062,2.911999999999999,17.57217036,52.9788,22.37631170775672,71.3494,21.1039,4,forward,7,7,False,ataque_elaborado,posesion_bepro_elaborada,cierre_bepro,5.0,0.0,1.0,True,,Inestable,Amenaza moderada
207673,10,114,bepro_sequences,T1,1.0,0,14.5,866.29,870.569,868210.0,cierre_recuperacion_propia,4.279,0.471,0.187,0.258,0.047,0.019,0.047,0.621,0.2689920086359772,0.7310079913640227,0.6952685378215431,0.304731462178457,0.304731462178457,-0.0394094849278304,-0.0718324681717155,baja,baja,pitch_control_rival,estructura_retroceso,0,0,False,,0.05,,,,64.31099999999999,16.7424,62.91318327276336,5.559060436400952,64.31099999999999,16.7424,62.91318327276336,5.559060436400952,64.31099999999999,16.7424,1.3978167272366306,70.74719999999999,11.270358263946283,22.0663,2.8313,3,sideways,3,3,True,balon_parado_con_continuidad,setpiece_con_continuidad_bepro,cierre_recuperacion_propia,2.0,3.0,0.4,False,Revisar: el poseedor detectado no confirma dominio rival en la secuencia.,Vulnerable,Amenaza moderada
207673,37,328,bepro_sequences,T0,0.0,0,44.7,2654.324,2682.377,2679770.0,cierre_recuperacion_propia,28.053,0.507,0.154,0.253,0.03,0.007,0.03,0.275,0.4340617876637038,0.5659382123362963,0.839296459458388,0.1607035405416118,0.1607035405416118,-0.1090075909674905,-0.1412953384667096,baja,baja,presion_distancia,estructura_anchura,0,0,False,,0.1,,,,32.6094,49.9136,4.2330000000000005,31.2576,32.6094,49.9136,4.2330000000000005,31.2576,32.6094,49.9136,28.3764,58.8744,33.9597763973793,123.1828,5.9694,8,forward,15,15,False,ataque_elaborado,posesion_bepro_elaborada,cierre_recuperacion_propia,12.0,13.0,0.48,False,Revisar: el poseedor detectado no confirma dominio rival en la secuencia.,Inestable,Amenaza moderada
207673,78,613,bepro_sequences,T3,3.0,1,78.7,4713.887,4723.447,4723447.0,cierre_bepro,9.56,0.386,0.234,0.245,0.023,-0.0,0.023,0.338,0.3941017050899625,0.6058982949100375,0.6491867420202475,0.3508132579797527,0.3508132579797527,-0.0735209197682437,-0.2110060563171062,baja,media,pitch_control_rival,estructura_anchura,0,0,False,,0.1,,,,47.0016,56.96,57.3648,44.6144,47.0016,56.96,44.6352,19.3856,54.9984,7.039999999999999,10.363200000000006,55.2432,16.118615126616806,20.0875,17.0066,2,forward,4,4,False,transicion_rapida,origen_recuperacion_rival,cierre_bepro,2.0,4.0,0.3333333333333333,False,Revisar: el poseedor detectado no confirma dominio rival en la secuencia.,Vulnerable,Amenaza moderada
207673,81,642,bepro_sequences,T3,3.0,1,81.4,4868.912,4883.967,4881447.0,cierre_recuperacion_propia,15.055,0.447,0.174,0.244,0.044,0.008,0.044,0.403,0.3425469534263096,0.6574530465736906,0.7006351058304866,0.2993648941695132,0.2993648941695132,-0.040049565922641,-0.1264631934031344,baja,baja,pitch_control_rival,estructura_anchura,0,0,False,,0.05,,,,53.2848,19.1168,48.3786,62.752,53.2848,19.1168,53.6214,1.2479999999999976,48.7152,44.8832,-4.906199999999998,54.7128,43.91015232813478,79.0317,38.3481,5,backward,8,8,True,balon_parado_con_continuidad,setpiece_con_continuidad_bepro,cierre_recuperacion_propia,7.0,5.0,0.5833333333333334,True,,Vulnerable,Amenaza moderada
207673,51,424,bepro_sequences,T0,0.0,1,53.9,3224.637,3236.794,3236794.0,cierre_bepro,12.157,0.555,0.098,0.243,0.023,0.013,0.023,0.271,0.432295369153588,0.567704630846412,0.9046449624276576,0.0953550375723424,0.0953550375723424,0.0114672325156875,-0.0489327878062081,media,baja,presion_distancia,estructura_anchura,0,0,False,,0.1,,,,44.41694040000001,0.9704864,80.3556,46.0928,44.41694040000001,0.9704864,21.644400000000005,17.907200000000003,57.58305959999999,63.0295136,35.93865959999999,60.506042949,57.68544390451907,51.356,60.8516,3,backward,7,7,False,ataque_elaborado,recuperacion_con_posesion_elaborada,cierre_bepro,5.0,4.0,0.5555555555555556,True,,Inestable,Baja amenaza
207673,80,631,bepro_sequences,T2,2.0,1,80.8,4840.927,4849.334,4846585.0,cierre_recuperacion_propia,8.407,0.353,0.223,0.237,0.067,0.061,0.067,0.5,0.6267033048116277,0.3732966951883724,0.94502839276425,0.0549716072357498,0.0549716072357498,0.279564087216955,0.2529378313737704,baja,baja,estructura_retroceso,estructura_anchura,0,0,False,,0.1,,,,30.4878,20.9536,91.3206,2.144,30.4878,20.9536,10.6794,61.856,71.5122,43.0464,60.832800000000006,71.5122,63.6744109356341,48.5784,48.5784,2,sideways,2,2,False,transicion_rapida,origen_recuperacion_rival,cierre_recuperacion_propia,1.0,3.0,0.25,False,Revisar: el poseedor detectado no confirma dominio rival en la secuencia.,Vulnerable,Amenaza moderada
207673,41,380,bepro_sequences,T2,2.0,1,49.0,2935.286,2940.127,2940127.0,cierre_bepro,4.841,0.413,0.178,0.233,0.043,0.005,0.043,0.758,0.4503847567946484,0.5496152432053517,0.8629406523909438,0.1370593476090563,0.1370593476090563,0.1905734272620494,0.2991551268292793,baja,baja,estructura_anchura,estructura_retroceso,0,0,False,,0.1,,,,21.4407366,4.837708800000001,48.4602,26.2848,21.4407366,4.837708800000001,53.5398,37.7152,80.55926339999999,59.1622912,27.019463399999992,80.55926339999999,34.49679874082604,23.1935,36.5612,1,backward,2,2,False,juego_directo,primer_pase_largo_progresivo,cierre_bepro,6.0,14.0,0.3,False,Revisar: el poseedor detectado no confirma dominio rival en la secuencia.,Vulnerable,Amenaza moderada
207673,82,646,bepro_sequences,T3,3.0,1,81.9,4904.715,4913.947,4913947.0,cierre_bepro,9.232,0.39,0.182,0.228,0.047,0.04,0.047,0.399,0.4950566153464024,0.5049433846535976,0.8802312474625186,0.1197687525374812,0.1197687525374812,0.2255891358933701,0.1903572372587678,baja,baja,estructura_retroceso,presion_distancia,0,0,False,,0.1,,,,44.5916256,37.6775168,89.17782072,37.63747583999999,44.5916256,37.6775168,12.82217928,26.362524160000007,57.4083744,26.3224832,44.58619512,57.4083744,44.586213099535485,58.0369,46.3517,4,sideways,7,7,True,balon_parado_con_continuidad,setpiece_con_continuidad_bepro,cierre_bepro,9.0,2.0,0.8181818181818182,True,,Vulnerable,Amenaza moderada
207673,56,449,bepro_sequences,T3,3.0,1,58.2,3486.847,3494.477,3493859.0,cierre_recuperacion_propia,7.63,0.459,0.133,0.227,0.033,0.02,0.033,0.326,0.4494651430608972,0.5505348569391029,0.8936765616125989,0.106323438387401,0.106323438387401,0.1179937306236579,0.0589084957584416,baja,baja,presion_distancia,estructura_retroceso,0,0,False,,0.1,,,,43.74069162,51.14098112,76.092,16.1792,43.74069162,51.14098112,25.908,47.8208,58.25930838,12.85901888,32.35130838,58.86938466,47.63332124658795,69.8882,50.8547,4,forward,6,6,True,balon_parado_con_continuidad,setpiece_con_continuidad_bepro,cierre_recuperacion_propia,6.0,0.0,1.0,True,,Vulnerable,Baja amenaza
207673,29,270,bepro_sequences,T3,3.0,0,37.1,2214.145,2223.125,2223125.0,cierre_bepro,8.98,0.453,0.14,0.226,0.023,0.005,0.023,0.304,0.3656279069502251,0.6343720930497747,0.8281055018760906,0.1718944981239093,0.1718944981239093,-0.0351259977631007,-0.0918155601125682,baja,baja,presion_distancia,pitch_control_rival,0,0,False,,0.1,,,,43.656,37.9648,50.1126,1.12,43.656,37.9648,50.1126,1.12,43.656,37.9648,-6.456600000000002,50.1126,37.406242401502986,31.945,40.5966,3,forward,5,5,True,balon_parado_con_continuidad,setpiece_con_continuidad_bepro,cierre_bepro,3.0,0.0,1.0,True,,Vulnerable,Amenaza moderada
207673,17,200,bepro_sequences,T3,3.0,0,25.5,1528.494,1532.975,1531850.0,cierre_recuperacion_propia,4.481,0.391,0.168,0.216,0.019,0.001,0.019,0.327,0.3619847015561113,0.6380152984438888,0.7744028357562869,0.2255971642437132,0.2255971642437132,0.0012398481514142,0.0369954755293764,baja,baja,pitch_control_rival,estructura_anchura,0,0,False,,0.1,,,,49.89204540000001,0.8879808000000001,46.65262215576848,3.760674375762752,49.89204540000001,0.8879808000000001,46.65262215576848,3.760674375762752,49.89204540000001,0.8879808000000001,3.2394232442315243,50.02006356,4.32969182916014,20.6854,2.6613,3,forward,4,4,True,balon_parado_con_continuidad,setpiece_con_continuidad_bepro,cierre_recuperacion_propia,3.0,0.0,1.0,True,,Vulnerable,Amenaza moderada
207673,22,233,bepro_sequences,T1,1.0,0,31.8,1903.274,1907.75,1905837.0,cierre_recuperacion_propia,4.476,0.382,0.149,0.213,0.059,0.008,0.059,1.069,0.372994440283846,0.6270055597161541,0.8353975267453458,0.1646024732546542,0.1646024732546542,0.0555164964858597,-0.0037455937735097,baja,baja,estructura_anchura,pitch_control_rival,0,0,False,,0.05,,,,58.4052,34.528,54.96140970000001,29.68445184,58.4052,34.528,54.96140970000001,29.68445184,58.4052,34.528,3.443790299999989,63.291,5.943033771451528,11.2746,6.711,1,sideways,2,2,False,transicion_rapida,origen_recuperacion_rival,cierre_recuperacion_propia,1.0,10.0,0.0909090909090909,False,Revisar: el poseedor detectado no confirma dominio rival en la secuencia.,Vulnerable,Amenaza moderada
207673,26,256,bepro_sequences,T0,0.0,0,34.6,2064.472,2074.49,2074490.0,cierre_bepro,10.018,0.413,0.138,0.213,0.029,-0.001,0.029,0.405,0.4182665946035902,0.5817334053964099,0.8644123246661095,0.1355876753338903,0.1355876753338903,0.1282971913082998,-0.0692070714331696,baja,baja,estructura_anchura,presion_distancia,0,0,False,,0.1,,,,47.277,32.4288,54.4270674,48.8782976,47.277,32.4288,54.4270674,48.8782976,47.277,32.4288,-7.1500673999999975,54.4270674,17.93626034369897,60.2855,18.7523,6,backward,10,10,False,ataque_elaborado,recuperacion_con_posesion_elaborada,cierre_bepro,12.0,0.0,1.0,True,,Vulnerable,Amenaza moderada
207673,38,332,bepro_sequences,T0,0.0,0,45.0,2689.386,2702.817,2701250.0,cierre_recuperacion_propia,13.431,0.473,0.093,0.212,0.02,0.013,0.02,0.201,0.4689763339521174,0.5310236660478825,0.9326620082572534,0.0673379917427466,0.0673379917427466,0.1022882468087316,0.0752223167177819,baja,baja,presion_distancia,estructura_retroceso,0,0,False,,0.1,,,,46.0938,12.2304,3.332920380000001,46.19516224,46.0938,12.2304,3.332920380000001,46.19516224,46.0938,12.2304,42.76087962,47.277,54.608588151460765,27.2175,33.7692,3,backward,6,6,False,ataque_elaborado,recuperacion_con_posesion_elaborada,cierre_recuperacion_propia,4.0,0.0,1.0,True,,Vulnerable,Baja amenaza
207673,92,713,bepro_sequences,T3,3.0,1,91.2,5463.527,5469.407,5469407.0,cierre_bepro,5.88,0.487,0.07,0.205,0.016,0.008,0.016,0.249,0.4313124273378134,0.5686875726621865,0.7835883198282363,0.2164116801717637,0.2164116801717637,0.0698608530447645,0.0658301337166932,baja,baja,estructura_anchura,presion_distancia,0,0,False,,0.05,,,,60.4354386,54.9939072,79.7174064,35.4188096,60.4354386,54.9939072,22.2825936,28.5811904,41.5645614,9.006092800000005,19.281967800000004,41.5645614,27.476876246941945,28.8078,28.8041,3,forward,5,5,False,transicion_rapida,origen_recuperacion_rival,cierre_bepro,8.0,0.0,1.0,True,,Inestable,Baja amenaza
207673,14,173,bepro_sequences,T2,2.0,0,21.5,1290.218,1292.906,1291770.0,cierre_recuperacion_propia,2.688,0.377,0.133,0.202,0.054,0.036,0.054,0.765,0.4152892317869726,0.5847107682130273,0.8349169911207402,0.1650830088792597,0.1650830088792597,0.1498921232345081,0.1958911611804189,baja,baja,pitch_control_rival,presion_distancia,0,0,False,,0.05,,,,58.0782186,33.6298496,40.6635852,40.6343232,58.0782186,33.6298496,40.6635852,40.6343232,58.0782186,33.6298496,17.4146334,58.559426040000005,18.77051163046688,18.5532,18.5532,2,backward,2,2,False,transicion_rapida,origen_recuperacion_rival,cierre_recuperacion_propia,3.0,1.0,0.75,True,,Vulnerable,Baja amenaza
207673,33,296,bepro_sequences,T0,0.0,0,41.3,2454.69,2476.886,2475370.0,cierre_recuperacion_propia,22.196,0.426,0.097,0.199,0.034,0.015,0.034,0.397,0.3904540273582523,0.6095459726417478,0.7909269246890978,0.2090730753109023,0.2090730753109023,-0.0637264767052853,-0.1171271187156128,baja,baja,presion_distancia,pitch_control_rival,0,0,False,,0.05,,,,62.11371906,12.71117888,53.4582,63.552,62.11371906,12.71117888,53.4582,63.552,62.11371906,12.71117888,8.655519060000003,65.7745787628,51.57234823385359,64.1828,61.8137,5,backward,9,9,True,balon_parado_con_continuidad,setpiece_con_continuidad_bepro,cierre_recuperacion_propia,11.0,0.0,1.0,True,,Vulnerable,Baja amenaza
207673,35,304,bepro_sequences,T0,0.0,0,42.5,2540.29,2552.13,2552130.0,cierre_bepro,11.84,0.351,0.122,0.183,0.027,0.005,0.027,0.351,0.4183758000200592,0.5816241999799407,0.8834893879008187,0.1165106120991814,0.1165106120991814,0.0597334795758744,-0.0043506865601321,baja,baja,estructura_anchura,presion_distancia,0,0,False,,0.1,,,,45.6246,28.1856,52.49693583912234,54.62414106371916,45.6246,28.1856,52.49693583912234,54.62414106371916,45.6246,28.1856,-6.872335839122336,55.51938646215897,27.31712747460189,57.1536,24.6571,5,backward,9,9,False,ataque_elaborado,recuperacion_con_posesion_elaborada,cierre_bepro,12.0,6.0,0.6666666666666666,True,,Vulnerable,Baja amenaza
207673,2,22,bepro_sequences,T0,0.0,0,2.2,125.135,134.65,134650.0,cierre_bepro,9.515,0.461,0.034,0.183,0.03,0.024,0.03,0.288,0.5686705779367041,0.4313294220632959,0.8896360281482627,0.1103639718517373,0.1103639718517373,0.3088382725268933,0.3459748476899486,baja,baja,estructura_anchura,estructura_retroceso,0,0,False,,0.05,,,,65.178,56.2944,1.96590108,27.82869376,65.178,56.2944,1.96590108,27.82869376,65.178,56.2944,63.21209892,65.178,69.32579521082928,43.8846,72.2856,2,forward,4,4,True,balon_parado_con_continuidad,setpiece_con_continuidad_bepro,cierre_bepro,5.0,2.0,0.7142857142857143,True,,Vulnerable,Baja amenaza
207673,5,63,bepro_sequences,T3,3.0,0,8.0,446.33,478.595,478595.0,cierre_bepro,32.265,0.397,0.084,0.182,0.027,0.002,0.027,0.467,0.4352462609038528,0.5647537390961472,0.7822389608190979,0.217761039180902,0.217761039180902,-0.233623418578882,-0.222201049382558,baja,baja,estructura_anchura,presion_distancia,0,0,False,,0.05,,,,69.79860000000001,0.0,61.86581779692185,60.0110178320657,69.79860000000001,0.0,61.86581779692185,60.0110178320657,69.79860000000001,0.0,7.932782203078155,69.79860000000001,60.53305951892718,103.6244,68.0683,5,backward,7,7,True,balon_parado_con_continuidad,setpiece_con_continuidad_bepro,cierre_bepro,5.0,8.0,0.3846153846153846,False,Revisar: el poseedor detectado no confirma dominio rival en la secuencia.,Vulnerable,Baja amenaza
207673,52,428,bepro_sequences,T3,3.0,1,54.9,3273.327,3294.406,3292927.0,cierre_recuperacion_propia,21.079,0.434,0.05,0.179,0.024,0.001,0.024,0.29,0.3924540434451331,0.6075459565548667,0.8267856427772623,0.1732143572227374,0.1732143572227374,-0.0795914156629971,-0.1469073865695466,baja,baja,presion_distancia,estructura_anchura,0,0,False,,0.05,,,,59.0784,53.6704,55.85726043050113,62.616586627989136,59.0784,53.6704,46.14273956949887,1.383413372010864,42.9216,10.3296,-3.221139569498874,46.14273956949887,9.508417076937834,101.0587,26.1888,7,backward,12,12,True,balon_parado_con_continuidad,setpiece_con_continuidad_bepro,cierre_recuperacion_propia,12.0,0.0,1.0,True,,Vulnerable,Baja amenaza
207673,50,422,bepro_sequences,T3,3.0,1,53.7,3217.124,3220.167,3218167.0,cierre_recuperacion_propia,3.043,0.246,0.168,0.171,0.046,0.028,0.046,0.664,0.4973903513328103,0.5026096486671896,0.901224115862728,0.0987758841372719,0.0987758841372719,0.0077354569363973,-0.079490304817583,baja,baja,estructura_anchura,estructura_retroceso,0,0,False,,0.1,,,,47.2056,32.7872,64.20045602171278,29.64940344656258,47.2056,32.7872,37.79954397828722,34.35059655343742,54.7944,31.2128,16.994856021712785,56.528400000000005,17.28209762758882,18.7808,18.7808,2,forward,2,2,False,transicion_rapida,origen_recuperacion_rival,cierre_recuperacion_propia,1.0,0.0,1.0,True,,Estable,Amenaza moderada
207673,23,239,bepro_sequences,T3,3.0,0,32.8,1954.083,1967.83,1966530.0,cierre_recuperacion_propia,13.747,0.366,0.079,0.171,0.037,0.023,0.037,0.293,0.4806537011184336,0.5193462988815664,0.8426914384926762,0.1573085615073239,0.1573085615073239,0.227032650736371,-0.0080414335594876,baja,baja,presion_distancia,estructura_retroceso,0,0,False,,0.05,,,,67.1466,9.6448,42.27906018000001,61.874993536000005,67.1466,9.6448,42.27906018000001,61.874993536000005,67.1466,9.6448,24.86753982,67.1466,57.84797017620672,76.0526,59.2672,3,backward,4,4,False,ataque_elaborado,recuperacion_con_posesion_elaborada,cierre_recuperacion_propia,4.0,6.0,0.4,False,Revisar: el poseedor detectado no confirma dominio rival en la secuencia.,Vulnerable,Baja amenaza
207673,1,9,bepro_sequences,T0,0.0,0,1.0,47.372,57.99,55704.0,cierre_recuperacion_propia,10.618,0.413,0.043,0.17,0.033,0.026,0.033,0.176,0.5500770957926016,0.4499229042073988,0.8861650197074283,0.1138349802925717,0.1138349802925717,0.1027020778089077,-0.0027530596183179,baja,baja,estructura_anchura,presion_distancia,0,0,False,,0.05,,,,51.387600000000006,22.1376,7.7214,48.9536,51.387600000000006,22.1376,7.7214,48.9536,51.387600000000006,22.1376,43.6662,51.387600000000006,51.24290076137377,33.7909,47.0405,2,backward,3,3,False,ataque_elaborado,recuperacion_con_posesion_elaborada,cierre_recuperacion_propia,2.0,2.0,0.5,True,,Vulnerable,Baja amenaza
207673,34,302,bepro_sequences,T0,0.0,0,42.3,2524.51,2537.284,2537284.0,cierre_bepro,12.774,0.317,0.101,0.162,0.026,0.015,0.026,0.193,0.5320627489742972,0.4679372510257028,0.9272543302168548,0.072745669783145,0.072745669783145,0.1787711810310343,0.1154587144926214,baja,baja,presion_distancia,estructura_anchura,0,0,False,,0.1,,,,46.607057166,39.427228992,27.6717024,24.727180799999992,46.607057166,39.427228992,27.6717024,24.727180799999992,46.607057166,39.427228992,18.935354766000003,46.607057166,23.97163066963534,61.4632,24.9393,5,forward,9,9,False,ataque_elaborado,recuperacion_con_posesion_elaborada,cierre_bepro,13.0,0.0,1.0,True,,Estable,Baja amenaza
207673,36,325,bepro_sequences,T0,0.0,0,44.2,2635.432,2653.39,2651133.0,cierre_recuperacion_propia,17.958,0.324,0.094,0.16,0.02,-0.001,0.02,0.269,0.4532712320196913,0.5467287679803087,0.9134555609768056,0.0865444390231944,0.0865444390231944,0.0135364250884455,0.034902346487122,baja,baja,presion_distancia,estructura_anchura,0,0,False,,0.1,,,,17.9418,32.8192,24.0006,1.2352,17.9418,32.8192,24.0006,1.2352,17.9418,32.8192,-6.0588000000000015,49.778193,32.15988360426698,110.5862,36.0277,7,forward,13,13,True,balon_parado_con_continuidad,setpiece_con_continuidad_bepro,cierre_recuperacion_propia,14.0,7.0,0.6666666666666666,True,,Estable,Baja amenaza
207673,39,342,bepro_sequences,T0,0.0,0,45.6,2726.019,2736.763,2736763.0,cierre_bepro,10.744,0.289,0.093,0.147,0.02,0.014,0.02,0.202,0.608024958268734,0.391975041731266,0.9319672164897698,0.0680327835102303,0.0680327835102303,0.4128827468846093,0.0391025177408191,baja,baja,presion_distancia,estructura_retroceso,0,0,False,,0.1,,,,47.991,10.1248,2.5602,32.0192,47.991,10.1248,2.5602,32.0192,47.991,10.1248,45.4308,47.991,50.43136266253372,17.3091,54.3975,2,backward,3,3,False,juego_directo,primer_pase_largo_progresivo,cierre_bepro,4.0,0.0,1.0,True,,Estable,Baja amenaza
207673,4,42,bepro_sequences,T0,0.0,0,5.1,298.85,308.617,306490.0,cierre_recuperacion_propia,9.767,0.277,0.093,0.141,0.009,0.003,0.009,0.149,0.5684184497563105,0.4315815502436896,0.9614581043299282,0.0385418956700716,0.0385418956700716,-0.0086876823523278,0.064665513567101,baja,baja,presion_distancia,estructura_anchura,0,0,False,,0.1,,,,24.0516,7.744,4.889524835647975,37.45776275213224,24.0516,7.744,4.889524835647975,37.45776275213224,24.0516,7.744,19.162075164352025,27.1116,35.35665172911991,59.6089,39.3142,2,backward,4,4,True,balon_parado_con_continuidad,setpiece_con_continuidad_bepro,cierre_recuperacion_propia,4.0,2.0,0.6666666666666666,True,,Estable,Baja amenaza
207673,91,709,bepro_sequences,T3,3.0,1,90.8,5442.797,5448.847,5448847.0,cierre_bepro,6.05,0.19,0.148,0.138,0.025,0.008,0.025,0.384,0.5298518589249933,0.4701481410750066,0.8216852945850986,0.1783147054149014,0.1783147054149014,-0.044309916668577,0.1120755007168444,baja,baja,estructura_retroceso,presion_distancia,0,0,False,,0.1,,,,43.273347,57.31728,66.51068814,32.42590016,43.273347,57.31728,35.48931186,31.57409984,58.726653,6.682720000000003,23.23734114,58.726653,34.05223654322715,19.379,36.0408,1,forward,3,3,False,transicion_rapida,origen_recuperacion_rival,cierre_bepro,3.0,9.0,0.25,False,Revisar: el poseedor detectado no confirma dominio rival en la secuencia.,Estable,Amenaza moderada
207673,8,98,bepro_sequences,T0,0.0,0,11.7,690.779,702.25,702250.0,cierre_bepro,11.471,0.315,0.048,0.137,0.025,0.008,0.025,0.276,0.4563167176185098,0.5436832823814902,0.8355895380565999,0.1644104619434,0.1644104619434,-0.1081919070084989,-0.1505843433829766,baja,baja,estructura_anchura,pitch_control_rival,0,0,False,,0.05,,,,58.344,6.8224,47.8992,62.272,58.344,6.8224,47.8992,62.272,58.344,6.8224,10.444799999999994,58.344,56.42474623070979,90.0297,60.5012,4,backward,8,8,True,balon_parado_con_continuidad,setpiece_con_continuidad_bepro,cierre_bepro,9.0,4.0,0.6923076923076923,True,,Estable,Baja amenaza
207673,18,203,bepro_sequences,T3,3.0,0,25.7,1535.134,1543.13,1543130.0,cierre_bepro,7.996,0.204,0.134,0.135,0.016,-0.01,0.016,0.219,0.4917968652245242,0.5082031347754757,0.8381201128649562,0.1618798871350439,0.1618798871350439,-0.1619620932920868,-0.1728498648698531,baja,baja,estructura_anchura,presion_distancia,0,0,False,,0.1,,,,5.91267378,30.3809024,41.9526,8.2048,5.91267378,30.3809024,41.9526,8.2048,5.91267378,30.3809024,-36.03992622,42.29106660000001,42.31614112366969,37.2837,44.0836,3,forward,4,4,False,ataque_elaborado,posesion_bepro_elaborada,cierre_bepro,5.0,6.0,0.4545454545454545,False,Revisar: el poseedor detectado no confirma dominio rival en la secuencia.,Estable,Baja amenaza
207673,13,167,bepro_sequences,T3,3.0,0,20.6,1229.612,1233.916,1233916.0,cierre_bepro,4.304,0.195,0.138,0.134,0.017,-0.01,0.017,0.237,0.5229454200688687,0.4770545799311313,0.8296597684253104,0.1703402315746895,0.1703402315746895,0.0301712342891844,0.1174283201048368,baja,baja,presion_distancia,estructura_anchura,0,0,False,,0.1,,,,11.7402,28.1088,38.73076272000001,16.969769600000003,11.7402,28.1088,38.73076272000001,16.969769600000003,11.7402,28.1088,-26.990562720000007,38.73076272000001,29.198775217367903,26.0564,31.8969,2,forward,3,3,False,transicion_rapida,origen_recuperacion_rival,cierre_bepro,4.0,0.0,1.0,True,,Estable,Amenaza moderada
207673,3,36,bepro_sequences,T0,0.0,0,4.7,275.1,279.83,276610.0,cierre_recuperacion_propia,4.73,0.251,0.093,0.134,0.021,0.01,0.021,0.26,0.5449858002655211,0.4550141997344789,0.9613322772188546,0.0386677227811452,0.0386677227811452,0.0275100135996563,0.0371380360108729,baja,baja,estructura_anchura,estructura_retroceso,0,0,False,,0.1,,,,47.532,51.6288,25.878986903639504,58.827028885596015,47.532,51.6288,25.878986903639504,58.827028885596015,47.532,51.6288,21.6530130963605,50.2554,22.818139171295023,8.5489,8.5462,2,backward,3,3,True,balon_parado_con_continuidad,setpiece_con_continuidad_bepro,cierre_recuperacion_propia,2.0,0.0,1.0,True,,Estable,Baja amenaza
207673,16,187,bepro_sequences,T0,0.0,0,23.1,1377.566,1383.813,1383813.0,cierre_bepro,6.247,0.099,0.149,0.105,0.016,-0.01,0.016,0.19,0.5686516620176756,0.4313483379823244,0.8090621490624438,0.1909378509375561,0.1909378509375561,0.0459229422181541,0.0784271647561133,baja,baja,presion_distancia,estructura_anchura,0,0,False,,0.1,,,,10.796608199999998,46.40260479999999,44.8392,58.8032,10.796608199999998,46.40260479999999,44.8392,58.8032,10.796608199999998,46.40260479999999,-34.0425918,44.8392,36.23082689886736,34.609,38.3252,2,sideways,4,4,False,ataque_elaborado,recuperacion_con_posesion_elaborada,cierre_bepro,6.0,7.0,0.4615384615384615,False,Revisar: el poseedor detectado no confirma dominio rival en la secuencia.,Estable,Amenaza moderada
207673,19,211,bepro_sequences,T0,0.0,0,26.9,1610.21,1614.466,1612728.0,cierre_recuperacion_propia,4.256,0.158,0.093,0.101,0.017,0.007,0.017,0.274,0.5954232393430484,0.4045767606569517,0.940186459414188,0.059813540585812,0.059813540585812,0.0619044726081235,0.0374058868424874,baja,baja,estructura_anchura,estructura_retroceso,0,0,False,,0.1,,,,38.7804,47.008,26.6934,52.6144,38.7804,47.008,26.6934,52.6144,38.7804,47.008,12.087,41.004000000000005,13.323936729060222,13.725,14.013,2,sideways,4,4,False,transicion_rapida,origen_recuperacion_rival,cierre_recuperacion_propia,2.0,1.0,0.6666666666666666,True,,Estable,Baja amenaza
207673,6,71,bepro_sequences,T2,2.0,0,8.4,497.17,504.01,504010.0,cierre_bepro,6.84,0.185,0.045,0.091,0.03,0.012,0.03,0.458,0.556528140573898,0.4434718594261019,0.8699676396253911,0.1300323603746088,0.1300323603746088,0.2875616793231504,0.2297071015877226,baja,baja,estructura_retroceso,estructura_anchura,0,0,False,,0.05,,,,61.08899340000001,55.0092672,39.1374,23.7824,61.08899340000001,55.0092672,39.1374,23.7824,61.08899340000001,55.0092672,21.951593400000007,61.08899340000001,38.170534289231,37.4423,40.6334,3,forward,5,5,False,transicion_rapida,origen_recuperacion_rival,cierre_bepro,4.0,2.0,0.6666666666666666,True,,Estable,Baja amenaza
207673,74,598,bepro_sequences,T3,3.0,1,77.1,4620.127,4623.935,4623935.0,cierre_bepro,3.808,0.069,0.128,0.089,0.035,0.016,0.035,0.55,0.5718534114933613,0.4281465885066387,0.9508832323324288,0.0491167676675712,0.0491167676675712,0.0742881898413024,-0.0651123305544556,baja,baja,estructura_retroceso,estructura_anchura,0,0,False,,0.1,,,,48.705,37.9072,63.23133,37.42177728,48.705,37.9072,38.76867,26.57822272,53.295,26.0928,14.526330000000002,53.295,14.534438361560182,14.1542,15.9998,1,sideways,2,2,False,transicion_rapida,origen_recuperacion_rival,cierre_bepro,2.0,9.0,0.1818181818181818,False,Revisar: el poseedor detectado no confirma dominio rival en la secuencia.,Estable,Baja amenaza
207673,53,435,bepro_sequences,T0,0.0,1,55.2,3307.634,3310.682,3310682.0,cierre_bepro,3.048,0.134,0.0,0.049,0.011,0.003,0.011,0.181,0.7123764367624539,0.2876235632375461,0.99974691964161,0.0002530803583901,0.0002530803583901,0.0628442485926643,0.0018877862991906,baja,baja,estructura_anchura,estructura_retroceso,0,0,False,,0.05,,,,72.67877808,9.2649728,83.45793600005048,20.44768279779361,72.67877808,9.2649728,18.54206399994952,43.55231720220639,29.32122192,54.7350272,10.77915792005048,29.32122192,15.532007222511202,12.7933,16.3323,1,backward,3,3,False,transicion_rapida,origen_recuperacion_rival,cierre_bepro,3.0,0.0,1.0,True,,Estable,Baja amenaza
209425,10,73,bepro_sequences,T0,0.0,0,10.3,602.751,615.624,615624.0,cierre_bepro,12.873,0.339,0.798,0.502,0.122,-0.115,0.122,1.022,0.4035769732982981,0.5964230267017019,0.1576781183856274,0.8423218816143725,0.8423218816143725,0.3075370373735084,0.2623787685609429,baja,critica,estructura_anchura,presion_distancia,1,1,True,0.18,1.0,613391.0,0.0,dentro_intervalo,12.056934275999993,34.935399936,87.9302424,43.3830592,12.056934275999993,34.935399936,14.069757600000004,20.6169408,89.94306572400001,29.064600064000004,75.873308124,91.4328,76.34213667903258,76.34213667903258,75.873308124,0,forward,5,5,False,ataque_elaborado,recuperacion_con_posesion_elaborada,cierre_bepro,7.0,5.0,0.5833333333333334,True,,Estable,Amenaza crítica
209425,32,367,bepro_sequences,T0,0.0,1,50.2,2993.684,3009.882,3008438.0,cierre_recuperacion_propia,16.198,0.6,0.607,0.484,0.006,0.0,0.006,0.114,0.0808341436433709,0.9191658563566292,1.0640063650052164e-21,1.0,1.0,-0.0065301609773686,0.0,muy_alta,alta,estructura_anchura,pitch_control_rival,0,0,False,,0.3,,,,100.164,10.4128,100.0518,10.624,100.164,10.4128,100.0518,10.624,100.164,10.4128,0.1122000000000014,100.215,0.2391532563023139,33.5258,31.8416,3,sideways,6,6,True,balon_parado_con_continuidad,setpiece_con_continuidad_bepro,cierre_recuperacion_propia,,,,False,Revisar: el poseedor detectado no confirma dominio rival en la secuencia.,Inestable,Amenaza crítica
209425,8,65,bepro_sequences,T3,3.0,0,9.2,542.091,549.624,549624.0,cierre_bepro,7.533,0.463,0.688,0.478,0.033,-0.024,0.033,0.298,0.3207334719170549,0.6792665280829452,0.0079813919817191,0.9920186080182808,0.9920186080182808,0.1801734532934424,0.0335848832606329,media,critica,presion_distancia,estructura_anchura,1,0,False,0.05,0.335,549624.0,0.0,dentro_intervalo,18.5334,19.392,55.1412,47.4816,18.5334,19.392,46.8588,16.5184,83.4666,44.608,36.6078,83.4666,46.14278544908185,53.2583,50.4296,1,backward,3,3,True,balon_parado_con_continuidad,setpiece_con_continuidad_bepro,cierre_bepro,2.0,1.0,0.6666666666666666,True,,Vulnerable,Amenaza crítica
209425,23,258,bepro_sequences,T3,3.0,0,37.9,2264.091,2274.227,2272357.0,cierre_recuperacion_propia,10.136,0.548,0.622,0.475,0.015,-0.009,0.015,0.203,0.190474030828302,0.809525969171698,5.713722685988082e-07,0.9999994286277314,0.9999994286277314,0.0159534310520854,-1.1424210845101257e-06,alta,alta,pitch_control_rival,presion_distancia,1,0,False,0.01,0.307,2262324.0,1767.0,tiro_cercano_a_intervalo,8.119200000000001,27.264,35.62680684,46.117546880000006,8.119200000000001,27.264,66.37319316,17.882453119999994,93.8808,36.736,27.507606839999998,96.1758,33.34853316145064,50.0654,54.0253,3,backward,5,5,False,ataque_elaborado,recuperacion_con_posesion_elaborada,cierre_recuperacion_propia,11.0,1.0,0.9166666666666666,True,,Inestable,Amenaza crítica
209425,11,98,bepro_sequences,T0,0.0,0,13.8,824.724,829.425,829425.0,cierre_bepro,4.701,0.509,0.65,0.472,0.008,-0.002,0.008,0.135,0.1479163468717827,0.8520836531282173,3.007467388620437e-14,0.99999999999997,0.99999999999997,-0.065499555673182,1.4765966227514585e-13,alta,muy_alta,pitch_control_rival,presion_distancia,1,1,True,0.24,1.0,825091.0,0.0,dentro_intervalo,7.6623695399999905,35.702554879999994,17.746276199999993,29.421401600000003,7.6623695399999905,35.702554879999994,84.2537238,34.5785984,94.33763046,28.29744512000001,10.083906660000013,94.33763046,11.880154041696894,11.880154041696894,10.083906660000013,1,sideways,6,6,False,transicion_rapida,origen_recuperacion_rival,cierre_bepro,7.0,1.0,0.875,True,,Inestable,Amenaza crítica
209425,28,283,bepro_sequences,T0,0.0,0,41.5,2470.324,2487.039,2487039.0,cierre_bepro,16.715,0.383,0.672,0.447,0.052,-0.046,0.052,0.442,0.3596277523406159,0.640372247659384,0.1169735328197362,0.8830264671802637,0.8830264671802637,0.5349663051761196,0.4076391649447858,baja,muy_alta,presion_distancia,pitch_control_rival,1,1,True,0.3,1.0,2487039.0,0.0,dentro_intervalo,7.253577,37.2343936,65.4534,18.8416,7.253577,37.2343936,36.5466,45.1584,94.746423,26.7656064,58.199823,98.1036,61.03699086327512,61.03699086327512,63.8386,1,sideways,4,4,False,ataque_elaborado,recuperacion_con_posesion_elaborada,cierre_bepro,4.0,11.0,0.2666666666666666,False,Revisar: el poseedor detectado no confirma dominio rival en la secuencia.,Vulnerable,Amenaza crítica
209425,3,11,bepro_sequences,T0,0.0,0,1.6,92.583,98.891,98891.0,cierre_bepro,6.308,0.418,0.645,0.439,0.015,-0.009,0.015,0.203,0.3173143604940401,0.6826856395059598,0.0187921079925267,0.9812078920074732,0.9812078920074732,0.2932725999177755,0.0903993042318931,media,muy_alta,estructura_anchura,pitch_control_rival,1,1,True,0.61,1.0,98891.0,0.0,dentro_intervalo,6.3649938,37.3121856,41.0958,52.9216,6.3649938,37.3121856,60.9042,11.078400000000002,95.6350062,26.6878144,34.7308062,95.6350062,38.07732549973653,38.07732549973653,40.5014,1,backward,4,4,False,transicion_rapida,origen_recuperacion_rival,cierre_bepro,6.0,14.0,0.3,False,Revisar: el poseedor detectado no confirma dominio rival en la secuencia.,Vulnerable,Amenaza crítica
209425,46,612,bepro_sequences,T0,0.0,1,93.6,5607.405,5614.138,5611048.0,cierre_recuperacion_propia,6.733,0.376,0.619,0.415,0.022,-0.016,0.022,0.18,0.2898033642206951,0.710196635779305,0.0086950547922827,0.9913049452077172,0.9913049452077172,-0.0006410800524678,-0.0009561742422293,baja,alta,pitch_control_rival,presion_distancia,0,0,False,,0.3,,,,96.986293122,7.78858368,57.0588,18.4448,96.986293122,7.78858368,57.0588,18.4448,96.986293122,7.78858368,39.92749312200001,99.31632594,41.32504873882174,37.3584,37.3584,1,sideways,2,2,False,transicion_rapida,origen_recuperacion_rival,cierre_recuperacion_propia,2.0,3.0,0.4,False,Revisar: el poseedor detectado no confirma dominio rival en la secuencia.,Vulnerable,Amenaza crítica
209425,45,575,bepro_sequences,T0,0.0,1,87.3,5235.205,5239.834,5239834.0,cierre_bepro,4.629,0.284,0.637,0.393,0.033,-0.027,0.033,0.286,0.4379674007950621,0.562032599204938,0.0217620608492308,0.9782379391507692,0.9782379391507692,0.0047786986486211,0.018955528370093,baja,alta,estructura_anchura,pitch_control_rival,0,0,False,,0.3,,,,93.4445868,1.7457024,44.3394,14.8992,93.4445868,1.7457024,44.3394,14.8992,93.4445868,1.7457024,49.1051868,93.4445868,50.836343985146094,53.3743,53.3743,1,sideways,2,2,False,transicion_rapida,origen_recuperacion_rival,cierre_bepro,2.0,0.0,1.0,True,,Estable,Amenaza crítica
209425,30,304,bepro_sequences,T0,0.0,0,46.3,2768.857,2777.445,2775741.0,cierre_recuperacion_propia,8.588,0.8,0.241,0.39,0.006,0.0,0.006,0.123,0.1369148898263329,0.8630851101736671,3.573328577929359e-14,0.9999999999999644,0.9999999999999644,-0.0865432566681987,1.6897594434794885e-13,critica,baja,pitch_control_rival,estructura_retroceso,0,0,False,,0.1,,,,11.925704217294284,16.068321724448307,7.2114,1.6512,11.925704217294284,16.068321724448307,94.7886,62.3488,90.07429578270572,47.93167827555169,-4.714304217294284,97.52364432,15.168324332989387,23.0467,21.8895,2,forward,4,4,True,balon_parado_con_continuidad,setpiece_con_continuidad_bepro,cierre_recuperacion_propia,4.0,18.0,0.1818181818181818,False,Revisar: el poseedor detectado no confirma dominio rival en la secuencia.,Crítica,Alta amenaza
209425,29,302,bepro_sequences,T3,3.0,0,45.7,2721.104,2744.491,2744491.0,cierre_bepro,23.387,0.299,0.498,0.388,0.295,-0.289,0.295,1.659,0.4467720477968416,0.5532279522031582,0.1839181954576635,0.8160818045423364,0.8160818045423364,0.5503617531310576,0.5530441340766956,baja,alta,estructura_anchura,presion_distancia,0,0,False,,0.1,,,,8.8944,7.744,97.627777446,30.44329536,8.8944,7.744,4.372222554000004,33.55670464,93.1056,56.256,88.73337744599999,93.1056,91.59077618851592,115.5401,95.1167,2,sideways,5,5,False,ataque_elaborado,recuperacion_con_posesion_elaborada,cierre_bepro,2.0,1.0,0.6666666666666666,True,,Estable,Amenaza crítica
209425,26,276,bepro_sequences,T1,1.0,0,40.4,2419.76,2426.697,2426697.0,cierre_bepro,6.937,0.496,0.357,0.387,0.265,0.158,0.265,2.153,0.555396764574575,0.4446032354254248,0.2838656045190618,0.7161343954809382,0.7161343954809382,0.0113373966522924,-0.1589462168319887,media,media,estructura_retroceso,estructura_anchura,0,0,False,,0.05,,,,96.90953496,27.3892416,73.44,35.3024,96.90953496,27.3892416,28.56,28.6976,5.090465040000012,36.6107584,-23.46953495999999,36.08455945226038,24.767663335529907,50.8761,25.3158,4,sideways,6,6,False,ataque_elaborado,recuperacion_con_posesion_elaborada,cierre_bepro,4.0,2.0,0.6666666666666666,True,,Inestable,Alta amenaza
209425,35,389,bepro_sequences,T1,1.0,1,52.9,3162.571,3171.204,3167704.0,cierre_recuperacion_propia,8.633,0.443,0.414,0.377,0.176,-0.01,0.176,1.675,0.3395782185328788,0.6604217814671213,0.1538319213700188,0.846168078629981,0.846168078629981,-0.1467735929049297,-0.1692870568822481,media,media,presion_distancia,pitch_control_rival,0,0,False,,0.05,,,,70.86959999999999,31.4304,51.2142,49.4592,70.86959999999999,31.4304,51.2142,49.4592,70.86959999999999,31.4304,19.655399999999997,70.86959999999999,26.671564982205297,38.1895,42.0958,2,backward,3,3,False,transicion_rapida,origen_recuperacion_rival,cierre_recuperacion_propia,6.0,0.0,1.0,True,,Vulnerable,Alta amenaza
209425,20,198,bepro_sequences,T0,0.0,0,30.4,1816.391,1822.201,1819757.0,cierre_recuperacion_propia,5.81,0.455,0.416,0.366,0.098,-0.092,0.098,0.55,0.2949778370227057,0.7050221629772941,0.0076746636254727,0.9923253363745272,0.9923253363745272,0.0909852694390905,0.0103157562423041,media,media,presion_distancia,pitch_control_rival,0,0,False,,0.1,,,,6.6402,28.9984,78.9684,42.3232,6.6402,28.9984,23.0316,21.6768,95.3598,35.0016,72.32820000000001,95.982,73.5453520644235,69.4869,69.4869,2,sideways,2,2,True,balon_parado_con_continuidad,setpiece_con_continuidad_bepro,cierre_recuperacion_propia,,,,False,Revisar: el poseedor detectado no confirma dominio rival en la secuencia.,Vulnerable,Alta amenaza
209425,5,44,bepro_sequences,T2,2.0,0,6.8,398.45,405.557,405557.0,cierre_bepro,7.107,0.691,0.242,0.365,0.069,0.048,0.069,0.685,0.4070527889788931,0.5929472110211067,0.0495301446067135,0.9504698553932868,0.9504698553932868,0.1329205243605697,-0.0493963663266542,critica,baja,estructura_anchura,estructura_retroceso,0,0,False,,0.05,,,,61.8280446,33.9021376,44.24521687942725,59.04819355540028,61.8280446,33.9021376,57.754783120572746,4.951806444599718,40.1719554,30.0978624,-17.582827720572745,57.754783120572746,30.683545439917197,29.6004,32.6145,3,backward,6,6,False,ataque_elaborado,recuperacion_con_posesion_elaborada,cierre_bepro,5.0,1.0,0.8333333333333334,True,,Crítica,Alta amenaza
209425,36,407,bepro_sequences,T1,1.0,1,55.7,3323.589,3339.938,3339938.0,cierre_bepro,16.349,0.291,0.461,0.346,0.186,-0.068,0.186,2.064,0.5351253970890766,0.4648746029109234,0.2580417412926078,0.7419582587073921,0.7419582587073921,0.1440799125974206,0.3309646943181604,baja,alta,presion_distancia,estructura_anchura,0,0,False,,0.1,,,,30.5651874,52.4003904,12.25912704,45.5125632,30.5651874,52.4003904,12.25912704,45.5125632,30.5651874,52.4003904,18.30606036,33.9958146,19.55898794521391,59.4995,20.801,4,forward,8,8,False,ataque_elaborado,recuperacion_con_posesion_elaborada,cierre_bepro,13.0,2.0,0.8666666666666667,True,,Estable,Alta amenaza
209425,31,323,bepro_sequences,T1,1.0,0,48.6,2911.907,2915.391,2915391.0,cierre_bepro,3.484,0.413,0.35,0.344,0.211,0.095,0.211,3.083,0.62635663263755,0.37364336736245,0.4405106738433952,0.5594893261566047,0.5594893261566047,0.1180851624766903,0.0571033537695963,media,media,estructura_retroceso,estructura_anchura,0,0,False,,0.05,,,,90.7479516,36.9816,76.18485063671477,30.751254508757988,90.7479516,36.9816,25.81514936328523,33.24874549124201,11.252048400000008,27.0184,-14.563100963285224,25.81514936328523,15.839858414994708,20.614,18.217,3,forward,4,4,False,transicion_rapida,origen_recuperacion_rival,cierre_bepro,3.0,3.0,0.5,True,,Vulnerable,Alta amenaza
209425,43,556,bepro_sequences,T3,3.0,1,83.5,5006.871,5012.214,5010271.0,cierre_recuperacion_propia,5.343,0.319,0.418,0.341,0.206,-0.193,0.206,1.006,0.4479347039085569,0.552065296091443,0.1613425300238867,0.8386574699761132,0.8386574699761132,0.0572338134889324,0.1368062145118359,baja,alta,presion_distancia,estructura_anchura,0,0,False,,0.05,,,,64.35155276169993,55.17712223286056,8.873999999999999,39.2576,64.35155276169993,55.17712223286056,8.873999999999999,39.2576,64.35155276169993,55.17712223286056,55.47755276169994,68.3706,57.716462543625646,59.5075,59.5075,2,sideways,2,2,True,balon_parado_con_continuidad,setpiece_con_continuidad_bepro,cierre_recuperacion_propia,1.0,0.0,1.0,True,,Estable,Alta amenaza
209425,15,146,bepro_sequences,T0,0.0,0,22.1,1322.581,1326.705,1324457.0,cierre_recuperacion_propia,4.124,0.657,0.241,0.34,0.007,0.001,0.007,0.12,0.1409646684848281,0.8590353315151719,3.923053345709987e-13,0.9999999999996078,0.9999999999996078,-0.0500954326293277,-7.975842208907126e-13,muy_alta,baja,pitch_control_rival,estructura_retroceso,0,0,False,,0.1,,,,13.362,24.4096,11.5056,61.8176,13.362,24.4096,90.4944,2.182400000000001,88.638,39.5904,-1.8563999999999936,97.311621,37.45403429485267,23.1064,23.1064,2,backward,2,2,True,balon_parado_con_continuidad,setpiece_con_continuidad_bepro,cierre_recuperacion_propia,2.0,0.0,1.0,True,,Crítica,Alta amenaza
209425,2,7,bepro_sequences,T2,2.0,0,1.2,65.224,74.724,72991.0,cierre_recuperacion_propia,9.5,0.385,0.379,0.322,0.086,-0.014,0.086,0.82,0.3772739130246991,0.6227260869753006,0.0281154479009932,0.9718845520990068,0.9718845520990068,0.038744593094412,0.0059300482606101,baja,media,presion_distancia,pitch_control_rival,0,0,False,,0.1,,,,44.0538,56.4736,56.9466,14.2656,44.0538,56.4736,45.0534,49.7344,57.9462,7.526400000000002,12.8928,61.36875267599999,44.13320241994682,53.2123,39.0789,4,forward,7,7,True,balon_parado_con_continuidad,setpiece_con_continuidad_bepro,cierre_recuperacion_propia,4.0,0.0,1.0,True,,Vulnerable,Alta amenaza
209425,14,140,bepro_sequences,T0,0.0,0,21.2,1247.566,1271.008,1268744.0,cierre_recuperacion_propia,23.442,0.504,0.29,0.315,0.037,-0.032,0.037,0.215,0.2032427200151668,0.7967572799848333,0.0031785626284817,0.9968214373715184,0.9968214373715184,0.2596987411525274,0.0441160843427445,alta,media,pitch_control_rival,estructura_anchura,0,0,False,,0.1,,,,6.169163082,42.74128832,64.12740000000001,12.8192,6.169163082,42.74128832,37.87259999999999,51.1808,95.830836918,21.258711680000005,57.95823691800001,100.5414,65.2264409275326,87.9232,78.3187,3,forward,6,6,True,balon_parado_con_continuidad,setpiece_con_continuidad_bepro,cierre_recuperacion_propia,6.0,34.0,0.15,False,Revisar: el poseedor detectado no confirma dominio rival en la secuencia.,Inestable,Alta amenaza
209425,4,27,bepro_sequences,T2,2.0,0,4.3,247.695,255.048,253197.0,cierre_recuperacion_propia,7.353,0.628,0.192,0.313,0.038,-0.013,0.038,0.51,0.3935994405335858,0.606400559466414,0.0180287799754535,0.9819712200245464,0.9819712200245464,0.0244513607327008,-0.0245485272398934,muy_alta,baja,estructura_retroceso,estructura_anchura,0,0,False,,0.05,,,,59.56468806,61.44659424,53.626194000000005,38.578892800000006,59.56468806,61.44659424,48.373806,25.421107199999994,42.43531194,2.553405759999997,-5.9384940599999965,51.7752,23.626203267762538,31.2073,21.3374,2,forward,3,3,False,transicion_rapida,origen_recuperacion_rival,cierre_recuperacion_propia,5.0,11.0,0.3125,False,Revisar: el poseedor detectado no confirma dominio rival en la secuencia.,Crítica,Amenaza moderada
209425,25,268,bepro_sequences,T0,0.0,0,39.3,2334.624,2359.457,2359457.0,cierre_bepro,24.833,0.514,0.265,0.304,0.025,-0.008,0.025,0.215,0.2098857274467402,0.7901142725532597,3.306188331195243e-05,0.999966938116688,0.999966938116688,0.2607089231371446,0.0003395233550057,alta,baja,pitch_control_rival,presion_distancia,0,0,False,,0.1,,,,3.2538,14.3232,33.6498065874055,24.499505468679608,3.2538,14.3232,68.3501934125945,39.50049453132039,98.7462,49.6768,30.39600658740549,98.7462,32.05424167646892,98.3605,30.8174,5,sideways,10,10,False,ataque_elaborado,recuperacion_con_posesion_elaborada,cierre_bepro,14.0,18.0,0.4375,False,Revisar: el poseedor detectado no confirma dominio rival en la secuencia.,Inestable,Alta amenaza
209425,7,56,bepro_sequences,T3,3.0,0,7.6,445.857,456.99,454985.0,cierre_recuperacion_propia,11.133,0.55,0.241,0.304,0.012,-0.006,0.012,0.138,0.172445544199873,0.827554455800127,2.9956811217376712e-05,0.9999700431887828,0.9999700431887828,0.0640034472158963,9.853422476335803e-05,alta,baja,pitch_control_rival,estructura_anchura,0,0,False,,0.1,,,,4.223090904,3.798457599999999,36.0876,0.3456,4.223090904,3.798457599999999,65.91239999999999,63.6544,97.776909096,60.2015424,31.86450909600001,99.34925256,32.05104000707223,26.1112,35.7854,1,sideways,2,2,True,balon_parado_con_continuidad,setpiece_con_continuidad_bepro,cierre_recuperacion_propia,7.0,16.0,0.3043478260869565,False,Revisar: el poseedor detectado no confirma dominio rival en la secuencia.,Inestable,Alta amenaza
209425,1,3,bepro_sequences,T3,3.0,0,0.3,3.591,15.818,15818.0,cierre_bepro,12.227,0.463,0.286,0.3,0.046,-0.036,0.046,0.365,0.2843925213200949,0.7156074786799048,0.0467830441597348,0.953216955840265,0.953216955840265,0.3707605032473807,0.1151447975834216,media,media,presion_distancia,pitch_control_rival,0,0,False,,0.1,,,,26.7920442,7.764499199999999,54.196071060000016,31.689630720000004,26.7920442,7.764499199999999,47.803928939999984,32.31036928,75.20795580000001,56.2355008,27.404026860000023,86.6910954,36.37846349686721,51.4836,39.9302,3,backward,7,7,False,ataque_elaborado,recuperacion_con_posesion_elaborada,cierre_bepro,10.0,2.0,0.8333333333333334,True,,Vulnerable,Alta amenaza
209425,13,127,bepro_sequences,T0,0.0,0,19.3,1150.326,1157.924,1157924.0,cierre_bepro,7.598,0.501,0.256,0.295,0.021,-0.014,0.021,0.217,0.2511477627137094,0.7488522372862906,0.0001792718838271,0.999820728116173,0.999820728116173,0.2399659603478951,0.0009455421191788,media,baja,estructura_anchura,pitch_control_rival,0,0,False,,0.1,,,,4.947,51.4368,41.30121474,27.0078336,4.947,51.4368,60.69878526,36.9921664,97.053,12.563200000000002,36.35421474,97.053,43.79958137624562,12.4437,47.8264,1,forward,3,3,False,transicion_rapida,origen_recuperacion_rival,cierre_bepro,4.0,7.0,0.3636363636363636,False,Revisar: el poseedor detectado no confirma dominio rival en la secuencia.,Inestable,Alta amenaza
209425,39,459,bepro_sequences,T2,2.0,1,66.0,3945.538,3960.035,3956571.0,cierre_recuperacion_propia,14.497,0.249,0.35,0.291,0.231,-0.195,0.231,1.889,0.5685015157090147,0.4314984842909851,0.3053051218999799,0.6946948781000202,0.6946948781000202,0.2212595340636071,0.2566999694590919,baja,media,presion_distancia,estructura_anchura,0,0,False,,0.05,,,,70.3086,8.9408,6.426,38.5024,70.3086,8.9408,6.426,38.5024,70.3086,8.9408,63.8826,70.3086,70.39087140617028,47.9742,34.6607,3,backward,5,5,True,balon_parado_con_continuidad,setpiece_con_continuidad_bepro,cierre_recuperacion_propia,5.0,0.0,1.0,True,,Estable,Alta amenaza
209425,16,149,bepro_sequences,T3,3.0,0,22.6,1348.091,1354.029,1354029.0,cierre_bepro,5.938,0.51,0.241,0.289,0.009,-0.004,0.009,0.134,0.1625044846196344,0.8374955153803654,4.2924775313883656e-08,0.9999999570752246,0.9999999570752246,0.037047376196481,2.212038697768648e-07,alta,baja,pitch_control_rival,estructura_anchura,0,0,False,,0.1,,,,5.6712,2.7584,25.8672,1.024,5.6712,2.7584,76.1328,62.976,96.3288,61.2416,20.196,96.3288,20.27033693257219,17.9849,22.5292,1,sideways,2,2,True,balon_parado_con_continuidad,setpiece_con_continuidad_bepro,cierre_bepro,0.0,21.0,0.0,False,Revisar: el poseedor detectado no confirma dominio rival en la secuencia.,Inestable,Alta amenaza
209425,12,121,bepro_sequences,T2,2.0,0,18.5,1099.637,1107.791,1107791.0,cierre_bepro,8.154,0.412,0.3,0.288,0.044,-0.029,0.044,0.482,0.3509160406995978,0.6490839593004021,0.0106988206144203,0.9893011793855796,0.9893011793855796,0.0738009655079378,0.0489234392612201,baja,media,presion_distancia,estructura_anchura,0,0,False,,0.1,,,,42.99800819999999,59.4155648,55.029,29.2288,42.99800819999999,59.4155648,46.971,34.7712,59.00199180000001,4.5844352000000015,12.03099180000001,59.00199180000001,32.49593101885506,43.0965,37.1,3,forward,4,4,False,transicion_rapida,origen_recuperacion_rival,cierre_bepro,6.0,7.0,0.4615384615384615,False,Revisar: el poseedor detectado no confirma dominio rival en la secuencia.,Vulnerable,Alta amenaza
209425,6,52,bepro_sequences,T3,3.0,0,7.3,432.457,437.191,437191.0,cierre_bepro,4.734,0.46,0.249,0.277,0.017,-0.004,0.017,0.285,0.222105789236156,0.7778942107638441,2.367026572485281e-06,0.9999976329734276,0.9999976329734276,-0.0167289929011705,7.088781907027553e-06,media,baja,pitch_control_rival,estructura_anchura,0,0,False,,0.1,,,,39.6805806,4.84780224,43.9350516,11.0951296,39.6805806,4.84780224,58.064948400000006,52.9048704,62.3194194,59.15219776,4.254470999999995,65.587275,7.558414028937918,16.3601,7.6358,3,backward,4,4,False,transicion_rapida,origen_recuperacion_rival,cierre_bepro,5.0,5.0,0.5,True,,Vulnerable,Alta amenaza
209425,34,387,bepro_sequences,T3,3.0,1,52.7,3152.371,3159.442,3157884.0,cierre_recuperacion_propia,7.071,0.518,0.195,0.276,0.035,-0.028,0.035,0.22,0.2072796364113206,0.7927203635886795,1.1886447683220096e-05,0.999988113552317,0.999988113552317,0.0740227721245914,4.109747024472199e-06,alta,baja,pitch_control_rival,presion_distancia,0,0,False,,0.05,,,,92.26080999,43.3862336,48.0726,39.8976,92.26080999,43.3862336,48.0726,39.8976,92.26080999,43.3862336,44.18820999,95.3885589,44.32570886647369,41.728,50.3095,1,sideways,2,2,True,balon_parado_con_continuidad,setpiece_con_continuidad_bepro,cierre_recuperacion_propia,2.0,2.0,0.5,True,,Inestable,Amenaza moderada
209425,27,278,bepro_sequences,T3,3.0,0,40.8,2432.372,2447.326,2445091.0,cierre_recuperacion_propia,14.954,0.442,0.222,0.26,0.028,-0.012,0.028,0.315,0.3167300074753535,0.6832699925246463,0.1012117052889144,0.8987882947110855,0.8987882947110855,0.3214418843783715,0.3001726754687247,media,baja,estructura_anchura,pitch_control_rival,0,0,False,,0.1,,,,9.3024,24.9216,39.16984722000001,40.297917440000006,9.3024,24.9216,62.83015277999999,23.702082559999997,92.6976,39.0784,29.867447220000003,95.5460622,33.59308770350136,67.0735,48.5984,3,backward,6,6,False,ataque_elaborado,recuperacion_con_posesion_elaborada,cierre_recuperacion_propia,9.0,9.0,0.5,True,,Vulnerable,Amenaza moderada
209425,19,186,bepro_sequences,T0,0.0,0,27.6,1647.447,1654.558,1652986.0,cierre_recuperacion_propia,7.111,0.428,0.236,0.259,0.014,-0.007,0.014,0.177,0.2629612779204123,0.7370387220795876,0.0131377129319463,0.9868622870680536,0.9868622870680536,0.1520557210803801,0.0280081171148478,media,baja,pitch_control_rival,estructura_anchura,0,0,False,,0.1,,,,19.0434,50.4256,37.8828,50.0864,19.0434,50.4256,64.1172,13.913600000000002,82.9566,13.574399999999995,18.8394,95.8494,18.84245336998343,25.0421,23.8567,1,forward,2,2,False,transicion_rapida,origen_recuperacion_rival,cierre_recuperacion_propia,2.0,13.0,0.1333333333333333,False,Revisar: el poseedor detectado no confirma dominio rival en la secuencia.,Vulnerable,Amenaza moderada
209425,17,160,bepro_sequences,T3,3.0,0,23.5,1404.657,1408.423,1406449.0,cierre_recuperacion_propia,3.766,0.313,0.265,0.238,0.046,-0.031,0.046,0.458,0.3357212961253316,0.6642787038746685,0.0886419602395078,0.911358039760492,0.911358039760492,0.0893458283994948,0.126329873287693,baja,media,pitch_control_rival,presion_distancia,0,0,False,,0.1,,,,33.925200000000004,29.3184,54.4374,30.0032,33.925200000000004,29.3184,47.5626,33.9968,68.0748,34.6816,20.512199999999996,69.7272,20.52362784402406,17.3475,17.3475,2,backward,2,2,False,transicion_rapida,origen_recuperacion_rival,cierre_recuperacion_propia,0.0,1.0,0.0,False,Revisar: el poseedor detectado no confirma dominio rival en la secuencia.,Estable,Alta amenaza
209425,21,210,bepro_sequences,T1,1.0,0,31.7,1896.197,1902.524,1902524.0,cierre_bepro,6.327,0.035,0.35,0.229,0.295,-0.093,0.295,5.095,0.6239981793840268,0.3760018206159732,0.5615195766057682,0.438480423394232,0.438480423394232,0.0485148375115431,0.1859139620934411,baja,media,estructura_anchura,presion_distancia,0,0,False,,0.05,,,,87.8866272,32.7373504,98.2464,29.3568,87.8866272,32.7373504,3.753600000000006,34.6432,14.113372799999992,31.262649600000003,10.359772799999988,14.113372799999992,10.897385625670028,11.6949,11.6949,1,forward,1,1,False,juego_directo,primer_pase_largo_progresivo,cierre_bepro,1.0,16.0,0.0588235294117647,False,Revisar: el poseedor detectado no confirma dominio rival en la secuencia.,Estable,Alta amenaza
209425,24,266,bepro_sequences,T2,2.0,0,38.9,2323.791,2331.191,2327691.0,cierre_recuperacion_propia,7.4,0.283,0.224,0.206,0.029,-0.022,0.029,0.397,0.4763521679928121,0.5236478320071878,0.1006717004441822,0.8993282995558178,0.8993282995558178,0.3563705105215875,0.2168671339570154,baja,baja,estructura_anchura,pitch_control_rival,0,0,False,,0.1,,,,17.03775054,40.30799744,55.17565355569969,49.55656791255309,17.03775054,40.30799744,46.82434644430031,14.443432087446908,84.96224946,23.69200256,38.137903015699685,85.5856806,39.2432886264734,25.7356,12.779,4,forward,5,5,False,transicion_rapida,origen_recuperacion_rival,cierre_recuperacion_propia,2.0,4.0,0.3333333333333333,False,Revisar: el poseedor detectado no confirma dominio rival en la secuencia.,Estable,Amenaza moderada
209425,40,527,bepro_sequences,T0,0.0,1,77.0,4599.847,4622.192,4622192.0,cierre_bepro,22.345,0.281,0.201,0.204,0.075,-0.063,0.075,0.495,0.4486154041439844,0.5513845958560156,0.1562763759189744,0.8437236240810254,0.8437236240810254,0.3372103458357193,0.3534981943514375,baja,baja,presion_distancia,estructura_anchura,0,0,False,,0.05,,,,67.6974,51.0144,23.97,17.8944,67.6974,51.0144,23.97,17.8944,67.6974,51.0144,43.7274,73.1034,54.85453409482211,73.8191,57.9285,4,forward,7,7,False,ataque_elaborado,posesion_bepro_elaborada,cierre_bepro,8.0,11.0,0.4210526315789473,False,Revisar: el poseedor detectado no confirma dominio rival en la secuencia.,Estable,Amenaza moderada
209425,44,563,bepro_sequences,T3,3.0,1,85.6,5133.705,5138.204,5135938.0,cierre_recuperacion_propia,4.499,0.386,0.138,0.198,0.007,0.0,0.007,0.124,0.377320742635196,0.6226792573648038,0.0245438569003664,0.9754561430996336,0.9754561430996336,-0.0488870315272856,0.0153113461911599,baja,baja,presion_distancia,estructura_anchura,0,0,False,,0.05,,,,87.1284,44.2944,87.2814,62.6112,87.1284,44.2944,87.2814,62.6112,87.1284,44.2944,-0.1530000000000058,96.1356834,18.31743899239192,17.9144,17.8687,2,backward,3,3,True,balon_parado_con_continuidad,setpiece_con_continuidad_bepro,cierre_recuperacion_propia,3.0,0.0,1.0,True,,Vulnerable,Amenaza moderada
209425,37,417,bepro_sequences,T3,3.0,1,59.0,3533.438,3539.391,3539391.0,cierre_bepro,5.953,0.286,0.154,0.175,0.026,-0.011,0.026,0.383,0.4064186730274704,0.5935813269725296,0.0437476641159726,0.9562523358840274,0.9562523358840274,0.0479043686940073,0.0147297596361348,baja,baja,estructura_anchura,pitch_control_rival,0,0,False,,0.05,,,,61.45898616,55.74111616,49.1286774,48.03008,61.45898616,55.74111616,49.1286774,48.03008,61.45898616,55.74111616,12.33030876,61.45898616,14.542922429063571,13.0045,15.3273,1,forward,2,2,False,transicion_rapida,origen_recuperacion_rival,cierre_bepro,2.0,9.0,0.1818181818181818,False,Revisar: el poseedor detectado no confirma dominio rival en la secuencia.,Estable,Amenaza moderada
209425,38,439,bepro_sequences,T3,3.0,1,63.0,3749.604,3777.981,3775658.0,cierre_recuperacion_propia,28.377,0.137,0.229,0.167,0.079,-0.005,0.079,0.672,0.7140733933678445,0.2859266066321557,0.3519206380189273,0.6480793619810726,0.6480793619810726,-0.2294458829567283,-0.2961774489486161,baja,baja,estructura_anchura,presion_distancia,0,0,False,,0.1,,,,30.8101608,55.4436608,8.3436,62.3488,30.8101608,55.4436608,8.3436,62.3488,30.8101608,55.4436608,22.466560800000003,33.8477208,23.503772070701192,38.3258,24.9858,2,sideways,4,4,True,balon_parado_con_continuidad,setpiece_con_continuidad_bepro,cierre_recuperacion_propia,4.0,13.0,0.2352941176470588,False,Revisar: el poseedor detectado no confirma dominio rival en la secuencia.,Estable,Amenaza moderada
209425,33,377,bepro_sequences,T2,2.0,1,50.8,3043.551,3048.038,3048038.0,cierre_bepro,4.487,0.15,0.218,0.166,0.074,-0.053,0.074,0.956,0.6085204055812353,0.3914795944187648,0.4910628396781566,0.5089371603218433,0.5089371603218433,0.0250527238973491,0.1824640777455626,baja,baja,presion_distancia,estructura_anchura,0,0,False,,0.1,,,,44.6658,5.28,8.822999999999999,8.2432,44.6658,5.28,8.822999999999999,8.2432,44.6658,5.28,35.842800000000004,44.6658,35.96507842449395,33.3038,37.9435,2,sideways,3,3,False,juego_directo,primer_pase_largo_progresivo,cierre_bepro,2.0,0.0,1.0,True,,Estable,Amenaza moderada
209425,41,533,bepro_sequences,T3,3.0,1,79.3,4754.984,4757.391,4757391.0,cierre_bepro,2.407,0.164,0.215,0.164,0.047,-0.022,0.047,0.67,0.561511362865109,0.4384886371348909,0.1903167865794289,0.809683213420571,0.809683213420571,0.1422428226943692,0.074465242899941,baja,baja,estructura_anchura,pitch_control_rival,0,0,False,,0.1,,,,45.084,54.3936,37.9688991793958,47.26953062498532,45.084,54.3936,37.9688991793958,47.26953062498532,45.084,54.3936,7.115100820604205,45.8694,10.068615800962156,15.653,12.609,3,forward,5,5,False,transicion_rapida,origen_recuperacion_rival,cierre_bepro,1.0,2.0,0.3333333333333333,False,Revisar: el poseedor detectado no confirma dominio rival en la secuencia.,Estable,Amenaza moderada
209425,22,243,bepro_sequences,T3,3.0,0,36.5,2186.519,2189.757,2189757.0,cierre_bepro,3.238,0.26,0.147,0.162,0.025,-0.007,0.025,0.414,0.5432572503304505,0.4567427496695496,0.2353394855741289,0.7646605144258711,0.7646605144258711,0.1898607794021057,0.103249700930321,baja,baja,estructura_anchura,presion_distancia,0,0,False,,0.1,,,,45.2778,8.1664,64.07639999999999,0.512,45.2778,8.1664,37.92360000000001,63.488,56.7222,55.8336,18.798599999999997,56.7222,20.2972215172422,22.67,22.67,1,forward,2,2,False,transicion_rapida,origen_recuperacion_rival,cierre_bepro,2.0,0.0,1.0,True,,Estable,Amenaza moderada
209425,42,548,bepro_sequences,T2,2.0,1,80.5,4821.272,4828.358,4828358.0,cierre_bepro,7.086,0.21,0.147,0.146,0.034,-0.021,0.034,0.327,0.495179651660973,0.504820348339027,0.0891456992634327,0.9108543007365674,0.9108543007365674,0.2923926531969071,0.2127439287467288,baja,baja,estructura_anchura,pitch_control_rival,0,0,False,,0.05,,,,68.4726,15.6544,41.4222,12.5056,68.4726,15.6544,41.4222,12.5056,68.4726,15.6544,27.0504,71.80799999999999,27.23305127230513,14.4534,29.7254,2,sideways,3,3,False,transicion_rapida,origen_recuperacion_rival,cierre_bepro,1.0,14.0,0.0666666666666666,False,Revisar: el poseedor detectado no confirma dominio rival en la secuencia.,Estable,Amenaza moderada
209425,18,178,bepro_sequences,T2,2.0,0,26.8,1596.833,1605.169,1605169.0,cierre_bepro,8.336,0.06,0.204,0.132,0.097,-0.07,0.097,0.993,0.6211864306752257,0.3788135693247741,0.241118515948919,0.7588814840510809,0.7588814840510809,0.4453703860093345,0.5137278376748992,baja,baja,presion_distancia,pitch_control_rival,0,0,False,,0.05,,,,65.85119999999999,59.968,80.41363494,43.74733184,65.85119999999999,59.968,21.58636506000001,20.25266816,36.14880000000001,4.0319999999999965,14.562434940000005,47.42297354818999,21.798499648796263,44.5043,23.3315,2,forward,5,5,False,transicion_rapida,origen_recuperacion_rival,cierre_bepro,7.0,2.0,0.7777777777777778,True,,Estable,Amenaza moderada
212200,38,346,bepro_sequences,T2,2.0,0,44.7,2655.417,2682.632,2682632.0,cierre_bepro,27.215,0.728,0.914,0.712,0.231,0.214,0.231,0.923,0.3668837003372412,0.6331162996627586,0.7789746678285359,0.221025332171464,0.221025332171464,0.3432496172538061,0.554847454308624,muy_alta,muy_alta,estructura_retroceso,estructura_anchura,1,1,False,0.14,0.398,2682632.0,0.0,dentro_intervalo,92.2999938,34.6546688,40.9805502,16.494905600000003,92.2999938,34.6546688,40.9805502,16.494905600000003,92.2999938,34.6546688,51.31944360000001,92.2999938,54.43769182187702,129.6172,57.7931,8,sideways,17,17,False,ataque_elaborado,recuperacion_con_posesion_elaborada,cierre_bepro,13.0,13.0,0.5,True,,Crítica,Amenaza crítica
212200,23,233,bepro_sequences,T2,2.0,0,30.0,1794.846,1802.743,1802743.0,cierre_bepro,7.897,0.557,1.0,0.709,0.32,0.144,0.32,2.823,0.211751404909305,0.7882485950906949,0.4410292902157563,0.5589707097842437,0.5589707097842437,0.0066503478407969,0.0064605193450432,media,critica,pitch_control_rival,estructura_anchura,1,0,False,0.45,0.615,1802743.0,0.0,dentro_intervalo,101.2554,30.9921152,93.2257910099731,40.58270723009371,101.2554,30.9921152,93.2257910099731,40.58270723009371,101.2554,30.9921152,8.029608990026915,101.2554,12.508160377146517,12.508160377146517,16.0865,1,backward,6,6,False,transicion_rapida,origen_recuperacion_rival,cierre_bepro,6.0,8.0,0.4285714285714285,False,Revisar: el poseedor detectado no confirma dominio rival en la secuencia.,Inestable,Amenaza crítica
212200,2,8,bepro_sequences,T1,1.0,0,0.9,48.673,51.413,51413.0,cierre_bepro,2.74,0.559,1.0,0.691,0.227,0.179,0.227,2.08,0.1206062471537702,0.8793937528462296,0.312516485611813,0.6874835143881871,0.6874835143881871,0.020342124236238,0.0617431609884538,media,critica,pitch_control_rival,presion_distancia,1,1,False,0.27,0.489,51413.0,0.0,dentro_intervalo,98.2723794,26.4860288,96.774336,2.3679807999999944,98.2723794,26.4860288,96.774336,2.3679807999999944,98.2723794,26.4860288,1.498043399999986,98.2723794,24.16452717018456,25.419,25.419,0,forward,2,2,False,transicion_rapida,origen_recuperacion_rival,cierre_bepro,3.0,0.0,1.0,True,,Inestable,Amenaza crítica
212200,48,452,bepro_sequences,T0,0.0,1,62.0,3706.257,3719.668,3719668.0,cierre_bepro,13.411,0.571,0.871,0.625,0.164,0.158,0.164,0.812,0.5291572966325863,0.4708427033674137,0.9019116577252762,0.0980883422747237,0.0980883422747237,0.2144661932228908,0.3118922021654593,media,muy_alta,estructura_retroceso,presion_distancia,1,0,False,0.14,0.398,3719668.0,0.0,dentro_intervalo,13.9035792,24.49455744,97.616763996,34.64551296,13.9035792,24.49455744,4.383236003999997,29.35448704,88.0964208,39.50544256,83.71318479600001,88.0964208,84.32638499697627,93.7486,87.75,4,sideways,7,7,True,balon_parado_con_continuidad,setpiece_con_continuidad_bepro,cierre_bepro,9.0,6.0,0.6,True,,Inestable,Amenaza crítica
212200,31,283,bepro_sequences,T1,1.0,0,35.2,2103.287,2114.108,2114108.0,cierre_bepro,10.821,0.507,0.916,0.616,0.135,0.029,0.135,1.384,0.2112782536007534,0.7887217463992465,0.5352662364559009,0.464733763544099,0.464733763544099,0.2737408758112826,0.5036187925181566,media,muy_alta,pitch_control_rival,estructura_anchura,1,0,False,0.01,0.307,2114108.0,0.0,dentro_intervalo,76.6632,14.3104,71.859,6.1376,76.6632,14.3104,71.859,6.1376,76.6632,14.3104,4.804200000000009,96.9204,9.480242480021282,19.1857,19.5173,2,sideways,4,4,False,ataque_elaborado,recuperacion_con_posesion_elaborada,cierre_bepro,4.0,15.0,0.2105263157894736,False,Revisar: el poseedor detectado no confirma dominio rival en la secuencia.,Inestable,Amenaza crítica
212200,33,289,bepro_sequences,T1,1.0,0,35.7,2127.251,2141.58,2141580.0,cierre_bepro,14.329,0.682,0.794,0.615,0.093,-0.019,0.093,1.346,0.193954544606891,0.8060454553931089,0.5438830936825958,0.4561169063174041,0.4561169063174041,0.1230060752829582,0.2491294636954634,muy_alta,muy_alta,pitch_control_rival,presion_distancia,0,0,False,,0.3,,,,92.7384,9.7664,70.9604247393686,34.928582873745285,92.7384,9.7664,70.9604247393686,34.928582873745285,92.7384,9.7664,21.777975260631397,92.7384,33.27785530085245,65.9125,35.0222,5,backward,10,10,False,ataque_elaborado,recuperacion_con_posesion_elaborada,cierre_bepro,9.0,0.0,1.0,True,,Crítica,Amenaza crítica
212200,4,45,bepro_sequences,T1,1.0,0,4.3,248.986,255.332,255332.0,cierre_bepro,6.346,0.481,0.86,0.58,0.124,0.097,0.124,1.22,0.2519938493660941,0.7480061506339057,0.6496238614004142,0.3503761385995858,0.3503761385995858,0.0131459173646649,0.0266223632810091,baja,muy_alta,pitch_control_rival,estructura_retroceso,1,0,False,0.05,0.335,255332.0,0.0,dentro_intervalo,79.1535198,28.1474368,69.1152,0.0832,79.1535198,28.1474368,69.1152,0.0832,79.1535198,28.1474368,10.038319799999996,87.312,29.80552384330036,29.80552384330036,11.4065,0,forward,4,4,True,balon_parado_con_continuidad,setpiece_con_continuidad_bepro,cierre_bepro,5.0,5.0,0.5,True,,Vulnerable,Amenaza crítica
212200,35,328,bepro_sequences,T1,1.0,0,42.9,2551.823,2571.78,2569546.0,cierre_recuperacion_propia,19.957,0.79,0.459,0.547,0.32,0.293,0.32,1.523,0.290284259108548,0.709715740891452,0.6529395952600856,0.3470604047399143,0.3470604047399143,0.1714009967942346,0.281704206263817,critica,media,estructura_retroceso,pitch_control_rival,0,0,False,,0.05,,,,99.860989314,31.23341184,47.0832,27.7696,99.860989314,31.23341184,47.0832,27.7696,99.860989314,31.23341184,52.77778931400001,100.03480578,52.89133234600824,89.2733,52.6954,3,backward,7,7,False,ataque_elaborado,recuperacion_con_posesion_elaborada,cierre_recuperacion_propia,6.0,3.0,0.6666666666666666,True,,Crítica,Alta amenaza
212200,40,387,bepro_sequences,T1,1.0,1,49.5,2960.024,2967.09,2964037.0,cierre_recuperacion_propia,7.066,0.658,0.594,0.54,0.211,0.182,0.211,1.499,0.2007248371949701,0.7992751628050296,0.5394182001147917,0.4605817998852083,0.4605817998852083,-0.0172001018999996,-0.0066539208899825,alta,alta,pitch_control_rival,presion_distancia,0,0,False,,0.1,,,,11.46916866,27.49137984,29.376,61.8176,11.46916866,27.49137984,72.624,2.182400000000001,90.53083134,36.50862016,17.906831339999997,90.62283738,38.7161981489918,14.1101,12.5599,1,backward,2,2,True,balon_parado_con_continuidad,setpiece_con_continuidad_bepro,cierre_recuperacion_propia,3.0,2.0,0.6,True,,Crítica,Amenaza crítica
212200,12,115,bepro_sequences,T1,1.0,0,11.6,686.946,693.549,693549.0,cierre_bepro,6.603,0.548,0.734,0.537,0.075,0.046,0.075,1.013,0.2275003118892057,0.7724996881107945,0.5845533874058823,0.4154466125941177,0.4154466125941177,0.080737151889914,0.2892444383313101,media,alta,pitch_control_rival,estructura_retroceso,0,0,False,,0.3,,,,86.9142,11.2512,70.7778,0.576,86.9142,11.2512,70.7778,0.576,86.9142,11.2512,16.136399999999995,86.9142,19.347953380138165,26.6297,20.4728,4,forward,7,7,True,balon_parado_con_continuidad,setpiece_con_continuidad_bepro,cierre_bepro,1.0,15.0,0.0625,False,Revisar: el poseedor detectado no confirma dominio rival en la secuencia.,Inestable,Amenaza crítica
212200,60,574,bepro_sequences,T2,2.0,1,85.4,5114.796,5126.057,5124799.0,cierre_recuperacion_propia,11.261,0.726,0.547,0.533,0.161,0.11,0.161,1.567,0.3036459885622123,0.6963540114377875,0.6534364551801406,0.3465635448198594,0.3465635448198594,0.2330783447455207,0.1368383159309996,muy_alta,alta,estructura_anchura,pitch_control_rival,0,0,False,,0.1,,,,6.005876790000001,19.13453376,44.39805408000001,36.46660096000001,6.005876790000001,19.13453376,57.60194591999999,27.533399039999992,95.99412321,44.86546624,38.39217729000001,101.88678,42.1231507664385,92.797,50.4776,4,backward,6,6,False,ataque_elaborado,recuperacion_con_posesion_elaborada,cierre_recuperacion_propia,6.0,4.0,0.6,True,,Crítica,Amenaza crítica
212200,32,285,bepro_sequences,T1,1.0,0,35.4,2116.97,2121.28,2119493.0,cierre_recuperacion_propia,4.31,0.693,0.5,0.526,0.295,0.233,0.295,2.216,0.1702388469641625,0.8297611530358374,0.5004027155808123,0.4995972844191877,0.4995972844191877,0.0024713997109863,0.0949233331397343,muy_alta,media,pitch_control_rival,estructura_retroceso,0,0,False,,0.05,,,,95.321537556,29.88286336,69.3192,2.9248,95.321537556,29.88286336,69.3192,2.9248,95.321537556,29.88286336,26.00233755600001,97.18805412,37.45475588624152,11.2993,13.819,1,sideways,2,2,False,transicion_rapida,origen_recuperacion_rival,cierre_recuperacion_propia,0.0,1.0,0.0,False,Revisar: el poseedor detectado no confirma dominio rival en la secuencia.,Crítica,Amenaza crítica
212200,37,336,bepro_sequences,T1,1.0,0,43.5,2601.736,2611.48,2611480.0,cierre_bepro,9.744,0.627,0.647,0.525,0.073,0.036,0.073,0.898,0.4520269586586599,0.5479730413413402,0.8144600876494892,0.1855399123505109,0.1855399123505109,0.2277085212496101,0.368607914130565,alta,alta,estructura_retroceso,estructura_anchura,0,0,False,,0.3,,,,97.4712,2.7328,43.0952856,45.4241152,97.4712,2.7328,43.0952856,45.4241152,97.4712,2.7328,54.37591439999999,97.4712,69.13239805143373,76.4099,73.2919,2,backward,3,3,False,transicion_rapida,origen_recuperacion_rival,cierre_bepro,3.0,7.0,0.3,False,Revisar: el poseedor detectado no confirma dominio rival en la secuencia.,Crítica,Amenaza crítica
212200,9,81,bepro_sequences,T1,1.0,0,8.1,474.78,485.746,482246.0,cierre_tiro_rival,10.966,0.457,0.736,0.512,0.104,0.042,0.104,1.042,0.4086245035731871,0.5913754964268129,0.8593744812960027,0.1406255187039973,0.1406255187039973,0.1861130697461588,0.1704870401954924,baja,alta,estructura_retroceso,pitch_control_rival,1,1,False,0.02,0.314,485373.0,0.0,dentro_intervalo,77.9178,11.9744,44.5842,3.6736,77.9178,11.9744,44.5842,3.6736,77.9178,11.9744,33.333600000000004,88.485,34.35159631807524,49.962,47.5428,2,sideways,4,4,False,ataque_elaborado,recuperacion_con_posesion_elaborada,cierre_tiro_rival,0.0,5.0,0.0,False,Revisar: el poseedor detectado no confirma dominio rival en la secuencia.,Vulnerable,Amenaza crítica
212200,52,476,bepro_sequences,T1,1.0,1,65.5,3921.401,3927.757,3926037.0,cierre_recuperacion_propia,6.356,0.651,0.542,0.5,0.142,0.106,0.142,0.95,0.1706292609852397,0.8293707390147604,0.4314719657871664,0.5685280342128337,0.5685280342128337,0.0188760512903657,-0.0296688828256785,alta,media,pitch_control_rival,presion_distancia,0,0,False,,0.1,,,,19.5674607,35.091383040000004,21.0018,63.9744,19.5674607,35.091383040000004,80.9982,0.0255999999999971,82.4325393,28.90861696,1.4343393000000049,83.103123,28.91860988946689,19.3091,17.694,2,sideways,3,3,True,balon_parado_con_continuidad,setpiece_con_continuidad_bepro,cierre_recuperacion_propia,4.0,3.0,0.5714285714285714,True,,Crítica,Amenaza crítica
212200,30,260,bepro_sequences,T2,2.0,0,33.0,1976.134,1982.815,1981201.0,cierre_recuperacion_propia,6.681,0.665,0.461,0.499,0.295,0.27,0.295,1.901,0.3459443103430649,0.654055689656935,0.6463074174256531,0.3536925825743469,0.3536925825743469,0.2831775982769455,0.5164348718912357,alta,media,estructura_retroceso,pitch_control_rival,0,0,False,,0.05,,,,98.151156276,32.700044160000004,50.62427076,45.51436352,98.151156276,32.700044160000004,50.62427076,45.51436352,98.151156276,32.700044160000004,47.52688551600001,98.550930792,49.2240960050161,22.3185,42.6748,1,sideways,3,3,False,transicion_rapida,origen_recuperacion_rival,cierre_recuperacion_propia,3.0,1.0,0.75,True,,Crítica,Alta amenaza
212200,15,131,bepro_sequences,T1,1.0,0,14.5,860.817,868.18,866489.0,cierre_recuperacion_propia,7.363,0.505,0.679,0.496,0.067,-0.025,0.067,0.903,0.3093015256567401,0.69069847434326,0.6840258657009267,0.3159741342990732,0.3159741342990732,0.034740460628848,-0.0278759562974632,media,alta,estructura_anchura,pitch_control_rival,0,0,False,,0.3,,,,76.8978,6.4832,74.6844,16.7168,76.8978,6.4832,74.6844,16.7168,76.8978,6.4832,2.213400000000007,78.1524,10.470229630719665,26.9562,21.3569,3,sideways,6,6,False,transicion_rapida,origen_recuperacion_rival,cierre_recuperacion_propia,3.0,3.0,0.5,True,,Inestable,Amenaza crítica
212200,61,583,bepro_sequences,T1,1.0,1,86.0,5157.74,5159.99,5159990.0,cierre_bepro,2.25,0.515,0.576,0.492,0.265,0.079,0.265,4.779,0.2440104410640793,0.7559895589359208,0.59090685526674,0.4090931447332601,0.4090931447332601,0.0160736728570703,0.0094996490395048,media,alta,pitch_control_rival,estructura_anchura,0,0,False,,0.1,,,,6.558599999999999,28.5312,10.029810270562985,22.90879269621592,6.558599999999999,28.5312,91.970189729437,41.09120730378408,95.4414,35.4688,3.471210270562992,98.2878426,6.607629274717709,13.3576,7.8745,1,forward,2,2,False,transicion_rapida,origen_recuperacion_rival,cierre_bepro,4.0,0.0,1.0,True,,Inestable,Amenaza crítica
212200,3,40,bepro_sequences,T1,1.0,0,4.0,230.801,238.413,235913.0,cierre_recuperacion_propia,7.612,0.5,0.647,0.481,0.074,0.019,0.074,0.899,0.3474972274767992,0.6525027725232007,0.8228543659789445,0.1771456340210554,0.1771456340210554,0.0756010999205195,0.0702514410996056,media,alta,pitch_control_rival,estructura_retroceso,0,0,False,,0.3,,,,82.7424,3.7504,56.8854,5.0048,82.7424,3.7504,56.8854,5.0048,82.7424,3.7504,25.857000000000006,94.0236,25.887409456336112,34.7589,40.5158,1,sideways,2,2,False,transicion_rapida,origen_recuperacion_rival,cierre_recuperacion_propia,0.0,2.0,0.0,False,Revisar: el poseedor detectado no confirma dominio rival en la secuencia.,Inestable,Amenaza crítica
212200,1,1,bepro_sequences,T1,1.0,0,0.2,1.746,12.346,9846.0,cierre_recuperacion_propia,10.6,0.537,0.618,0.48,0.067,-0.006,0.067,0.77,0.3998533427487954,0.6001466572512048,0.8582880466303916,0.1417119533696087,0.1417119533696087,0.2073576917746004,0.1378416813608122,media,alta,estructura_anchura,presion_distancia,0,0,False,,0.3,,,,77.3262,1.7472,51.39367920000001,30.20064,77.3262,1.7472,51.39367920000001,30.20064,77.3262,1.7472,25.932520799999992,82.4772,38.49797245149453,73.8389,33.0134,3,backward,5,5,False,ataque_elaborado,posesion_bepro_elaborada,cierre_recuperacion_propia,8.0,5.0,0.6153846153846154,True,,Inestable,Amenaza crítica
212200,24,235,bepro_sequences,T1,1.0,0,30.3,1804.127,1817.446,1814546.0,cierre_recuperacion_propia,13.319,0.595,0.5,0.472,0.191,-0.022,0.191,2.198,0.167778897467309,0.832221102532691,0.3895627371919313,0.6104372628080688,0.6104372628080688,-0.0041129800957119,-0.0420085248599545,alta,media,pitch_control_rival,estructura_anchura,0,0,False,,0.05,,,,100.274138172,18.83801856,98.28119628,22.58821568,100.274138172,18.83801856,98.28119628,22.58821568,100.274138172,18.83801856,1.9929418920000048,100.28318292,4.2468571701606415,16.1852,21.1076,2,backward,5,5,False,ataque_elaborado,recuperacion_con_posesion_elaborada,cierre_recuperacion_propia,5.0,6.0,0.4545454545454545,False,Revisar: el poseedor detectado no confirma dominio rival en la secuencia.,Inestable,Amenaza crítica
212200,6,58,bepro_sequences,T1,1.0,0,5.6,328.445,336.58,334646.0,cierre_recuperacion_propia,8.135,0.552,0.468,0.436,0.159,0.028,0.159,1.308,0.2492952960747313,0.7507047039252688,0.5937393420101438,0.4062606579898563,0.4062606579898563,0.2366092854081643,0.449801201276083,media,media,pitch_control_rival,estructura_anchura,0,0,False,,0.05,,,,83.9052,14.56,69.615,16.3072,83.9052,14.56,69.615,16.3072,83.9052,14.56,14.2902,91.7796,14.396615014648408,41.6038,22.0499,4,backward,7,7,False,transicion_rapida,origen_recuperacion_rival,cierre_recuperacion_propia,3.0,5.0,0.375,False,Revisar: el poseedor detectado no confirma dominio rival en la secuencia.,Inestable,Alta amenaza
212200,43,423,bepro_sequences,T2,2.0,1,56.4,3379.799,3384.457,3384457.0,cierre_bepro,4.658,0.778,0.322,0.434,0.084,0.068,0.084,0.845,0.3014146834140956,0.6985853165859045,0.7418507123091215,0.2581492876908786,0.2581492876908786,-0.0395948148218913,0.2302902674475811,critica,media,estructura_anchura,estructura_retroceso,0,0,False,,0.1,,,,20.381334000000003,18.421606399999995,63.8826,23.3152,20.381334000000003,18.421606399999995,38.1174,40.6848,81.61866599999999,45.578393600000005,43.50126599999999,81.61866599999999,43.77564850375968,40.2403,48.8029,1,sideways,2,2,True,balon_parado_con_continuidad,setpiece_con_continuidad_bepro,cierre_bepro,1.0,2.0,0.3333333333333333,False,Revisar: el poseedor detectado no confirma dominio rival en la secuencia.,Crítica,Alta amenaza
212200,39,361,bepro_sequences,T0,0.0,0,48.5,2889.953,2911.113,2908827.0,cierre_recuperacion_propia,21.16,0.477,0.5,0.397,0.025,0.019,0.025,0.203,0.6171796835071668,0.3828203164928335,0.9660624196901022,0.0339375803098979,0.0339375803098979,0.3146204954893377,0.063570145450036,baja,media,estructura_retroceso,presion_distancia,1,0,False,0.02,0.314,2912601.0,1488.0,tiro_cercano_a_intervalo,66.81,2.016,2.1420000000000003,28.832,66.81,2.016,2.1420000000000003,28.832,66.81,2.016,64.668,67.116,70.00748588543944,89.6728,60.4248,4,backward,8,8,False,juego_directo,primer_pase_largo_progresivo,cierre_recuperacion_propia,14.0,5.0,0.7368421052631579,True,,Vulnerable,Amenaza crítica
212200,55,510,bepro_sequences,T2,2.0,1,72.0,4316.625,4322.957,4321990.0,cierre_recuperacion_propia,6.332,0.659,0.299,0.383,0.086,0.08,0.086,0.935,0.4891831831954759,0.5108168168045242,0.8181065067810129,0.1818934932189869,0.1818934932189869,0.1249310930730904,0.0561021023991836,alta,media,presion_distancia,estructura_retroceso,0,0,False,,0.1,,,,33.91940640000001,29.596830080000004,92.9526,32.832,33.91940640000001,29.596830080000004,9.047399999999996,31.168,68.08059359999999,34.40316992,59.03319359999999,71.76052994464234,59.12177493129205,71.58,67.449,3,sideways,4,4,True,balon_parado_con_continuidad,setpiece_con_continuidad_bepro,cierre_recuperacion_propia,1.0,4.0,0.2,False,Revisar: el poseedor detectado no confirma dominio rival en la secuencia.,Crítica,Alta amenaza
212200,5,54,bepro_sequences,T1,1.0,0,5.4,322.014,326.213,324716.0,cierre_recuperacion_propia,4.199,0.701,0.254,0.376,0.08,0.052,0.08,0.914,0.273601882544457,0.7263981174555431,0.6373295380866864,0.3626704619133135,0.3626704619133135,0.0515915847187555,0.111089776141872,muy_alta,media,pitch_control_rival,estructura_retroceso,0,0,False,,0.05,,,,82.3854,14.528,43.37880072,23.30679296,82.3854,14.528,43.37880072,23.30679296,82.3854,14.528,39.00659928,83.11148700000001,39.98227098633896,40.7544,40.7544,1,backward,2,2,True,balon_parado_con_continuidad,setpiece_con_continuidad_bepro,cierre_recuperacion_propia,3.0,1.0,0.75,True,,Crítica,Alta amenaza
212200,46,435,bepro_sequences,T1,1.0,1,59.0,3524.745,3537.024,3535290.0,cierre_recuperacion_propia,12.279,0.587,0.329,0.369,0.079,0.028,0.079,0.96,0.3140057700737509,0.6859942299262489,0.6865585359345087,0.3134414640654913,0.3134414640654913,0.3515807737358042,0.5522703399881638,alta,media,pitch_control_rival,estructura_retroceso,0,0,False,,0.1,,,,15.615037322236098,58.09714962957908,50.3472,49.4592,15.615037322236098,58.09714962957908,51.6528,14.540799999999996,86.3849626777639,5.902850370420921,34.732162677763895,97.64162568,35.79018438172401,33.4671,45.5527,1,sideways,2,2,False,juego_directo,primer_pase_largo_progresivo,cierre_recuperacion_propia,4.0,7.0,0.3636363636363636,False,Revisar: el poseedor detectado no confirma dominio rival en la secuencia.,Inestable,Alta amenaza
212200,62,587,bepro_sequences,T1,1.0,1,87.4,5242.324,5246.624,5243502.0,cierre_recuperacion_propia,4.3,0.556,0.355,0.368,0.069,0.032,0.069,0.948,0.1786776310131136,0.8213223689868862,0.4398773705592272,0.5601226294407727,0.5601226294407727,0.0117188997701729,0.0503955935821935,media,media,pitch_control_rival,estructura_anchura,0,0,False,,0.1,,,,11.4319356,54.1367808,23.520104291853063,60.74629142734749,11.4319356,54.1367808,78.47989570814694,3.2537085726525063,90.5680644,9.863219199999996,12.088168691853056,90.5680644,13.77713515415001,10.7429,10.7429,2,backward,2,2,True,balon_parado_con_continuidad,setpiece_con_continuidad_bepro,cierre_recuperacion_propia,2.0,3.0,0.4,False,Revisar: el poseedor detectado no confirma dominio rival en la secuencia.,Inestable,Alta amenaza
212200,28,253,bepro_sequences,T1,1.0,0,32.4,1940.898,1946.913,1946913.0,cierre_bepro,6.015,0.61,0.269,0.352,0.088,0.051,0.088,1.176,0.287668370611886,0.7123316293881138,0.6518148037623774,0.3481851962376227,0.3481851962376227,0.1431853322701879,0.1180510676232696,alta,media,pitch_control_rival,estructura_retroceso,0,0,False,,0.05,,,,88.05659999999999,14.3488,55.60221858,21.506004480000005,88.05659999999999,14.3488,55.60221858,21.506004480000005,88.05659999999999,14.3488,32.45438141999999,88.05659999999999,33.234206013133104,12.1583,35.3034,1,sideways,3,3,False,transicion_rapida,origen_recuperacion_rival,cierre_bepro,3.0,0.0,1.0,True,,Crítica,Alta amenaza
212200,56,526,bepro_sequences,T0,0.0,1,76.9,4602.79,4615.89,4615890.0,cierre_bepro,13.1,0.635,0.203,0.325,0.059,0.051,0.059,0.511,0.508778635387871,0.4912213646121287,0.8970173710040867,0.1029826289959132,0.1029826289959132,0.3411660056375233,0.3676854741566135,alta,baja,presion_distancia,estructura_retroceso,0,0,False,,0.1,,,,23.6334,12.3456,94.86235262429295,26.229838296262727,23.6334,12.3456,7.137647375707047,37.77016170373727,78.3666,51.6544,71.22895262429296,78.3666,72.56952366538711,59.6133,79.6014,3,sideways,5,5,True,balon_parado_con_continuidad,setpiece_con_continuidad_bepro,cierre_bepro,3.0,0.0,1.0,True,,Crítica,Amenaza moderada
212200,53,487,bepro_sequences,T2,2.0,1,68.6,4103.837,4118.324,4114824.0,cierre_recuperacion_propia,14.487,0.536,0.213,0.296,0.063,0.017,0.063,0.711,0.4759367789127873,0.5240632210872127,0.901561071709934,0.0984389282900657,0.0984389282900657,0.0339124414498548,0.1757240199236703,media,baja,estructura_anchura,presion_distancia,0,0,False,,0.1,,,,22.5216,12.0384,50.320717740000006,32.222398080000005,22.5216,12.0384,51.67928226,31.777601919999995,79.4784,51.9616,27.79911774,79.4784,34.35381675470467,74.7539,24.0579,4,backward,7,7,False,ataque_elaborado,posesion_bepro_elaborada,cierre_recuperacion_propia,8.0,1.0,0.8888888888888888,True,,Inestable,Amenaza moderada
212200,47,442,bepro_sequences,T1,1.0,1,59.6,3568.224,3574.09,3574090.0,cierre_bepro,5.866,0.518,0.23,0.292,0.036,0.009,0.036,0.643,0.2629560634361345,0.7370439365638655,0.6569219444199861,0.3430780555800138,0.3430780555800138,0.0330533057294724,0.061897889551449,media,media,pitch_control_rival,estructura_anchura,0,0,False,,0.1,,,,27.1728,59.424,37.6992,63.5008,27.1728,59.424,64.30080000000001,0.4992000000000018,74.8272,4.5760000000000005,10.526399999999995,74.8272,11.288285751167,29.1926,12.3353,4,backward,6,6,True,balon_parado_con_continuidad,setpiece_con_continuidad_bepro,cierre_bepro,1.0,2.0,0.3333333333333333,False,Revisar: el poseedor detectado no confirma dominio rival en la secuencia.,Inestable,Amenaza moderada
212200,14,125,bepro_sequences,T1,1.0,0,13.3,793.457,800.78,800780.0,cierre_bepro,7.323,0.496,0.201,0.279,0.075,0.055,0.075,0.917,0.3063443126244426,0.6936556873755574,0.7532310685384519,0.2467689314615482,0.2467689314615482,0.0767339710607603,0.1835176162022304,baja,baja,pitch_control_rival,estructura_retroceso,0,0,False,,0.05,,,,78.7255278,18.628249600000004,55.5186,0.1664,78.7255278,18.628249600000004,55.5186,0.1664,78.7255278,18.628249600000004,23.206927799999995,80.18220000000001,29.65470263832421,16.8692,31.7751,1,forward,2,2,True,balon_parado_con_continuidad,setpiece_con_continuidad_bepro,cierre_bepro,2.0,14.0,0.125,False,Revisar: el poseedor detectado no confirma dominio rival en la secuencia.,Inestable,Amenaza moderada
212200,16,135,bepro_sequences,T3,3.0,0,15.0,888.564,899.48,899480.0,cierre_bepro,10.916,0.486,0.219,0.276,0.039,-0.023,0.039,0.508,0.3223771147386419,0.677622885261358,0.7100378293565428,0.2899621706434571,0.2899621706434571,-0.2860588117230452,-0.3259636363619168,baja,baja,presion_distancia,pitch_control_rival,0,0,False,,0.1,,,,20.9682828,21.4659136,73.8378,1.2608,20.9682828,21.4659136,73.8378,1.2608,20.9682828,21.4659136,-52.8695172,75.93900000000001,56.59887335053589,57.9796,58.1742,4,forward,7,7,True,balon_parado_con_continuidad,setpiece_con_continuidad_bepro,cierre_bepro,2.0,4.0,0.3333333333333333,False,Revisar: el poseedor detectado no confirma dominio rival en la secuencia.,Inestable,Amenaza moderada
212200,26,245,bepro_sequences,T2,2.0,0,31.6,1890.513,1896.013,1894003.0,cierre_recuperacion_propia,5.5,0.503,0.172,0.262,0.042,0.007,0.042,0.595,0.2564558039054939,0.7435441960945062,0.5922817695784721,0.4077182304215279,0.4077182304215279,-0.0539379501393284,-0.0827211553587233,media,baja,pitch_control_rival,estructura_anchura,0,0,False,,0.05,,,,70.6146,54.7584,65.11359052859825,55.62753119115264,70.6146,54.7584,65.11359052859825,55.62753119115264,70.6146,54.7584,5.501009471401744,73.1952,5.5692453916025375,29.2084,14.1417,3,sideways,5,5,True,balon_parado_con_continuidad,setpiece_con_continuidad_bepro,cierre_recuperacion_propia,6.0,0.0,1.0,True,,Inestable,Amenaza moderada
212200,58,543,bepro_sequences,T0,0.0,1,81.7,4892.133,4900.999,4897671.0,cierre_recuperacion_propia,8.866,0.365,0.225,0.241,0.059,0.012,0.059,0.426,0.5247575122835074,0.4752424877164926,0.841106423272706,0.1588935767272939,0.1588935767272939,-0.0062792040078372,0.0569543397246474,baja,media,estructura_anchura,presion_distancia,0,0,False,,0.1,,,,41.9628,43.3792,55.2613917,28.212545920000004,41.9628,43.3792,46.7386083,35.78745408,60.0372,20.620800000000003,13.298591699999996,65.6268,20.17126513597224,30.0543,32.1185,2,forward,4,4,False,transicion_rapida,origen_recuperacion_rival,cierre_recuperacion_propia,6.0,3.0,0.6666666666666666,True,,Vulnerable,Amenaza moderada
212200,20,176,bepro_sequences,T2,2.0,0,22.5,1344.057,1351.446,1349962.0,cierre_recuperacion_propia,7.389,0.426,0.163,0.238,0.076,0.038,0.076,0.676,0.4865677756154869,0.513432224384513,0.862806247079711,0.137193752920289,0.137193752920289,0.2678333851563926,0.2763733927860633,baja,baja,estructura_anchura,presion_distancia,0,0,False,,0.05,,,,69.85979999999999,20.608,50.19789138,51.49927616000001,69.85979999999999,20.608,50.19789138,51.49927616000001,69.85979999999999,20.608,19.66190861999999,70.6146,36.61777701301125,44.0262,36.7387,2,backward,5,5,False,transicion_rapida,origen_recuperacion_rival,cierre_recuperacion_propia,2.0,2.0,0.5,True,,Vulnerable,Amenaza moderada
212200,51,472,bepro_sequences,T0,0.0,1,65.1,3900.01,3904.286,3904286.0,cierre_bepro,4.276,0.521,0.065,0.216,0.022,0.01,0.022,0.329,0.3698895917327919,0.6301104082672081,0.7773595777513952,0.2226404222486047,0.2226404222486047,-0.094317386012068,-0.0898635111467046,media,baja,presion_distancia,pitch_control_rival,0,0,False,,0.05,,,,58.59091140000001,40.477177600000005,73.134,12.416,58.59091140000001,40.477177600000005,28.866,51.584,43.40908859999999,23.522822399999995,14.54308859999999,43.40908859999999,31.605871516637404,30.7411,36.5943,2,forward,3,3,True,balon_parado_con_continuidad,setpiece_con_continuidad_bepro,cierre_bepro,4.0,3.0,0.5714285714285714,True,,Inestable,Baja amenaza
212200,29,259,bepro_sequences,T3,3.0,0,32.9,1960.95,1976.134,1976134.0,cierre_bepro,15.184,0.407,0.122,0.204,0.033,0.013,0.033,0.301,0.5371127061880228,0.4628872938119771,0.945087600442686,0.0549123995573141,0.0549123995573141,-0.1364934067980237,-0.1372666539747773,baja,baja,presion_distancia,estructura_anchura,0,0,False,,0.1,,,,49.8883836,45.3383872,26.590714262261063,34.00958925146909,49.8883836,45.3383872,26.590714262261063,34.00958925146909,49.8883836,45.3383872,23.29766933773893,49.8883836,25.90604291529795,93.0077,26.8828,4,forward,8,8,False,ataque_elaborado,recuperacion_con_posesion_elaborada,cierre_bepro,12.0,6.0,0.6666666666666666,True,,Vulnerable,Baja amenaza
212200,27,249,bepro_sequences,T0,0.0,0,31.7,1898.184,1904.946,1904946.0,cierre_bepro,6.762,0.35,0.16,0.199,0.022,-0.015,0.022,0.24,0.4648391802942613,0.5351608197057388,0.7771765524342777,0.2228234475657223,0.2228234475657223,-0.0536091854264391,-0.1031889760193939,baja,baja,presion_distancia,estructura_anchura,0,0,False,,0.1,,,,18.972,13.504,52.1873412,54.0701824,18.972,13.504,52.1873412,54.0701824,18.972,13.504,-33.2153412,52.1873412,52.42970575487228,48.6333,55.523,2,backward,3,3,False,ataque_elaborado,recuperacion_con_posesion_elaborada,cierre_bepro,3.0,0.0,1.0,True,,Vulnerable,Amenaza moderada
212200,10,107,bepro_sequences,T3,3.0,0,9.9,583.343,593.861,593861.0,cierre_bepro,10.518,0.316,0.167,0.193,0.036,-0.029,0.036,0.366,0.4586755636231984,0.5413244363768015,0.8372591033492058,0.1627408966507942,0.1627408966507942,-0.2351167222806883,-0.1420491750739348,baja,baja,presion_distancia,pitch_control_rival,0,0,False,,0.1,,,,13.4490876,27.7692416,58.2254964,16.6575424,13.4490876,27.7692416,58.2254964,16.6575424,13.4490876,27.7692416,-44.7764088,58.2254964,46.13454935442632,53.242,47.5786,4,sideways,8,8,False,ataque_elaborado,recuperacion_con_posesion_elaborada,cierre_bepro,3.0,5.0,0.375,False,Revisar: el poseedor detectado no confirma dominio rival en la secuencia.,Estable,Amenaza moderada
212200,17,149,bepro_sequences,T0,0.0,0,17.4,1034.287,1042.146,1038799.0,cierre_recuperacion_propia,7.859,0.36,0.12,0.193,0.066,0.044,0.066,0.53,0.7079901458812039,0.292009854118796,0.9158704896889092,0.0841295103110909,0.0841295103110909,0.250860863079991,0.2790484485523783,baja,baja,estructura_retroceso,estructura_anchura,0,0,False,,0.05,,,,65.86372968,45.17987712,16.50475404507094,30.246014916690385,65.86372968,45.17987712,16.50475404507094,30.246014916690385,65.86372968,45.17987712,49.35897563492907,69.39231360000001,51.56867960338873,20.0254,28.1719,3,sideways,5,5,False,transicion_rapida,origen_recuperacion_rival,cierre_recuperacion_propia,7.0,2.0,0.7777777777777778,True,,Vulnerable,Baja amenaza
212200,13,119,bepro_sequences,T2,2.0,0,12.0,717.08,719.313,719313.0,cierre_bepro,2.233,0.42,0.079,0.193,0.05,0.034,0.05,0.648,0.5694065847975784,0.4305934152024214,0.916625256267362,0.0833747437326378,0.0833747437326378,0.0080542343060725,0.0019199201727658,baja,baja,estructura_anchura,presion_distancia,0,0,False,,0.05,,,,62.8533588,42.0412224,38.5995897,50.62540224,62.8533588,42.0412224,38.5995897,50.62540224,62.8533588,42.0412224,24.2537691,63.7019988,25.728067534923355,28.0288,28.0288,2,sideways,2,2,False,transicion_rapida,origen_recuperacion_rival,cierre_bepro,1.0,0.0,1.0,True,,Vulnerable,Baja amenaza
212200,49,464,bepro_sequences,T0,0.0,1,64.4,3858.824,3865.288,3862604.0,cierre_recuperacion_propia,6.464,0.463,0.042,0.189,0.04,0.019,0.04,0.265,0.6482461343792497,0.3517538656207503,0.94668063092628,0.0533193690737202,0.0533193690737202,0.0730965803234919,0.0224193334733536,baja,baja,estructura_anchura,presion_distancia,0,0,False,,0.05,,,,53.1032511489906,17.626553138405107,95.8596,36.1792,53.1032511489906,17.626553138405107,6.1404,27.8208,48.8967488510094,46.37344686159489,42.7563488510094,60.8908788,46.60800438379936,22.1645,28.2722,2,backward,3,3,True,balon_parado_con_continuidad,setpiece_con_continuidad_bepro,cierre_recuperacion_propia,2.0,1.0,0.6666666666666666,True,,Vulnerable,Baja amenaza
212200,45,432,bepro_sequences,T3,3.0,1,58.7,3514.219,3522.757,3521065.0,cierre_recuperacion_propia,8.538,0.339,0.113,0.176,0.032,0.013,0.032,0.311,0.5833313591131699,0.41666864088683,0.9582414957374332,0.0417585042625668,0.0417585042625668,0.2380841702800837,0.116891532775048,baja,baja,estructura_anchura,presion_distancia,0,0,False,,0.1,,,,47.96477576908115,51.641862156603295,70.30411833882359,48.212454304267695,47.96477576908115,51.641862156603295,31.69588166117641,15.787545695732303,54.03522423091885,12.358137843396705,22.339342569742435,58.5072,22.601041229686025,64.4718,16.1543,3,sideways,5,5,False,transicion_rapida,origen_recuperacion_rival,cierre_recuperacion_propia,7.0,0.0,1.0,True,,Estable,Baja amenaza
212200,22,218,bepro_sequences,T3,3.0,0,28.5,1701.653,1710.109,1710109.0,cierre_bepro,8.456,0.294,0.132,0.166,0.018,-0.011,0.018,0.279,0.4832449099712768,0.516755090028723,0.8575188609267025,0.1424811390732975,0.1424811390732975,-0.2551721575360994,-0.1730948998047141,baja,baja,presion_distancia,estructura_anchura,0,0,False,,0.1,,,,17.546131799999998,37.9057088,53.4378,0.544,17.546131799999998,37.9057088,53.4378,0.544,17.546131799999998,37.9057088,-35.891668200000005,53.4378,51.80838861260683,79.2908,55.2937,4,forward,5,5,True,balon_parado_con_continuidad,setpiece_con_continuidad_bepro,cierre_bepro,5.0,2.0,0.7142857142857143,True,,Estable,Baja amenaza
212200,44,427,bepro_sequences,T1,1.0,1,56.7,3398.395,3404.79,3402057.0,cierre_recuperacion_propia,6.395,0.19,0.191,0.165,0.063,0.03,0.063,1.025,0.6213795494329751,0.3786204505670248,0.9621938420898428,0.0378061579101571,0.0378061579101571,-0.0758818065919394,-0.058369315033877,baja,baja,estructura_anchura,estructura_retroceso,0,0,False,,0.1,,,,43.554,33.1008,58.10543729999999,31.439569920000004,43.554,33.1008,43.89456270000001,32.56043008,58.446,30.8992,14.55143729999999,63.2706,14.64595551251361,20.0645,21.8742,1,sideways,2,2,False,transicion_rapida,origen_recuperacion_rival,cierre_recuperacion_propia,2.0,5.0,0.2857142857142857,False,Revisar: el poseedor detectado no confirma dominio rival en la secuencia.,Estable,Amenaza moderada
212200,41,417,bepro_sequences,T0,0.0,1,55.3,3309.975,3317.924,3317924.0,cierre_bepro,7.949,0.298,0.12,0.165,0.035,0.028,0.035,0.329,0.7258288183239501,0.2741711816760499,0.9955310958776934,0.0044689041223063,0.0044689041223063,0.1448811777372675,0.0088222501193024,baja,baja,estructura_anchura,estructura_retroceso,0,0,False,,0.1,,,,49.62418319999999,25.2084416,84.5210148,4.84603904,49.62418319999999,25.2084416,17.478985199999997,59.15396096,52.37581680000001,38.7915584,34.89683160000001,52.37581680000001,40.40317182764559,29.4908,42.8154,2,forward,4,4,False,transicion_rapida,origen_recuperacion_rival,cierre_bepro,1.0,10.0,0.0909090909090909,False,Revisar: el poseedor detectado no confirma dominio rival en la secuencia.,Estable,Baja amenaza
212200,25,243,bepro_sequences,T3,3.0,0,31.3,1865.513,1877.146,1877146.0,cierre_bepro,11.633,0.33,0.081,0.16,0.041,0.005,0.041,0.508,0.4082880837261995,0.5917119162738005,0.8437246603305901,0.1562753396694096,0.1562753396694096,0.1066055200205315,0.2199931507303074,baja,baja,pitch_control_rival,estructura_anchura,0,0,False,,0.05,,,,58.88477054399999,48.360003456,53.4786,17.7152,58.88477054399999,48.360003456,53.4786,17.7152,58.88477054399999,48.360003456,5.406170543999991,58.88477054399999,31.118011806792577,63.1045,33.281,4,forward,7,7,False,ataque_elaborado,recuperacion_con_posesion_elaborada,cierre_bepro,2.0,6.0,0.25,False,Revisar: el poseedor detectado no confirma dominio rival en la secuencia.,Estable,Baja amenaza
212200,21,205,bepro_sequences,T3,3.0,0,26.7,1595.185,1603.741,1603741.0,cierre_bepro,8.556,0.406,0.024,0.158,0.025,0.019,0.025,0.293,0.5853275901300324,0.4146724098699675,0.8942010346752138,0.1057989653247861,0.1057989653247861,0.384780981952769,0.2583487098875827,baja,baja,estructura_retroceso,presion_distancia,0,0,False,,0.05,,,,62.4444,4.5056,9.53496714,11.9750464,62.4444,4.5056,9.53496714,11.9750464,62.4444,4.5056,52.90943286,62.4444,53.4340782187671,27.6523,56.4202,2,sideways,4,4,False,transicion_rapida,origen_recuperacion_rival,cierre_bepro,2.0,2.0,0.5,True,,Vulnerable,Baja amenaza
212200,57,541,bepro_sequences,T0,0.0,1,81.4,4880.057,4886.722,4886722.0,cierre_bepro,6.665,0.387,0.027,0.154,0.033,-0.023,0.033,0.45,0.4791462768857292,0.5208537231142708,0.944495422771935,0.0555045772280648,0.0555045772280648,-0.0230128696341961,0.1316429306427342,baja,baja,presion_distancia,estructura_anchura,0,0,False,,0.05,,,,73.41501000000001,40.6179648,53.72487165068905,33.742064326106004,73.41501000000001,40.6179648,48.27512834931095,30.257935673894,28.58498999999999,23.3820352,-19.69013834931096,48.27512834931095,20.85616349048649,40.684,25.9441,4,sideways,6,6,False,ataque_elaborado,posesion_bepro_elaborada,cierre_bepro,8.0,0.0,1.0,True,,Vulnerable,Baja amenaza
212200,8,69,bepro_sequences,T3,3.0,0,7.3,434.707,439.08,435626.0,cierre_recuperacion_propia,4.373,0.361,0.031,0.147,0.034,0.012,0.034,0.488,0.4100855559788364,0.5899144440211634,0.9351142334858124,0.0648857665141874,0.0648857665141874,0.0083581089316003,0.0229525493633749,baja,baja,pitch_control_rival,estructura_retroceso,0,0,False,,0.05,,,,62.4444,7.7504,45.39,0.3456,62.4444,7.7504,45.39,0.3456,62.4444,7.7504,17.054399999999994,68.93159999999999,18.59256901022556,4.2093,4.2093,2,forward,2,2,True,balon_parado_con_continuidad,setpiece_con_continuidad_bepro,cierre_recuperacion_propia,,,,False,Revisar: el poseedor detectado no confirma dominio rival en la secuencia.,Vulnerable,Baja amenaza
212200,36,332,bepro_sequences,T0,0.0,0,43.3,2588.463,2599.713,2597909.0,cierre_recuperacion_propia,11.25,0.242,0.117,0.143,0.028,0.003,0.028,0.438,0.5301007229033105,0.4698992770966895,0.9216423870020508,0.0783576129979491,0.0783576129979491,0.130548101003059,0.0341389958903499,baja,baja,estructura_anchura,pitch_control_rival,0,0,False,,0.1,,,,50.98277294950344,44.4535042220119,43.3050078,36.3741632,50.98277294950344,44.4535042220119,43.3050078,36.3741632,50.98277294950344,44.4535042220119,7.677765149503443,52.70197230947569,11.14557441502653,30.1325,7.3146,2,forward,5,5,False,ataque_elaborado,recuperacion_con_posesion_elaborada,cierre_recuperacion_propia,7.0,6.0,0.5384615384615384,True,,Estable,Baja amenaza
212200,34,301,bepro_sequences,T3,3.0,0,39.9,2372.569,2393.413,2390068.0,cierre_recuperacion_propia,20.844,0.313,0.057,0.143,0.04,-0.018,0.04,0.45,0.4509334223872264,0.5490665776127736,0.905698516718517,0.0943014832814832,0.0943014832814832,0.0106667395660001,-0.0335220809699444,baja,baja,estructura_anchura,pitch_control_rival,0,0,False,,0.05,,,,56.0184,1.3248,54.7332,21.9776,56.0184,1.3248,54.7332,21.9776,56.0184,1.3248,1.2852000000000032,59.802600000000005,20.692749621062926,109.2389,13.4393,5,backward,10,10,False,ataque_elaborado,recuperacion_con_posesion_elaborada,cierre_recuperacion_propia,2.0,5.0,0.2857142857142857,False,Revisar: el poseedor detectado no confirma dominio rival en la secuencia.,Estable,Baja amenaza
212200,54,497,bepro_sequences,T0,0.0,1,69.6,4166.786,4176.024,4174024.0,cierre_recuperacion_propia,9.238,0.392,0.0,0.142,0.022,0.011,0.022,0.231,0.6416450501432311,0.3583549498567689,0.9613951947485704,0.0386048052514293,0.0386048052514293,0.0134700808538084,-0.0247110580647755,baja,baja,estructura_anchura,estructura_retroceso,0,0,False,,0.05,,,,59.7618,11.6352,95.7678,30.208,59.7618,11.6352,6.232200000000006,33.792,42.2382,52.3648,36.00599999999999,45.9615672,40.51395976499951,59.2845,41.8233,2,sideways,4,4,True,balon_parado_con_continuidad,setpiece_con_continuidad_bepro,cierre_recuperacion_propia,5.0,1.0,0.8333333333333334,True,,Vulnerable,Baja amenaza
212200,42,420,bepro_sequences,T0,0.0,1,55.8,3341.982,3350.457,3347401.0,cierre_recuperacion_propia,8.475,0.321,0.031,0.134,0.037,0.021,0.037,0.243,0.6402740478076673,0.3597259521923328,0.9730574839511148,0.0269425160488852,0.0269425160488852,0.0503431639920305,0.1020224752535757,baja,baja,estructura_anchura,presion_distancia,0,0,False,,0.05,,,,51.1734,28.3072,71.2368,12.4352,51.1734,28.3072,30.7632,51.5648,50.8266,35.6928,20.0634,53.193000000000005,25.58242372333005,28.9378,31.8407,2,forward,4,4,False,transicion_rapida,origen_recuperacion_rival,cierre_recuperacion_propia,3.0,0.0,1.0,True,,Estable,Baja amenaza
212200,7,66,bepro_sequences,T3,3.0,0,7.1,419.68,424.213,424213.0,cierre_bepro,4.533,0.364,0.002,0.134,0.025,0.009,0.025,0.431,0.4146414970185607,0.5853585029814394,0.9553430198948036,0.0446569801051964,0.0446569801051964,0.0549813108029672,0.0366674812109736,baja,baja,pitch_control_rival,estructura_retroceso,0,0,False,,0.05,,,,61.098,2.3616,41.871,0.2176,61.098,2.3616,41.871,0.2176,61.098,2.3616,19.227000000000004,63.5868,19.34616925905488,22.0922,20.2244,2,sideways,3,3,True,balon_parado_con_continuidad,setpiece_con_continuidad_bepro,cierre_bepro,0.0,8.0,0.0,False,Revisar: el poseedor detectado no confirma dominio rival en la secuencia.,Vulnerable,Baja amenaza
212200,19,168,bepro_sequences,T0,0.0,0,21.7,1292.213,1300.28,1300280.0,cierre_bepro,8.067,0.24,0.098,0.132,0.02,0.005,0.02,0.234,0.536699351941629,0.463300648058371,0.953404504192228,0.0465954958077721,0.0465954958077721,-0.151856194852869,-0.0039539931600021,baja,baja,presion_distancia,estructura_anchura,0,0,False,,0.1,,,,35.8058862,34.842976,36.6792,63.584,35.8058862,34.842976,36.6792,63.584,35.8058862,34.842976,-0.8733137999999983,47.41531329585831,28.75428902897525,87.6525,30.9954,5,backward,7,7,True,balon_parado_con_continuidad,setpiece_con_continuidad_bepro,cierre_bepro,6.0,0.0,1.0,True,,Estable,Baja amenaza
212200,11,111,bepro_sequences,T0,0.0,0,10.7,629.251,640.358,640358.0,cierre_bepro,11.107,0.215,0.095,0.12,0.007,0.002,0.007,0.124,0.6696201038764464,0.3303798961235537,0.9707411497551528,0.0292588502448476,0.0292588502448476,0.1866309444042627,0.036930680433582,baja,baja,presion_distancia,estructura_anchura,0,0,False,,0.1,,,,17.4331362,53.6365888,4.34357514,25.6347648,17.4331362,53.6365888,4.34357514,25.6347648,17.4331362,53.6365888,13.08956106,17.4331362,30.910172372059723,25.3353,32.6635,3,forward,6,6,False,ataque_elaborado,recuperacion_con_posesion_elaborada,cierre_bepro,11.0,1.0,0.9166666666666666,True,,Estable,Baja amenaza
212200,59,569,bepro_sequences,T0,0.0,1,84.9,5086.763,5094.019,5094019.0,cierre_bepro,7.256,0.228,0.025,0.097,0.028,-0.021,0.028,0.276,0.5523695421028914,0.4476304578971087,0.911314873658956,0.0886851263410439,0.0886851263410439,-0.0564383915668177,0.0651865503775305,baja,baja,estructura_anchura,presion_distancia,0,0,False,,0.05,,,,91.2549018,36.8687296,50.286,17.5744,91.2549018,36.8687296,51.714,46.4256,10.7450982,27.131270400000005,-40.9689018,51.714,45.28489891135321,31.2869,46.8965,2,forward,4,4,False,transicion_rapida,origen_recuperacion_rival,cierre_bepro,5.0,8.0,0.3846153846153846,False,Revisar: el poseedor detectado no confirma dominio rival en la secuencia.,Estable,Baja amenaza
212200,18,166,bepro_sequences,T0,0.0,0,21.3,1268.977,1275.913,1275913.0,cierre_bepro,6.936,0.11,0.095,0.084,0.013,0.003,0.013,0.195,0.6933771480686629,0.3066228519313371,0.9990267864185732,0.0009732135814267,0.0009732135814267,0.2778744151571983,0.0028274208283991,baja,baja,estructura_retroceso,presion_distancia,0,0,False,,0.1,,,,39.7086,62.0672,22.3956096,32.9029504,39.7086,62.0672,22.3956096,32.9029504,39.7086,62.0672,17.312990399999997,39.7086,33.91597103610027,11.759,36.4172,1,forward,2,2,False,transicion_rapida,origen_recuperacion_rival,cierre_bepro,3.0,2.0,0.6,True,,Estable,Baja amenaza
212200,50,468,bepro_sequences,T2,2.0,1,64.6,3867.254,3873.69,3871357.0,cierre_recuperacion_propia,6.436,0.2,0.0,0.074,0.021,-0.007,0.021,0.347,0.5217486863691116,0.4782513136308883,0.9738604750202112,0.026139524979789,0.026139524979789,0.0444770858011535,-0.0468270115433175,baja,baja,estructura_anchura,pitch_control_rival,0,0,False,,0.05,,,,63.199200000000005,7.4688,53.81416980000001,12.7300864,63.199200000000005,7.4688,48.18583019999999,51.2699136,38.8008,56.5312,-9.385030199999996,48.7152,10.759178706469044,15.6904,11.4796,3,backward,5,5,False,ataque_elaborado,recuperacion_con_posesion_elaborada,cierre_recuperacion_propia,2.0,10.0,0.1666666666666666,False,Revisar: el poseedor detectado no confirma dominio rival en la secuencia.,Estable,Baja amenaza
